$MeshFormat
4.1 0 8
$EndMeshFormat
$PhysicalNames
4
2 1 "wall"
2 2 "inlet"
2 3 "outlet"
3 4 "fluid"
$EndPhysicalNames
$Entities
2 3 3 1
1 1 1.224646799147353e-17 0.05 0 
2 0 1.224646799147353e-17 0.05 0 
1 0.9999999000000001 -0.05000010000000001 -0.05000010000000001 1.0000001 0.05000010000000001 0.05000010000000001 0 2 1 -1 
2 -9.999999994736442e-08 -9.999999998775353e-08 0.0499999 1.0000001 1.000000000122465e-07 0.05000010000000001 0 2 2 -1 
3 -1e-07 -0.05000010000000001 -0.05000010000000001 1e-07 0.05000010000000001 0.05000010000000001 0 2 2 -2 
1 -9.999999994736442e-08 -0.05000010000000001 -0.05000010000000001 1.0000001 0.05000010000000001 0.05000010000000001 1 1 4 -1 -2 3 2 
2 0.9999999000000001 -0.05000010000000001 -0.05000010000000001 1.0000001 0.05000010000000001 0.05000010000000001 1 3 1 1 
3 -1e-07 -0.05000010000000001 -0.05000010000000001 1e-07 0.05000010000000001 0.05000010000000001 1 2 1 3 
1 -9.999999994736442e-08 -0.05000010000000001 -0.05000010000000001 1.0000001 0.05000010000000001 0.05000010000000001 1 4 3 1 2 -3 
$EndEntities
$Nodes
9 1349 1 1349
0 1 0 1
1
1 1.224646799147353e-17 0.05
0 2 0 1
2
0 1.224646799147353e-17 0.05
1 1 0 15
3
4
5
6
7
8
9
10
11
12
13
14
15
16
17
1 -0.01913417161825444 0.04619397662556436
1 -0.03535533905932731 0.03535533905932744
1 -0.04619397662556429 0.01913417161825462
1 -0.05 1.695950706916419e-16
1 -0.04619397662556443 -0.01913417161825426
1 -0.03535533905932758 -0.03535533905932717
1 -0.01913417161825478 -0.04619397662556422
1 -3.613946018757869e-16 -0.05
1 0.01913417161825411 -0.04619397662556449
1 0.03535533905932715 -0.0353553390593276
1 0.04619397662556424 -0.01913417161825472
1 0.05 -2.312294559186365e-16
1 0.04619397662556442 0.0191341716182543
1 0.03535533905932745 0.03535533905932731
1 0.01913417161825452 0.04619397662556433
1 2 0 49
18
19
20
21
22
23
24
25
26
27
28
29
30
31
32
33
34
35
36
37
38
39
40
41
42
43
44
45
46
47
48
49
50
51
52
53
54
55
56
57
58
59
60
61
62
63
64
65
66
0.02 1.224646799147353e-17 0.05
0.04 1.224646799147353e-17 0.05
0.06 1.224646799147353e-17 0.05
0.08 1.224646799147353e-17 0.05
0.1 1.224646799147353e-17 0.05
0.12 1.224646799147353e-17 0.05
0.14 1.224646799147353e-17 0.05
0.16 1.224646799147353e-17 0.05
0.18 1.224646799147353e-17 0.05
0.2 1.224646799147353e-17 0.05
0.22 1.224646799147353e-17 0.05
0.24 1.224646799147353e-17 0.05
0.26 1.224646799147353e-17 0.05
0.28 1.224646799147353e-17 0.05
0.3 1.224646799147353e-17 0.05
0.32 1.224646799147353e-17 0.05
0.34 1.224646799147353e-17 0.05
0.36 1.224646799147353e-17 0.05
0.38 1.224646799147353e-17 0.05
0.4 1.224646799147353e-17 0.05
0.42 1.224646799147353e-17 0.05
0.44 1.224646799147353e-17 0.05
0.46 1.224646799147353e-17 0.05
0.48 1.224646799147353e-17 0.05
0.5 1.224646799147353e-17 0.05
0.52 1.224646799147353e-17 0.05
0.54 1.224646799147353e-17 0.05
0.5600000000000001 1.224646799147353e-17 0.05
0.58 1.224646799147353e-17 0.05
0.6 1.224646799147353e-17 0.05
0.62 1.224646799147353e-17 0.05
0.64 1.224646799147353e-17 0.05
0.66 1.224646799147353e-17 0.05
0.68 1.224646799147353e-17 0.05
0.7 1.224646799147353e-17 0.05
0.72 1.224646799147353e-17 0.05
0.74 1.224646799147353e-17 0.05
0.76 1.224646799147353e-17 0.05
0.78 1.224646799147353e-17 0.05
0.8 1.224646799147353e-17 0.05
0.82 1.224646799147353e-17 0.05
0.84 1.224646799147353e-17 0.05
0.86 1.224646799147353e-17 0.05
0.88 1.224646799147353e-17 0.05
0.9 1.224646799147353e-17 0.05
0.92 1.224646799147353e-17 0.05
0.9399999999999999 1.224646799147353e-17 0.05
0.96 1.224646799147353e-17 0.05
0.98 1.224646799147353e-17 0.05
1 3 0 15
67
68
69
70
71
72
73
74
75
76
77
78
79
80
81
0 -0.01913417161825444 0.04619397662556436
0 -0.03535533905932731 0.03535533905932744
0 -0.04619397662556429 0.01913417161825462
0 -0.05 1.695950706916419e-16
0 -0.04619397662556443 -0.01913417161825426
0 -0.03535533905932758 -0.03535533905932717
0 -0.01913417161825478 -0.04619397662556422
0 -3.613946018757869e-16 -0.05
0 0.01913417161825411 -0.04619397662556449
0 0.03535533905932715 -0.0353553390593276
0 0.04619397662556424 -0.01913417161825472
0 0.05 -2.312294559186365e-16
0 0.04619397662556442 0.0191341716182543
0 0.03535533905932745 0.03535533905932731
0 0.01913417161825452 0.04619397662556433
2 1 0 857
82
83
84
85
86
87
88
89
90
91
92
93
94
95
96
97
98
99
100
101
102
103
104
105
106
107
108
109
110
111
112
113
114
115
116
117
118
119
120
121
122
123
124
125
126
127
128
129
130
131
132
133
134
135
136
137
138
139
140
141
142
143
144
145
146
147
148
149
150
151
152
153
154
155
156
157
158
159
160
161
162
163
164
165
166
167
168
169
170
171
172
173
174
175
176
177
178
179
180
181
182
183
184
185
186
187
188
189
190
191
192
193
194
195
196
197
198
199
200
201
202
203
204
205
206
207
208
209
210
211
212
213
214
215
216
217
218
219
220
221
222
223
224
225
226
227
228
229
230
231
232
233
234
235
236
237
238
239
240
241
242
243
244
245
246
247
248
249
250
251
252
253
254
255
256
257
258
259
260
261
262
263
264
265
266
267
268
269
270
271
272
273
274
275
276
277
278
279
280
281
282
283
284
285
286
287
288
289
290
291
292
293
294
295
296
297
298
299
300
301
302
303
304
305
306
307
308
309
310
311
312
313
314
315
316
317
318
319
320
321
322
323
324
325
326
327
328
329
330
331
332
333
334
335
336
337
338
339
340
341
342
343
344
345
346
347
348
349
350
351
352
353
354
355
356
357
358
359
360
361
362
363
364
365
366
367
368
369
370
371
372
373
374
375
376
377
378
379
380
381
382
383
384
385
386
387
388
389
390
391
392
393
394
395
396
397
398
399
400
401
402
403
404
405
406
407
408
409
410
411
412
413
414
415
416
417
418
419
420
421
422
423
424
425
426
427
428
429
430
431
432
433
434
435
436
437
438
439
440
441
442
443
444
445
446
447
448
449
450
451
452
453
454
455
456
457
458
459
460
461
462
463
464
465
466
467
468
469
470
471
472
473
474
475
476
477
478
479
480
481
482
483
484
485
486
487
488
489
490
491
492
493
494
495
496
497
498
499
500
501
502
503
504
505
506
507
508
509
510
511
512
513
514
515
516
517
518
519
520
521
522
523
524
525
526
527
528
529
530
531
532
533
534
535
536
537
538
539
540
541
542
543
544
545
546
547
548
549
550
551
552
553
554
555
556
557
558
559
560
561
562
563
564
565
566
567
568
569
570
571
572
573
574
575
576
577
578
579
580
581
582
583
584
585
586
587
588
589
590
591
592
593
594
595
596
597
598
599
600
601
602
603
604
605
606
607
608
609
610
611
612
613
614
615
616
617
618
619
620
621
622
623
624
625
626
627
628
629
630
631
632
633
634
635
636
637
638
639
640
641
642
643
644
645
646
647
648
649
650
651
652
653
654
655
656
657
658
659
660
661
662
663
664
665
666
667
668
669
670
671
672
673
674
675
676
677
678
679
680
681
682
683
684
685
686
687
688
689
690
691
692
693
694
695
696
697
698
699
700
701
702
703
704
705
706
707
708
709
710
711
712
713
714
715
716
717
718
719
720
721
722
723
724
725
726
727
728
729
730
731
732
733
734
735
736
737
738
739
740
741
742
743
744
745
746
747
748
749
750
751
752
753
754
755
756
757
758
759
760
761
762
763
764
765
766
767
768
769
770
771
772
773
774
775
776
777
778
779
780
781
782
783
784
785
786
787
788
789
790
791
792
793
794
795
796
797
798
799
800
801
802
803
804
805
806
807
808
809
810
811
812
813
814
815
816
817
818
819
820
821
822
823
824
825
826
827
828
829
830
831
832
833
834
835
836
837
838
839
840
841
842
843
844
845
846
847
848
849
850
851
852
853
854
855
856
857
858
859
860
861
862
863
864
865
866
867
868
869
870
871
872
873
874
875
876
877
878
879
880
881
882
883
884
885
886
887
888
889
890
891
892
893
894
895
896
897
898
899
900
901
902
903
904
905
906
907
908
909
910
911
912
913
914
915
916
917
918
919
920
921
922
923
924
925
926
927
928
929
930
931
932
933
934
935
936
937
938
0.4499626899809286 0.0169970492629191 0.04702233848240538
0.65 0.01705872210997222 0.04699999999973133
0.2701214407338241 0.01696985432866041 0.04703215967892657
0.79 0.01705872210997218 0.04699999999973135
0.1498151963644568 0.01709524074000396 0.04698672944610328
0.55 0.0170587221092252 0.04700000000000246
0.3498573574169775 0.01708689019925839 0.04698976679361675
0.87 0.01705872210997222 0.04699999999973133
0.87 -0.01705872210923038 0.04700000000000058
0.1300678968748332 -0.0170905913954124 0.04698842076251399
0.08996117989048226 0.0170311934442696 0.04700998244909126
0.2100912594669848 0.01704855378975382 0.04700368936240932
0.7099454396404704 0.01698952228293204 0.04702505856027992
0.1899651704602341 -0.01708822510646374 0.04698928135980399
0.8100000000000001 -0.01705872210921929 0.04700000000000461
0.25 -0.01705872210921938 0.04700000000000457
0.75 -0.01705872210922975 0.04700000000000081
0.31 -0.01705872210921946 0.04700000000000455
0.37 -0.01705872210926805 0.04699999999998691
0.43 -0.01705872210921902 0.0470000000000047
0.49 -0.01705872210924942 0.04699999999999367
0.55 -0.01705872210922965 0.04700000000000085
0.61 -0.01705872210921939 0.04700000000000457
0.6899978969207096 -0.01707077775454133 0.04699562263503972
0.0144422580298088 0.009483285684636486 -0.04909243620583082
0.9831320202910959 0.009754516100806028 -0.0490392640201616
0.02004275056270682 -0.04223588447013063 -0.02676060655190347
0.9827642748499528 -0.04159592900499949 -0.02774488583885402
0.9802064052092931 0.04872772684573486 -0.01120752588430875
0.01686797970889581 0.04903926402016148 -0.009754516100806652
0.07000000000000001 -0.01705872210913491 0.04700000000003524
0.9299999999999999 -0.01705872210913483 0.04700000000003526
0.9299999999999999 0.01705872210925112 0.04699999999999305
0.3099937355956872 0.01701506649980898 0.04701582193269706
0.39 0.01705872210919047 0.04700000000001507
0.49 0.01705872210923459 0.04699999999999906
0.59 0.01705872210922311 0.04700000000000322
0.75 0.01705872210924591 0.04699999999999495
0.83 0.0170587221092252 0.04700000000000246
0.65 -0.01705872210921939 0.04700000000000457
0.05001532313693183 0.01701245882904409 0.04701676556921031
0.9829954013101356 0.0419235788775896 0.0272472665435365
0.01686797970890055 -0.0415734806151272 0.02777851165098021
0.9831320202910995 -0.0415734806151272 0.02777851165098021
0.0168679797089339 0.04157348061512735 0.02777851165097998
0.97 0.01705872210930001 0.04699999999997531
0.03 -0.01705872210923162 0.04700000000000013
0.97 -0.01705872210923163 0.04700000000000013
0.06991865155077792 0.01701389204348971 0.04701624695286171
0.07991924265047984 0.03190654147515876 0.03849639737811805
0.09970990927960079 0.03201192719224408 0.03840880781068925
0.08969787869662052 0.04305033908571761 0.02542967370228597
0.1094394987977065 0.04312426874383357 0.02530409937756369
0.09944534573050473 0.04911416080840573 0.009370123162801166
0.1191785248691558 0.04914120443529772 0.009227243718916086
0.1091424405600088 0.04938728818478061 -0.007803573909013097
0.1289096761246355 0.04936591396418011 -0.007937665808105525
0.1189327194691852 0.04384276675067474 -0.02403771627351339
0.1386769252858744 0.04377085527736056 -0.02416841385545103
0.09916696676256972 0.04391141071700306 -0.02391208917770819
0.1089242925593937 0.03324570931801223 -0.03734598789618819
0.1487377813802635 0.04934760671818278 -0.008050696316938199
0.1584434670414063 0.04369445155523355 -0.02430627292053121
0.1484426089855614 0.0329881270630935 -0.03757370720156847
0.1682185416443411 0.03286745212961723 -0.03767931250045999
0.08919032773338108 0.03335305048011749 -0.03725015467982293
0.09894349338744633 0.01881774417649316 -0.04632377903526501
0.1782435848246139 0.04362497740155531 -0.02443074593035973
0.1880270196556681 0.03274920221365051 -0.03778213538657429
0.1980539951846008 0.04354929470827366 -0.02456540108388071
0.2078359384306186 0.03263115590065147 -0.0378841347345743
0.2178603424370626 0.04347148024997721 -0.02470284204045845
0.2276571911673604 0.03251366399557443 -0.03798501880456145
0.2376998653911754 0.04341133737878344 -0.02480838138584297
0.2474927824356157 0.03239648447068887 -0.0380850074693496
0.2575388163988722 0.04333831739618288 -0.02493572227283004
0.2673373242139236 0.03227948441220314 -0.03818422299958891
0.2773860071761217 0.043263214932905 -0.02506579808562387
0.2871854122399427 0.03216292794718728 -0.03828245114754331
0.2972353394757033 0.04318972096507401 -0.02519222108030666
0.3070347582361099 0.03204531023452525 -0.03838096001890823
0.3170916397411217 0.0431151551425853 -0.02531962474111337
0.3268928022416452 0.03192819863069386 -0.03847843723696376
0.3369516428671706 0.04303963038998636 -0.025447793929796
0.3467545997865797 0.03181099083784043 -0.0385753919217269
0.3366938904568405 0.01692198907650823 -0.04704940260720147
0.3565765343678934 0.01677974064833164 -0.04710032169502377
0.3666299145551525 0.03169950836698377 -0.03866705534808057
0.3764545778925081 0.01663983207401248 -0.04714993094956413
0.3865092911572693 0.03158700304573124 -0.03875901493316059
0.3963329802561271 0.0165004966675165 -0.04719887297092248
0.4063897088777285 0.0314747119594587 -0.03885025749038361
0.4162114914090298 0.01636048894305597 -0.04724758619807094
0.4262739742798657 0.03136141210464816 -0.03894177487997214
0.4360928813013274 0.0162209855549271 -0.04729566182671352
0.446159521115146 0.0312484748365811 -0.03903245854910447
0.4559803242986202 0.01608161521497131 -0.04734323237884802
0.4660479008945407 0.03113447583023942 -0.03912345095689077
0.4758675931008051 0.01594221045700309 -0.04739035688560091
0.4859372292565798 0.03102068415304974 -0.03921373681092799
0.4957593752127541 0.0158045462446269 -0.04743644503966808
0.5058289369925191 0.03090623738628811 -0.03930400094929787
0.5156545374234874 0.01566494305822851 -0.04748272905996936
0.5257220336210039 0.03079197018103301 -0.03939358542161876
0.5355453502952771 0.01552358881798729 -0.04752912991219238
0.5456172232145619 0.03067690182876878 -0.03948325840388661
0.5554419629225771 0.01538747086141616 -0.04757337217907796
0.565513477013328 0.0305621161119639 -0.03957217530991741
0.5753441504801505 0.01524746112796331 -0.04761843056161394
0.5854119650380336 0.03044662007829783 -0.03966110595795069
0.5952374141019681 0.0151040759361682 -0.04766410483911834
0.6053110906419157 0.03033114026799964 -0.03974948968279884
0.6151382616866832 0.01496946154430183 -0.04770655322986214
0.6252119324114689 0.03021504664035151 -0.03983780812897947
0.6350466986895562 0.01482910166344348 -0.04775036904417869
0.6451137933470134 0.03009913800384488 -0.03992545417932652
0.6549455931574142 0.01468468290900548 -0.04779497973492575
0.6650171628153395 0.02998232760643565 -0.04001324819732044
0.6748463138540735 0.01454377841906669 -0.0478380445806169
0.6849206083712613 0.02986568747662989 -0.04010038293518246
0.6947499026415787 0.01440337852141533 -0.04788050424931667
0.7048253289372194 0.02974831659335678 -0.04018753114911905
0.7146551452723323 0.01426304213845316 -0.0479224960635056
0.7247300651753977 0.02963112140867342 -0.04027401946744893
0.7345617759547135 0.01412688082743216 -0.0479628109902613
0.7446355242358146 0.02951317734674326 -0.04036052976485419
0.7544661860261531 0.01398235469335681 -0.04800514302894184
0.7645402255173167 0.0293951819130962 -0.04044654843489098
0.7743706181782263 0.01384695295704452 -0.04804437421598284
0.7844437562082887 0.0292762554154532 -0.04053271356385046
0.7942941765946309 0.01370157597345423 -0.04808603555964727
0.8043380513799107 0.02915578245930045 -0.04061945776577955
0.8142066190582468 0.01357527356411476 -0.04812184480731643
0.82423930762752 0.02903311706949714 -0.04070722433707405
0.8340678787068899 0.01344745275185059 -0.04815772019610923
0.8440905410130194 0.02890707466799023 -0.04079682627532732
0.8539079014408715 0.01331862020263027 -0.04819350947895462
0.8639019061810478 0.0287787330284532 -0.04088746171232713
0.8736977987401687 0.01319822399220544 -0.0482266200707822
0.8836921910584263 0.02864945389566925 -0.04097815017152338
0.8934584323097631 0.01308722274075839 -0.04825686066181447
0.8440351462804142 -0.003661311146922054 -0.04986576782408373
0.9034629004745052 0.02852569277819637 -0.04106439883310062
0.7847765669873155 -0.003291573488663 -0.04989153779919728
0.7245902549115995 -0.002837376836713322 -0.04991942800840654
0.5854860529658238 -0.001797168292162415 -0.04996769142285489
0.5256799207077588 -0.001393819010314736 -0.04998056890999227
0.4658709347458969 -0.000989495535337799 -0.04999020802702812
0.4062097298165206 -0.0005549300451196509 -0.04999692043161282
0.3465100369464225 -0.0001154578879598421 -0.04999986669458337
0.2771927565566087 0.01739043074879649 -0.0468782776813666
0.8834364515752144 -0.003905311923700093 -0.04984725206848023
0.9032366960167832 -0.004018280635155321 -0.04983827265001402
0.3766927801059286 0.04289619252346132 -0.02568884323962724
0.4164671920659455 0.04274131948509814 -0.02594570501398585
0.4562344206261449 0.0425913907157616 -0.02619109461052242
0.4960094267679263 0.04243961497430996 -0.02643632124241809
0.5357913854644464 0.04228617013660499 -0.02668107597489458
0.5755796096060332 0.04213117528385962 -0.02692515680921276
0.6153740328189039 0.04197457351615436 -0.02716864328848522
0.655173502905009 0.041816238739074 -0.02741171606661588
0.6949767315996429 0.04165617049337533 -0.02765435697728021
0.7347822721354882 0.04149421854857257 -0.02789677090710136
0.7745871109082046 0.04132958412338936 -0.02814010440967984
0.8144256891472256 0.04116327598625038 -0.02838282420901386
0.8541220500901393 0.04095668216954391 -0.02868013573299408
0.8937279814004988 0.04073102805870774 -0.02899971298617908
0.6846903745204405 -0.002624246992101122 -0.04993108578555496
0.6451999763416957 -0.002277342776855963 -0.04994811017322579
0.2374411115936332 0.01766007526555177 -0.04677736355989986
0.1977894053104677 0.01796414715475378 -0.04666143393641425
0.1581956165367678 0.01828240743473029 -0.04653765763755755
0.893251772619728 -0.02051687575114765 -0.04559668638631507
0.9129948845074598 -0.02063563255161198 -0.04554306389775344
0.9030161302101665 -0.03472447621791926 -0.03597514074178389
0.8832486229138458 -0.03464150063307898 -0.03605504727341775
0.9134396013175458 0.04063814492075904 -0.02912973012918909
0.8930317271645439 -0.04481006258536627 -0.02218238695667259
0.873514536596351 -0.04473878561541366 -0.02232579364004909
0.9128198952003305 -0.04485766693473792 -0.02208596199335949
0.9037128591145642 0.04809286942799931 -0.01367756960067869
0.07992443666580229 0.04908061186282232 0.009544293539648968
0.9028388702174297 -0.04967469847697446 -0.005694236667163703
0.9226430532487481 -0.04968525979672064 -0.005601335459725311
0.07922557229378115 0.01895093769611918 -0.04626944953679273
0.08896874622604453 0.002225873197150604 -0.04995043031356394
0.2479490989604033 0.04919769782916357 -0.008921128197168466
0.1882658715529054 0.04930364863661987 -0.008315661796678144
0.9231664542633402 0.02840977479549114 -0.04114468004577842
0.3266149208346023 3.588773887257775e-05 -0.04999998712070033
0.3364260395733587 -0.01700791286761938 -0.04701841022288469
0.3165315686910304 -0.01686301555015673 -0.04707057155543336
0.3263468722663546 -0.03190419826226033 -0.03849833935694351
0.3462552604983402 -0.03202173236737387 -0.03840063353894413
0.3066592079960856 -0.03176320446685964 -0.03861474902153927
0.3361703997852971 -0.04312549113944065 -0.02530201600627955
0.3561032344215807 -0.04320201452041905 -0.02517113309681354
0.3460001992921187 -0.04917296451634407 -0.009056465131295264
0.3659414051283555 -0.04920019814914645 -0.008907328560501583
0.3260669007892775 -0.04914471032835251 -0.009208552912500587
0.1086832250302978 0.0020663953261736 -0.0499572818551607
0.9234540954536881 0.048052775362073 -0.01381777044251897
0.3271590655187804 0.04913012861059683 -0.009286035898391495
0.2874363626838847 0.04918274250036872 -0.009003212767808178
0.0695258960378185 0.0334580117766876 -0.03715590730894663
0.06927045724117947 0.002370941241303232 -0.04994375474101129
0.07900746611238033 -0.01462177916553382 -0.04781426119929452
0.3359023437893163 -0.04933385668644358 0.008134530376207693
0.3760245342368048 -0.04327658717618982 -0.02504270357572526
0.3858755879557201 -0.04922657669825059 -0.00876037365477368
0.9137228189099745 0.04989409056862878 0.003252649124862393
0.8939521380920312 0.04988334795187339 0.003413443585637405
0.9334454050994189 0.04990387427244609 0.003098924426295828
0.06235819547993088 -0.01438726423624072 -0.04788534878014974
0.06902509514906488 -0.02978158238943944 -0.04016288523476657
0.08873442053138174 -0.02990946072821454 -0.04006774462017287
0.07879615462716624 -0.0416072583441543 -0.02772789305163309
0.09851993935259004 -0.04169960713069426 -0.02758881594316351
0.08849971602600769 -0.04854350790620279 -0.0119803105202005
0.108270250481965 -0.04858443604900722 -0.01181323722778508
0.1183182928817533 -0.04177501570464098 -0.02747449840992551
0.1281502306307941 -0.04862801831432634 -0.01163253346530935
0.06908807520312409 -0.04850933056620475 -0.01211795560392401
0.1381200961812247 -0.04184839472939227 -0.02736259963112011
0.1479198862843986 -0.04865581915376026 -0.0115156963522219
0.1579772023448777 -0.04192094845102053 -0.02725131338058552
0.1678139016043439 -0.04869912565157297 -0.01133115884507439
0.1778366781052731 -0.04199306067777348 -0.02714005996516652
0.1876855195125059 -0.04873219974282726 -0.0111880609680671
0.1977267664656864 -0.04206646191057368 -0.02702614997231855
0.2075461629667645 -0.04875730406777233 -0.01107814515353506
0.2176236865236506 -0.04214038698583109 -0.02691073734932578
0.2274471679347684 -0.04879487079817055 -0.01091148861475112
0.2375254644495739 -0.04221509725209053 -0.0267933865719983
0.247355766888795 -0.04882121776787249 -0.01079299289641066
0.09823457582675818 -0.04972596916526809 0.005227618059384944
0.157719389735538 -0.04966926021892635 0.005741479713852547
0.2173712933856706 -0.04961200989740612 0.006216789681151962
0.932585033744927 -0.04490977766625703 -0.02197980595836464
0.9423741522313701 -0.04969417293446535 -0.005521700495268795
0.3160286687569843 -0.04936626531550876 0.007935480376057706
0.2572628021413201 -0.0423021909926761 -0.02665566801299779
0.2672702079971008 -0.04885221947158429 -0.01065179105597556
0.3959606084473448 -0.04335021946755349 -0.02491502502737949
0.4058028451145975 -0.04925260496291176 -0.008612833701364519
0.4158971349115757 -0.04342325167698841 -0.02478752133225352
0.425742028545099 -0.04927247638842909 -0.008498415767170836
0.4358361282881242 -0.04349584754501032 -0.02465991172614412
0.445723589993791 -0.04929763719353655 -0.008351225486983476
0.3957080093548385 -0.04925748557707957 0.00858487708845028
0.4557770620290075 -0.04356770946871999 -0.02453272695093651
0.4656202686576206 -0.04932723534864 -0.008174585791334111
0.4757167515509406 -0.04364019216596426 -0.02440355768566772
0.4855628782217031 -0.04934437588131434 -0.008070475133693451
0.4956587833093363 -0.04371179760314028 -0.02427506437276942
0.5055634597628098 -0.04936834240311869 -0.007922548098208883
0.4564809607276601 -0.04931368852460662 0.008255914491931304
0.5156025331588763 -0.04378246005573603 -0.0241473847749167
0.5254478053263898 -0.04939789775958118 -0.007736129325054292
0.5355457297579901 -0.0438539246664757 -0.02401735396223062
0.5453929766581098 -0.04941482314962727 -0.007627270356494572
0.5554906182221238 -0.04392439982173727 -0.02388822095301714
0.5653873848186102 -0.04943626352056154 -0.00748704542029744
0.5163642596375538 -0.04927585403387223 0.008478809423056913
0.5754375333122064 -0.04399387827299659 -0.02376002261153719
0.5852837298975455 -0.04946460978279895 -0.007297422766664331
0.5953828995597288 -0.0440642528806614 -0.02362925343867478
0.6052311310969669 -0.04948128575154604 -0.007183478292153937
0.6153301811240728 -0.04413361133601527 -0.02349945425837683
0.6252183645855813 -0.04950028209992417 -0.007051387950462489
0.5761186377853662 -0.04923766384847274 0.008697842189003052
0.6352779938601506 -0.04420207782928462 -0.02337041539155575
0.6451265279846909 -0.04952737148329345 -0.006858532930288402
0.6552266177930999 -0.04427121719291141 -0.02323917658304754
0.6650675817947124 -0.04954259529445886 -0.006747684898501327
0.6751756284677495 -0.04433945579208592 -0.02310871394218335
0.6850245350008602 -0.04956701855055456 -0.006565871763062447
0.6951245451321502 -0.04440737067993248 -0.02297793352969482
0.7049653598680643 -0.04958106458477585 -0.006458949964219172
0.7150748538882156 -0.04447482458784925 -0.02284709998840203
0.7249239577790461 -0.04960490602439556 -0.006273220728691574
0.7350233981993434 -0.04454212184914561 -0.02271561976209027
0.744873625106118 -0.04961928826993608 -0.006158427687728665
0.754973786351574 -0.04460895893870942 -0.02258408250083534
0.7648573405426823 -0.04963394502471449 -0.006039163955682871
0.7160488624049537 -0.04913487305002278 0.009260899003776336
0.7749221604150501 -0.04467555014774092 -0.02245206491609818
0.784767990350447 -0.04965821370070751 -0.005836249828002998
0.7948548151114165 -0.04474401115838908 -0.02231531907587148
0.8046999974650885 -0.04967440820348003 -0.005696768350041632
0.8147821073178482 -0.04481275505526498 -0.02217694713789127
0.8245219331135212 -0.04967805995301244 -0.005664835329018974
0.7775779613988647 -0.04874333529352725 0.01113944632658111
0.9126566026571729 -0.04866829765295502 0.01146284447959467
0.8928178149778677 -0.04868742805001178 0.01138131582352964
0.9039569780446751 0.04583486004675252 0.01997912922263156
0.2571896163781999 -0.04957366772478331 0.006515479131481998
0.636148727019061 -0.04919422102922197 0.008940280606784949
0.6759371316519788 -0.04916555098806907 0.009096625530359092
0.1680158165711021 -0.03025296077602806 -0.03980902365399217
0.2078252213743977 -0.03044317593407277 -0.03966374968465656
0.2475968652474445 -0.03065996909246421 -0.03949640863735765
0.9026595769476273 -0.04194964276832625 0.0272071217075569
0.8145419768751946 -0.04863798789393578 0.01159077795617519
0.833519178711057 -0.04866382191082544 0.01148183073518619
0.9431575391940465 0.04801331577695105 -0.01395426487145718
0.8841743585774003 0.04576732482333604 0.02013335487481531
0.3470090951372027 0.04910212733517911 -0.0094329789122979
0.3372021449671968 0.04938391667215009 0.007824881731894533
0.3570481061217435 0.04940690794152211 0.007678375326718528
0.317363775601451 0.0493602374817999 0.00797288879518062
0.2675011316550159 -0.03077076096606189 -0.03941015439667145
0.8049600526450799 -0.03455688015621137 -0.03613615964472768
0.7451158110244115 -0.03421036703770065 -0.0364643769608889
0.3063334165380673 -0.04914003982899271 -0.009233443864832337
0.296261965087164 -0.04937491897822581 0.007881457726438492
0.6054820490419501 -0.03345077782255475 -0.0371624200378027
0.8341263130756549 -0.04483759693330955 -0.02212667849556438
0.8636152196818885 -0.03451763854213852 -0.03617364550987739
0.5456436352678017 -0.03312299781924971 -0.03745486637896308
0.4858132161401585 -0.03279304752032169 -0.03774408608417911
0.4259830150893056 -0.03246241223129992 -0.0380288284348223
0.1294127819325795 0.04309864644332244 0.02534771537542369
0.3861113047535815 -0.03224084883158004 -0.03821685055861098
0.1283199489810549 -0.03007151454006326 -0.03994626407145935
0.2966249792396533 -0.01671208361840558 -0.04712437014042119
0.32740711231311 0.04378433736826362 0.02414398064160246
0.6652648043595621 -0.03377478236974305 -0.036868198706697
0.7051312318731849 -0.0339949113254094 -0.03666532427209054
0.8741526223936986 0.04987325753670692 0.003557833986754657
0.864347734179528 0.04568005501587649 0.02033058222841876
0.2571725525537751 -0.01556506772031858 -0.04751556236499677
0.3075742880246928 0.04371247789914467 0.02427383933202141
0.3257979173086541 -0.0436574162626551 0.02437273077168945
0.3457533275328821 -0.04358164578584606 0.02450796096367559
0.9509265306257118 0.04992041885446826 0.002819890316031819
0.943473445036793 0.04599613828630898 0.01960498055971342
0.04933754180007102 -0.02966700659564862 -0.04024759271874209
0.8942152679527469 0.03632021782530614 0.03436337842998435
0.9229447297469444 -0.004157141205908275 -0.04982688207177065
0.9326936385531285 -0.02073741621975293 -0.04549680833342849
0.9426311920256565 -0.004301088093271849 -0.04981466291378388
0.9523709825408224 -0.02083598394385243 -0.04545175214545116
0.8543338633724762 0.04986311431206733 0.003697273468612514
0.8446033689214598 0.0456092091899481 0.02048902235509431
0.8345095221616399 0.04985243387200447 0.003838598316758579
0.8247035804095328 0.0455874427241392 0.02053740650309403
0.8146609527710724 0.04984312051341036 0.003957693455240224
0.8048555256646135 0.04550363721275476 0.02072242747387478
0.7948024368917848 0.04983168711088462 0.004099141334828095
0.7849924695522607 0.04546869691230927 0.02079898077061848
0.7749434159662285 0.04982076284741915 0.004229845068228782
0.7651316016183177 0.04538693747959058 0.02097679446969282
0.7550758853511059 0.0498087627056969 0.004368885181322345
0.7452571464039938 0.0453511445153796 0.02105406590531043
0.7352056175253683 0.04979673398269943 0.004503918811020924
0.7254702172044316 0.04525294082399144 0.02126432098093728
0.7153348003269444 0.04978401366604376 0.004642411366861932
0.7058199810029557 0.0451313518087875 0.02152117756795509
0.695476747703791 0.04976943951086872 0.004796132897864666
0.6859503186206737 0.04506921221842151 0.02165100713617927
0.6756299188792493 0.04975518097055853 0.004941858616651273
0.6659515670185402 0.04506757208387707 0.02165442094502979
0.6758286890463517 0.03518711895106299 0.03552276256041672
0.6557603990113078 0.04974202557218325 0.00507256266361174
0.6460620827177747 0.04504760597870468 0.02169592578313659
0.6358772960096878 0.0497285218052621 0.005203279644951965
0.6260395212108349 0.04499479874230008 0.02180523070595475
0.6159967232889301 0.04971435150830057 0.005336970499181419
0.6061804725205524 0.04491644459665989 0.0219661786570897
0.5961261421348901 0.04969948819693702 0.00547365261617128
0.5863094536863169 0.04487380640858406 0.02205315166602998
0.6171464269259312 0.03483661140138582 0.03586656529511623
0.5762615485837465 0.04968407723205129 0.005611815178671086
0.5664477679986601 0.04481293176181866 0.02217659006498937
0.5563997253874471 0.04966823400255158 0.00575035051694932
0.5465815991467746 0.04476334263346721 0.02227651580204627
0.536539979668748 0.04965201626331071 0.005888741884980956
0.5266967301967187 0.04470697703778786 0.02238942170183745
0.5166824728589117 0.04963524101775718 0.006028503057074404
0.5068706187839872 0.04462810197919975 0.02254623058815259
0.5176917634697727 0.03435782077386526 0.03632547524356636
0.4968268081765452 0.0496183552811436 0.006165940252241237
0.4870104438684019 0.04455097810094005 0.02269824553240979
0.4769726094660534 0.04960095938438051 0.006304349938656303
0.4672464731600564 0.04447094146229204 0.02285465741282059
0.4571215312850996 0.04958312311703088 0.00644312827447651
0.4475270215174937 0.04437270818035584 0.02304479916903123
0.4372840098830493 0.04956266381119934 0.006598663193255977
0.4277169600581551 0.04430922102084531 0.02316663403530778
0.4174630270766377 0.04954292204925064 0.00674528537734876
0.407851458706037 0.04426326921401618 0.02325431139568591
0.3976084357760586 0.04952577110576645 0.006870079794240371
0.3880254105692684 0.0441927555456175 0.02338803876525979
0.3371927069507615 -0.03273734964271079 0.03779240582935815
0.2374052516553002 -0.01540778579169528 -0.04756679658119972
0.4198513130821988 0.03268573878311958 0.03783705168484555
0.05195154780627487 0.002370002278257609 -0.04994379930683141
0.8829197635917135 -0.04203085052860873 0.02708149929087662
0.872998544498093 -0.04871233698852734 0.01127422836012076
0.8669569367161156 -0.04218370033098978 0.026842790957448
0.8243827791551018 -0.04176220072678212 0.02749397371163287
0.8064516291515131 -0.04188709228053931 0.02730332397862179
0.1383929817194181 0.01843236016801411 -0.0464784691942044
0.1481479191665691 0.001577123253108201 -0.04997512063261584
0.1679399312288075 0.001405220624608946 -0.04998024964919817
0.9225142752970582 -0.04187433205665381 0.02732288994248405
0.9502433535560585 -0.04500738160120332 -0.02177924703481883
0.9613433968192644 -0.04971825898742838 -0.005300445571741826
0.9521643196718071 -0.04865371446981951 0.01152458538470152
0.8947703854530942 -0.03118268159590915 0.03908504021346465
0.9134092400931169 0.03656865568388642 0.03409887712921588
0.8555613780727161 0.03391753468427988 0.03673691387338725
0.815790022680237 0.03383689635819478 0.0368111999919153
0.7760374961049843 0.03375423593243774 0.03688701067608121
0.7354405913551401 0.0354808088150223 0.03522942244533447
0.9622953635459758 -0.004447381368592283 -0.04980181521754301
0.9501183767583303 0.01275171011753454 -0.04834660162905318
0.9680843694257675 -0.02089971656528309 -0.04542248174077273
0.5764957436676129 0.03469831171368314 0.03600037727885751
0.4772066192880168 0.03420571775174906 0.03646873829854386
0.9061657020320968 0.02396777669554496 0.04388104010016732
0.3575847840699387 -0.0323892474619089 0.0380911623457624
0.3657226185901807 -0.04350939507800811 0.02463600089190215
0.9631706779127193 0.04606625462076312 0.01943965496646021
0.953475331598013 0.03678735038057589 0.03386282404018812
0.96025948820405 0.04801615907719421 -0.01394447802800736
0.9528943533000112 0.04051958910545284 -0.0292944175351767
0.9692662613331872 0.04057498024323673 -0.02921764840402028
0.9696674138558928 -0.04866291679891385 0.01148566622455955
0.9619320585067545 -0.04194148844650748 0.02721969042607722
0.3777351881244522 0.04950884171731339 0.006991036533305295
0.06012825277390642 0.03193961325012304 0.03846896288480578
0.04489521263679702 0.03160984538973103 0.03874038815548059
0.05033575897159322 0.04304896607543133 0.02543199795211463
0.2900639345503509 0.01699038747425003 0.04702474596927503
0.2800727534913359 0.03191934711110862 0.03848578023115242
0.2602596258547087 0.03201421926078088 0.0384068973639195
0.2702763120257358 0.04308268227911501 0.02537483965736198
0.2504633579985394 0.04315005571793326 0.02526010078244454
0.2404428309293687 0.03212913562495303 0.03831081627939262
0.2306496359632299 0.04321807800354392 0.02514354258412273
0.2596182064998751 0.04912150519988495 0.009331544721945889
0.2206369267089003 0.03223625427629608 0.03822072618663835
0.2108494661100493 0.04328993902309498 0.0250196158918701
0.2201243218335941 0.0491746661851873 0.009047220875793681
0.2010648777709572 0.04921056129071353 0.008849895900683092
0.1909923311817016 0.04328314644617347 0.02503136499911862
0.3299033811626397 0.01704642533797332 0.04700446131163405
0.339585670848756 0.03204928184527946 0.03837764366401149
0.3593275000005479 0.03216317747825094 0.03828224150311123
0.3698620582491985 0.01708319397608503 0.0469911106867613
0.3789038368355009 0.03212269051679142 0.03831622050727914
0.2998043307043797 0.0319506566919851 0.03845979117144174
0.3196261922064522 0.03202392203333596 0.03839880750235377
0.4698491176040847 0.01706077810950271 0.04699925372065298
0.5698377334590701 0.01714620082694734 0.04696815726853663
0.5963428170196609 0.03328902110611703 0.03730738631687424
0.7297769344442315 0.01708383685777824 0.04699087696794792
0.7575939765380227 0.0337378279155663 0.03690201847514084
0.7698111547177999 0.0171347163377105 0.04697234820643095
0.7959774607161871 0.03378621850562568 0.03685771885358773
0.8098061630295628 0.0171186432518995 0.04697820828016109
0.8357502751918008 0.03386631695997098 0.03678413483509953
0.8498261019171591 0.01712323125862659 0.04697653617779406
0.8743807535004092 0.03379756376158808 0.03684731582871931
0.9501471549477228 0.01682778866419779 0.04708317670541248
0.03272833127661922 0.01690321529406965 0.04705615063647185
0.1099340782029113 0.01703270895748822 0.04700943336788373
0.1298500429383269 0.01706698920285582 0.04699699862278019
0.1398937475031414 0.03206631907213027 0.03836340940485262
0.1597031668990277 0.03206537557078613 0.03836419801721955
0.1494552823241408 0.04311530933759418 0.0253193621705517
0.169759011409542 0.04319017997815124 0.02519143412858634
0.179815320233952 0.03219832281305324 0.0382526862851018
0.1595848076836062 0.04912337457547371 0.009321698896537237
0.04994818428116729 -0.01703016806925094 0.04701035391839829
0.05994836138399379 -0.03200009863050356 0.03841866327239984
0.07985165638273384 -0.0320545425476269 0.03837324982409461
0.06981404698863247 -0.04319277812689709 0.02518697912971384
0.05187969886650375 -0.04318822379656947 0.0251947876612888
0.05984787975446139 -0.0491419139347844 0.009223464361412349
0.04007728764823107 -0.04912864493303441 0.009293882237463139
0.08960956133094038 -0.04329404185642073 0.02501251566185397
0.09991075069556445 -0.03203940868855797 0.03838588661067445
0.1096181972233903 -0.04324116180719897 0.02510382292726822
0.1190345401221043 -0.04943782285088424 0.007476742055507037
0.1296997133822211 -0.04403100300216216 0.02369115393187059
0.03999991352959659 -0.03197700208910007 0.03843788934623869
0.9500518103220866 -0.01703017104339969 0.04701035284097058
0.942188750931984 -0.03191022019683142 0.03849334808755575
0.1902176829987273 0.01716325205142659 0.04696192903852228
0.2299885454498741 0.01704181209275002 0.04700613407413334
0.2500522067286277 0.01696133833474603 0.04703523149612718
0.4970449763660847 0.03306444217099762 0.03750656827704655
0.4099704829838522 0.01706492829178574 0.04699774699276776
0.4300661457699246 0.01702227064862783 0.04701321412076464
0.440000142205251 0.03195064777727346 0.03845979857737961
0.51 0.01705872210922319 0.04700000000000319
0.5296389896927611 0.01962179316359812 0.04598896860166549
0.61 0.01705872210922315 0.04700000000000321
0.6294367244239225 0.01936386766380995 0.04609816296880447
0.922745972547155 -0.03481231267633749 -0.03589015026612332
0.9425262436580865 -0.0349064811841002 -0.03579856940359571
0.6698426429275064 0.01716791401775249 0.04696022495984296
0.6898722202691752 0.01719503718890786 0.04695030027669766
0.700000107163796 0.03196643244121884 0.03844667992143135
0.933219814169046 0.04055860329803028 -0.02924037787910765
0.9428529697812432 0.02829349063961915 -0.0412247302893031
0.9624648104316245 0.02830999581776316 -0.04121339754009893
0.9821755805965889 0.02820288321220252 -0.04128677001799566
0.9317003152403959 0.01286143988690179 -0.04831752646851463
0.05954489092466753 0.01904299890798204 -0.04623163627420724
0.04985367445835993 0.03352250168664685 -0.03709773417162777
0.05979028500511498 0.04400370531380851 -0.0237418179307209
0.04621098228703479 0.04370214776517529 -0.02429243258117196
0.05002655857390918 0.04941965139103913 -0.007595923669190211
0.03368518599781165 0.03350821710927151 -0.03711063710256029
0.07945458021997455 0.04395851629177402 -0.02382538237732688
0.08945738689981741 0.0494038864496285 -0.007697792129709263
0.08997382076149985 -0.01704429594615621 0.04700523349266381
0.1099095214463386 -0.01727598656881957 0.04692057425132354
0.91 -0.0170587221092676 0.04699999999998707
0.8242956145118578 -0.03456640597120986 -0.03612704773758171
0.8148592463714851 -0.02025675208619624 -0.04571284277879012
0.7949568259726471 -0.0202322966097703 -0.04572367192050828
0.2276654348346042 -0.03055548585623343 -0.03957729505776664
0.2176126776658777 -0.01526519049416857 -0.04761274996444487
0.1978146466727402 -0.01530516731160072 -0.0475999144281154
0.1877491610198663 -0.03035251730323901 -0.03973316868004081
0.7849825182653126 -0.0344455207205399 -0.03624232473629219
0.3072780958258408 0.04915737122354611 -0.009140725047307841
0.2994205313359983 0.04931641080168944 0.008239637470120204
0.794479415960073 0.04123987040022686 -0.02827141824126431
0.7650289957546619 -0.03433116417220927 -0.03635066941035357
0.7545327790631559 -0.01993702583505928 -0.04585318964752811
0.1500112541447563 -0.01706717388960139 0.04699693155326323
0.1400581437310861 -0.03204904034243753 0.0383778453424474
0.1599569938595159 -0.03203407297427551 0.03839033952283818
0.1499870825155526 -0.0431873350879512 0.02519631099984718
0.1699249213504035 -0.04318259910831623 0.02520442687803963
0.1784725524330073 -0.04946450195237648 0.007298153643446019
0.1902876962099221 -0.0441269523298975 0.02351195606654098
0.1699825990643283 -0.0170743148109098 0.04699433767740478
0.1799519936986789 -0.03208690530771113 0.03834619287196553
0.199990806452708 -0.03214299500155828 0.03829918892522138
0.2103179125709739 -0.04341278786246783 0.02480584306183457
0.2200307052105225 -0.03213839891904763 0.03830304576558055
0.2304449338481412 -0.04322608357281259 0.02512977713701858
0.2100529318430503 -0.01713363250048969 0.04697274355770763
0.3568039966731671 0.0429660575298608 -0.02557181847934738
0.4060421269013468 -0.03235460090776411 -0.03812059548458432
0.85 -0.01705872210922973 0.04700000000000082
0.8299811238389629 -0.01704832041643439 0.04700377400782395
0.8393361958799966 -0.0305199952749955 0.03960467003289199
0.3966326008410728 0.04281582676203925 -0.02582256723648994
0.4363786012706895 0.04266337670745068 -0.02607367039597905
0.476143333187538 0.04251208153107743 -0.02631963001060283
0.5159153490937741 0.04235904607460831 -0.02656522568413847
0.7251088016580417 -0.0340938094982133 -0.0365733804002247
0.735053861354216 -0.0197012541517919 -0.04595498433082643
0.9126305476987435 0.01297240472206423 -0.0482878526725611
0.5556942895498703 0.04220441448797889 -0.02681021069903923
0.6851695291322615 -0.03387867237404622 -0.03677275565105283
0.5954791177221217 0.04204822071529296 -0.02705452152003447
0.6352699806102186 0.04189036725482236 -0.02729829905426539
0.6750655237587746 0.04173079816584796 -0.02754161368622508
0.06972730919447791 0.04941986839066335 -0.007594511718966077
0.3472364605645038 0.04385671504357602 0.02401225823587971
0.7148637298663832 0.04156943743381268 -0.02778456174634276
0.7546714727122867 0.04140974474357197 -0.02802200992563193
0.3661886774959235 -0.03213161222141207 -0.03830873916031174
0.3762246593779615 -0.01727875310215673 -0.0469195555310865
0.3563434415235388 -0.01714694113492952 -0.04696788700500867
0.5566340969844106 0.03460017173842038 0.03609471035583768
0.8637037138577325 -0.003820102328812478 -0.04985385459718639
0.1481564505848085 -0.03017280145235192 -0.03986981380088137
0.465845110564562 -0.03267865805782328 -0.03784316725037509
0.4459272607824293 -0.03257020477603164 -0.03793654914257973
0.4359427374737483 -0.01756429093772743 -0.04681341350355543
0.416132230993466 -0.01753775391846625 -0.04682336155697625
0.396165774953457 -0.01740932679451673 -0.04687126348373513
0.8839513887196799 0.04812705401344514 -0.01355679431085885
0.505739256357939 -0.0329078575150801 -0.03764402892580955
0.4957411057953887 -0.01810378372203268 -0.04660743518952598
0.5256635731832634 -0.03301530583955161 -0.03754982796659487
0.4759670073463773 -0.01794037657357671 -0.04667057840222531
0.5855123853392805 -0.03334446326612105 -0.03725784171814444
0.5655702911133673 -0.03323799822877259 -0.03735285094533094
0.5554993395795217 -0.01851675235282771 -0.0464449123403635
0.5355687633645282 -0.01837783782070879 -0.04650005459174995
0.6254131330419278 -0.03356410536775552 -0.03706009755602654
0.6152660276902236 -0.01892969900902488 -0.04627814273961006
0.6453015983734474 -0.03367268967790393 -0.03696146601334398
0.5956334718941885 -0.01875162888858143 -0.04635058159316794
0.8342652470251442 0.04106401941102089 -0.02852623897066173
0.6699989577602037 -0.01706474764682054 0.04699781258473987
0.6600000044531158 -0.03205984512562792 0.03836881976971343
0.64000674152182 -0.03203822166379274 0.03838687734918903
0.6489005772602219 -0.04245287735618512 0.02641501853455161
0.630018842242788 -0.01706910566554136 0.04699622997410095
0.6200223272114641 -0.03203326987219026 0.03839100964152191
0.6000241747177291 -0.03206575925902684 0.03836387732153953
0.6067873289326415 -0.04311031648389585 0.02532786237838358
0.5900657455625632 -0.04323588239590243 0.02511291447537889
0.5800592873188138 -0.03209786485760714 0.03833701959702644
0.3067719745657631 0.0002056628441914073 -0.04999957702615612
0.3168008462683511 0.0170742844740211 -0.04699434869960645
0.79 -0.01705872210921943 0.04700000000000456
0.7699811238389637 -0.01704832041643481 0.0470037740078238
0.7599968137887626 -0.03201577817440631 0.03840559787175835
0.7400148579534177 -0.03206371752644769 0.03836558377483876
0.7470885850750866 -0.04311924314393256 0.02531266226011056
0.7300360889040255 -0.04322187833730994 0.0251370092293172
0.7200296430061632 -0.03204913589965049 0.03837776554315968
0.237654817033896 -0.04946022664240844 0.007327071753544558
0.2699811238389629 -0.0170483204164344 0.04700377400782395
0.2600410815996464 -0.03203920022054291 0.03838606061095569
0.279981587271043 -0.03204513199311732 0.03838110883681826
0.2700049505675475 -0.04320924593112227 0.02515871749640258
0.2899813838161189 -0.01704794315516671 0.04700391083918662
0.3162325479615763 -0.04304349640533768 -0.0254412542380222
0.3899811238389634 -0.01704832041643472 0.04700377400782383
0.3794869246541555 -0.03218373071951785 0.03826496409215045
0.3997589054239138 -0.0321730725478856 0.03827392588732557
0.4099647123245255 -0.01703655871398994 0.04700803832521384
0.3670006705624098 0.04906275060556938 -0.00963568902651502
0.8739582374191471 0.04083634945430805 -0.02885121424213607
0.4499811238389629 -0.01704832041643443 0.04700377400782393
0.4400029146119838 -0.03204080102844761 0.0383847244285462
0.4599999661704944 -0.03203730516940952 0.03838764224958505
0.4199760402399438 -0.03210130613030072 0.0383341381112021
0.4283175542385194 -0.04313897439823459 0.02527902070627857
0.4096430732426074 -0.04340861345743709 0.02481314727524125
0.4699909136086188 -0.01705268546361834 0.04700219057106701
0.5099811238389632 -0.0170483204164346 0.04700377400782388
0.5000040565987584 -0.0320371979741176 0.03838773171167053
0.5199996918037659 -0.03203183952919433 0.03839220306749722
0.4800008408712092 -0.03203961470558417 0.03838571465425276
0.4877447101567358 -0.043122653490934 0.02530685195556409
0.4699805202093005 -0.04321461008464969 0.02514950248477479
0.5299908123115828 -0.01705254863062512 0.04700224021469791
0.5699897445466973 -0.01705775772295107 0.0470003500142829
0.5600000042895942 -0.03205960407057227 0.03836902118686566
0.5400067111683629 -0.03204723840962536 0.03837935005073215
0.5472321722093911 -0.04311005192172368 0.02532831268178536
0.5299808779972092 -0.04321512129354109 0.02514862404952867
0.5899989361730114 -0.01705837440518676 0.04700012619826111
0.730015722045054 -0.01707323782422718 0.04699472896184612
0.7100187938266618 -0.01709294000772891 0.04698756646063063
0.7000285707131001 -0.03204277903338561 0.03838307324612797
0.6800493523859985 -0.03209650887079759 0.03833815486309705
0.6888964135848282 -0.04239563444714176 0.02650679497457825
0.3664013143426789 -0.0002572773840049787 -0.0499993380790954
0.3558559420374545 -0.04930915073734835 0.008282973714883965
0.1085196199767992 -0.02999509140568551 -0.04000368097518742
0.2003067568095195 0.03221322519263289 0.03824013758720962
0.6559593742030717 0.03508940359555374 0.03561928909044004
0.8834087097864873 -0.04965270760086447 -0.005882909815988704
0.7799621942374325 -0.03203642008542401 0.0383883808998275
0.1686031104762903 0.04932985586223409 -0.008158757295765666
0.2977802099771455 -0.03214682488334396 0.03829597433046478
0.9324170790817939 -0.04867106493282587 0.01145108895715372
0.1286775708537686 0.03312756627042406 -0.03745082579862107
0.7965272906110835 -0.04869647342793334 0.0113425515508012
0.2300079925159352 -0.01717899087713781 0.04695617395447819
0.7046889394610863 -0.002744946461140998 -0.04992459583136823
0.6649182815924333 -0.002464378389292698 -0.04993923146339346
0.4260736879510338 -0.0007033000972812431 -0.04999505344504759
0.4460014918369427 -0.0008378587741502672 -0.04999297943386231
0.9236797733899824 0.0459139589619593 0.01979667579265564
0.1779783212451043 0.01813990065155454 -0.04659339013585223
0.04355495347944795 0.01928850449661266 -0.04612974739020531
0.2573414020005732 0.01752909265966957 -0.04682660472988319
0.217610398822922 0.01782690669864872 -0.04671403854900231
0.1392130206924309 0.04913373915584187 0.009266913000869917
0.1186670638044672 0.01867718944586666 -0.0463806273610352
0.3683671096093525 0.0441519945672836 0.02346489666993144
0.8734244988639575 -0.0204017326175595 -0.0456483220524217
0.3757447458371044 -0.04928586947722797 0.008420396063941923
0.09870036717620147 -0.01474791483406311 -0.04777550636097143
0.07003509452463443 0.04300198408154998 0.02551135756972023
0.1198902495504837 0.03203739210394442 0.03838756969616754
0.3862843327338896 -0.0004040854969509329 -0.04999836712244865
0.05907574595198047 -0.04149810214156127 -0.02789099350415019
0.04897076633441751 -0.04843019948997182 -0.01243043753701106
0.02876521858189256 -0.04934968678641775 -0.008037935934210051
0.2969699486421741 0.01723297211989358 -0.04693638963442939
0.1284339185482682 0.001779410275957694 -0.04996832695888283
0.1699911314508677 0.01716878850180118 0.0469599052531031
0.9620936918614499 -0.03484597528095261 -0.03585746793513508
0.8642236221623664 0.04818654038773305 -0.01334381225367666
0.2871773456571503 0.0004428222482586081 -0.04999803904611107
0.9331873034819341 0.03637836442376334 0.03430181630543593
0.2401124288781087 -0.03201866734533505 0.0384031892090849
0.1199472976009772 -0.0320737576111315 0.03835719062577947
0.2500686083439364 -0.04325752592506764 0.02507561466528989
0.1183159283765532 -0.01486167929776907 -0.04774023971923751
0.06186551313387866 0.04906454745530676 0.009626535358370143
0.4555936711922958 -0.01760833044285201 -0.04679686633755867
0.1799396791767918 0.04908815215270271 0.009505436246333382
0.978564825889066 -0.04972121664265075 -0.005272628905450332
0.02023382958271929 -0.04901315128876242 0.009884887492778398
0.8539080348304207 -0.02034185625224605 -0.04567503567828884
0.485687862779171 -0.001119591185792888 -0.04998746358414973
0.8442604980200972 0.0482387823214885 -0.01315370214578575
0.5056854906308768 -0.001261418994167499 -0.04998408568855845
0.5157394596573662 -0.0182405524836534 -0.04655407871595234
0.07879827872902782 -0.04976511002883904 0.004840849493378607
0.5454669255049083 -0.001527309944958087 -0.04997666779940448
0.01598508456183905 -0.009944397936554529 -0.04900111171881155
0.9826370803576683 0.04896558802908855 0.01011786484222736
0.8244104182062683 0.04828134024323997 -0.01299662203484032
0.5654530759445661 -0.001670089617897706 -0.04997210022270618
0.5755825272199415 -0.0186832388459655 -0.0463781908468259
0.01686912822338788 -0.02780366326665491 -0.04155666383330674
0.03064977346562673 -0.01932684259415893 -0.04611369813125601
0.01688677400849027 0.04904584732456266 0.009721361026918523
0.1876670270827845 0.00144552646735465 -0.04997910016429045
0.8046190463017826 0.04828691591042156 -0.01297589117786817
0.6052209088522706 -0.001927136280481682 -0.04996284765459683
0.2869841960537051 -0.03146188768425364 -0.03886064363007141
0.297070007249073 -0.04291420919303345 -0.02565873436739552
0.6250579453313909 -0.002108600897499392 -0.04995551823627761
0.267662650449115 0.04919155250126848 -0.00895495184325113
0.635351941555609 -0.01908333625472627 -0.04621500056679703
0.1979111421968245 -0.04966127433173713 0.005810149029753645
0.2769247509188152 -0.04247905783540454 -0.02637289603771941
0.7847271542853095 0.04832926071245221 -0.01281727580212829
0.6548575809255233 -0.01906773711925434 -0.04622143876115293
0.6745917939792994 -0.01893625338949408 -0.04627546118159034
0.8241806441023076 -0.003559343629607028 -0.04987314981958104
0.7648681546745152 0.04836942945615118 -0.01266484481098821
0.1383798607429227 -0.01505319641957491 -0.04768019796051289
0.6949039263282767 -0.01928831497451539 -0.04612982663574497
0.7449991005860401 0.0484081081123144 -0.01251619227187251
0.1383322888284886 -0.04971756490064377 0.005306952077254457
0.8045246993485402 -0.003466091506901221 -0.04987971741766174
0.2866856212593319 -0.04914106348359909 -0.009227994348767454
0.7251345491145194 0.04844595613767594 -0.012368885718058
0.714857545507821 -0.0195007979725264 -0.04604040484655528
0.7443929556940813 -0.00291930149154313 -0.04991470403399658
0.705258913004367 0.04848314353324585 -0.01222230719359816
0.7751683989079661 -0.02022319277648459 -0.04572769919780725
0.7642961373012929 -0.002990462006055795 -0.04991049125174322
0.6853902525398785 0.0485199338929749 -0.01207543022096297
0.2765459240056288 -0.04936378202227511 0.007950913435405309
0.6655139773694257 0.04855613866388948 -0.0119290149657521
0.1580615086946499 -0.015212073622254 -0.04762974717664502
0.6456439099363311 0.04859190116186055 -0.01178249300767778
0.2899819608348702 -0.04308594575124747 0.0253692979548225
0.6257667945501603 0.04862702220097662 -0.01163669677639353
0.6058961179133735 0.04866181643834431 -0.01149032727649147
0.2401853534839788 0.04915639338165451 0.009145982162022479
0.8343668680963768 -0.02000570404970755 -0.04582326707553178
0.5860209837934668 0.04869603413777858 -0.01134443737046062
0.5661530229673243 0.04872999619157223 -0.01119765471736635
0.8441593640222828 -0.03433404253028267 -0.03634795074730817
0.177789342930648 -0.01532867464847794 -0.04759234952722034
0.5462822054530991 0.04876334846590581 -0.0110515087835391
0.5264182025603462 0.04879647650082825 -0.01090430562228134
0.8543212193490713 -0.04465945968512663 -0.02248405347424146
0.8441123287414964 -0.04964480005161498 -0.005949271202018789
0.5065514551328294 0.04882894663368399 -0.01075797242257302
0.486691018274085 0.04886119629943609 -0.01061053703579481
0.4668284388199747 0.04889275018955368 -0.0104641759781599
0.446972193533928 0.04892415314527799 -0.01031635783682331
0.4271160990876453 0.04895487738562674 -0.01016956145358549
0.4072655956786414 0.04898546243463654 -0.01002120102905898
0.3875399291042479 0.04901893441243034 -0.009856169086914703
0.8536722629616827 -0.04872477498913527 0.0112203521450148
0.2281105478600838 0.04920015496873729 -0.008907567066951276
0.2075336284032242 0.001455665299387601 -0.04997880589346007
0.03975539978257526 -0.04220895686184487 -0.0268030587925132
0.3986968524987755 0.03184870008351183 0.03854426420351689
0.2273777430084823 0.001377802538233234 -0.0499810129965934
0.3306990104267692 -0.01685913012194016 0.04707196332777602
0.2469375545611406 0.001168025542680495 -0.0499863553015385
0.2770478409416321 -0.015912769801522 -0.04740025060317477
0.2678029006842161 0.0007959368582759204 -0.04999366444378366
0.2080791624840556 0.04918287628169479 -0.009002481916644149
0.02121299731711796 0.04221458135243705 -0.02679419939536307
0.35 -0.0165328669378483 0.04718754402186453
0.03303923596695003 0.04628009091061806 0.01892493554295306
0.8634537894339734 -0.04964721079123461 -0.005929119719715404
0.03262995807053903 0.04999975557596827 0.0001563404727846393
0.387401209555826 -0.04345088039165224 0.02473905804977893
0.4156507469568536 -0.04936145296569344 0.007965360074449496
0.01931075402209305 0.02880404250689779 0.04086963585916598
0.9851986363333196 0.02849607348398965 0.04108495826936012
0.01956129793662119 -0.02867460049444413 0.04096055769254155
0.9867308422266756 -0.02827519879108202 0.04123727844226379
0.4360221471842181 -0.04932009396567358 0.008217562364663164
0.4587593525353005 0.03150500170913289 0.03882569854242849
0.2889582187002367 0.04268224803136574 0.02604276680748373
0.4489829869169005 -0.04295760311459682 0.02558601834300878
0.4761668072305494 -0.04931041692970806 0.008275432449024143
0.2790338481204096 0.04896917878351476 0.01010047173493242
0.4961082279042491 -0.04927413335865462 0.008488803316929928
0.5081418853870467 -0.04300201766925284 0.02551130095415102
0.5360814820670036 -0.0492773009585954 0.008470396108566173
0.5367654665839506 0.03546338091667497 0.03524696602487672
0.5558510117273081 -0.04923623284898079 0.008705939055664585
0.5676965790378731 -0.04295802388976266 0.02558531187002771
0.6360803148840903 0.03613641058286125 0.03455661774807937
0.5960177844731871 -0.04924510429250453 0.008655616859609271
0.7181592717460423 0.03123030052068088 0.03904700154157756
0.9807248297859781 -0.008493181367718502 -0.04927337892062041
0.03182497890967489 -1.022894048131882e-06 -0.04999999998953688
0.6156334266240611 -0.04919643352585146 0.008928097688560434
0.6300262682672438 -0.04229329981830721 0.02666977297388893
0.6558874272647363 -0.04915378756016376 0.009159976445946282
0.6689494392555854 -0.04248834921319123 0.02635792444669937
0.308706675803434 -0.04408853653832026 0.02358391286256798
0.695803899927659 -0.04912240413050178 0.009326811483012924
0.8878784024919802 0.01588693294930484 0.04740891647637913
0.3177759827371417 -0.0337059782745494 0.03693111193229367
0.7082317286358272 -0.0422661537978136 0.02671277303350529
0.7355075090625164 -0.04917892104280371 0.009024063666978359
0.01439852465822417 0.02777851165097982 -0.04157348061512746
0.7547383637797667 -0.04919143348291022 0.008955605613045958
0.7678985841071094 -0.04291541364603042 0.02565671981353242
0.8575880766996594 -0.03034239954130481 0.03974089568789091
0.8000000000000002 -0.03009592477451223 0.03992787637687361
0.9600037650538116 -0.02997897969828844 0.04001575659973968
0.8895674168632755 -0.01621941445883539 0.04729620063612427
0.9422815308929445 -0.04322356879994704 0.02513410233519878
0.8199986434337079 -0.0300292621542925 0.03997803665100097
0.8476503591299309 -0.04237482733600043 0.02654004537004696
0.9103340283901109 -0.0320372028165676 0.03838772767031299
0.7872536783326709 -0.0427573391267301 0.02591929688093015
0.03591476487994326 -0.04379289466003346 0.02412845575861028
0.980995244136552 -0.0297972132283202 -0.04015128993975187
0.9661822725863849 -0.0456300346950865 -0.02044260095303927
0.03210100340973337 -0.03324649319375567 -0.03734529006872966
0.9698644636260755 0.03541110437445516 0.03529948564754794
0.9668521640260637 0.04998633241068928 0.001169004759645755
0.8773309594593004 -0.03165017958566245 0.03870744285270362
0.01272395265788401 -0.04903926402016157 -0.009754516100806203
0.9876022245314175 -0.0490392640201615 0.009754516100806569
0.9660614122419023 0.01458082033976259 -0.04782676738207973
0.9852667866572283 0.04140785332391793 -0.02802480478263675
0.01477515136024547 0.0144926059438063 0.04785357220686404
0.985292366909908 0.01459540235436372 0.04782231937196516
0.01561614092433829 -0.01487770282562906 0.04773524859715585
0.9852545175730613 -0.01459516365274466 0.04782239222320023
0.04475811446446779 0.04904613450853517 0.009719912024842415
0.9173087647110261 0.02532611238230663 0.04311134458119783
0.9577362425521403 0.02701549951018878 0.04207330253515868
0.9454579968368086 0.02831940978707881 0.04120692938464968
0.9724276471021549 -0.03315968803942515 0.03742238753911895
0.04538191817708932 -0.01111338805230954 -0.04874928313317831
0.03135672221030109 0.04809791017633988 -0.01365983296635582
0.02573387636181738 0.02030913003836527 -0.04568959659577626
0.03058756192918775 0.03914147728906833 0.03111181054887915
0.925021866335862 -0.02987703380370645 0.04009192999959197
0.91 0.01024025940844072 0.04894013779351097
2 2 0 25
939
940
941
942
943
944
945
946
947
948
949
950
951
952
953
954
955
956
957
958
959
960
961
962
963
1 -0.02883534653220136 -0.008361808915135355
1 0.03340746794416689 0.006751015065978991
1 0.005533867031720596 -0.03202664035739314
1 -0.006270972879468579 0.03152630961100263
1 -0.02672671475943572 0.01785821986401746
1 -0.01971283993406784 -0.02710182334032052
1 0.01953085435795842 0.02912332548130399
1 0.02792747720342919 -0.01802747365457657
1 0.02106520661450158 -0.03152630961100274
1 0.009276698844404159 -0.01376959357467614
1 0.02228927954666146 -0.001940171523854956
1 0.006304462576590191 0.006574397041179712
1 -0.01006345292030338 -0.001930358278090503
1 -0.01026050891857496 0.01567734579338603
1 -0.00718556166007322 -0.01750693506763066
1 0.03099164658007818 0.02077968254985513
1 -0.03552317421972901 0.006843774366724835
1 -0.0325243755377903 -0.02248828573325933
1 -0.008099741236135121 -0.03456587507818171
1 0.007397116867516622 0.03718781775593653
1 -0.02106520661450177 0.03152630961100264
1 0.03718781775593644 -0.007397116867516793
1 0.004370920140124488 0.02197409943737619
1 -0.02228183947004889 0.006017434566180493
1 0.01948243852426327 0.01387705800863984
2 3 0 25
964
965
966
967
968
969
970
971
972
973
974
975
976
977
978
979
980
981
982
983
984
985
986
987
988
0 -0.02883534653220136 -0.008361808915135355
0 0.03340746794416689 0.006751015065978991
0 0.005533867031720596 -0.03202664035739314
0 -0.006270972879468579 0.03152630961100263
0 -0.02672671475943572 0.01785821986401746
0 -0.01971283993406784 -0.02710182334032052
0 0.01953085435795842 0.02912332548130399
0 0.02792747720342919 -0.01802747365457657
0 0.02106520661450158 -0.03152630961100274
0 0.009276698844404159 -0.01376959357467614
0 0.02228927954666146 -0.001940171523854956
0 0.006304462576590191 0.006574397041179712
0 -0.01006345292030338 -0.001930358278090503
0 -0.01026050891857496 0.01567734579338603
0 -0.00718556166007322 -0.01750693506763066
0 0.03099164658007818 0.02077968254985513
0 -0.03552317421972901 0.006843774366724835
0 -0.0325243755377903 -0.02248828573325933
0 -0.008099741236135121 -0.03456587507818171
0 0.007397116867516622 0.03718781775593653
0 -0.02106520661450177 0.03152630961100264
0 0.03718781775593644 -0.007397116867516793
0 0.004370920140124488 0.02197409943737619
0 -0.02228183947004889 0.006017434566180493
0 0.01948243852426327 0.01387705800863984
3 1 0 361
989
990
991
992
993
994
995
996
997
998
999
1000
1001
1002
1003
1004
1005
1006
1007
1008
1009
1010
1011
1012
1013
1014
1015
1016
1017
1018
1019
1020
1021
1022
1023
1024
1025
1026
1027
1028
1029
1030
1031
1032
1033
1034
1035
1036
1037
1038
1039
1040
1041
1042
1043
1044
1045
1046
1047
1048
1049
1050
1051
1052
1053
1054
1055
1056
1057
1058
1059
1060
1061
1062
1063
1064
1065
1066
1067
1068
1069
1070
1071
1072
1073
1074
1075
1076
1077
1078
1079
1080
1081
1082
1083
1084
1085
1086
1087
1088
1089
1090
1091
1092
1093
1094
1095
1096
1097
1098
1099
1100
1101
1102
1103
1104
1105
1106
1107
1108
1109
1110
1111
1112
1113
1114
1115
1116
1117
1118
1119
1120
1121
1122
1123
1124
1125
1126
1127
1128
1129
1130
1131
1132
1133
1134
1135
1136
1137
1138
1139
1140
1141
1142
1143
1144
1145
1146
1147
1148
1149
1150
1151
1152
1153
1154
1155
1156
1157
1158
1159
1160
1161
1162
1163
1164
1165
1166
1167
1168
1169
1170
1171
1172
1173
1174
1175
1176
1177
1178
1179
1180
1181
1182
1183
1184
1185
1186
1187
1188
1189
1190
1191
1192
1193
1194
1195
1196
1197
1198
1199
1200
1201
1202
1203
1204
1205
1206
1207
1208
1209
1210
1211
1212
1213
1214
1215
1216
1217
1218
1219
1220
1221
1222
1223
1224
1225
1226
1227
1228
1229
1230
1231
1232
1233
1234
1235
1236
1237
1238
1239
1240
1241
1242
1243
1244
1245
1246
1247
1248
1249
1250
1251
1252
1253
1254
1255
1256
1257
1258
1259
1260
1261
1262
1263
1264
1265
1266
1267
1268
1269
1270
1271
1272
1273
1274
1275
1276
1277
1278
1279
1280
1281
1282
1283
1284
1285
1286
1287
1288
1289
1290
1291
1292
1293
1294
1295
1296
1297
1298
1299
1300
1301
1302
1303
1304
1305
1306
1307
1308
1309
1310
1311
1312
1313
1314
1315
1316
1317
1318
1319
1320
1321
1322
1323
1324
1325
1326
1327
1328
1329
1330
1331
1332
1333
1334
1335
1336
1337
1338
1339
1340
1341
1342
1343
1344
1345
1346
1347
1348
1349
0.9080218050394631 -8.813522320584577e-05 -0.0001274556217831929
0.0746645946242734 2.916994586141253e-05 -5.38710556703681e-06
0.1630323457592189 -1.94779824390437e-05 -4.789773705184824e-06
0.2324429708689298 3.768751715454988e-06 -0.0001245220921682194
0.3616031010147692 9.416482039280999e-05 -0.0001664451391232488
0.8194266083924137 0.0001543079300677791 -7.693843264859612e-05
0.5605384682324019 6.877822183018467e-05 -0.0001130750049320546
0.2920319947923772 4.918543303185016e-05 -0.0001365100106595213
0.6599975320625844 5.404337547623879e-05 -0.0001271482131306387
0.5008303311036111 6.332756179756871e-05 -0.0001245641660231611
0.7496739337007015 0.0001638486484634612 -0.0001746014432176257
0.4411420541105606 8.163070443819101e-05 -0.0001677666574479222
0.6103136425507301 0.0004357960960829528 -0.0003801930785664043
0.9540864697538727 0.001650876922356097 0.003576404506355935
0.7048290996630271 0.004337151435785884 -0.002902298191697704
0.8637251833302046 0.001519163744930903 -0.005521460460588108
0.1188506233040197 0.003862557208337239 -0.004351132168704693
0.4013731637828763 0.00467610110806856 -0.00840136996726255
0.03785620281780049 0.01190202502159204 0.002249305795295641
0.1977167632476096 0.009007547434693904 -0.01042744675004134
0.7845624737629131 0.01128070267240365 -0.007754695296917524
0.3268273497269298 -0.01351735541025007 0.002210210153397076
0.5306827908795013 -0.01050709028021179 0.01325799464571324
0.4709732519876176 -0.01034444416607612 0.01331928130389697
0.2622441598799832 -0.004442496212415747 0.01612859648652553
0.5312382951765665 0.01239404367481486 -0.01158770989029784
0.4715622426709193 0.00841818793821624 -0.01475224040524288
0.263007164988615 0.008323258184988075 -0.01497811813754698
0.3193289421542937 0.01814638682856095 -0.001906267124690675
0.1904270018921674 -0.01138904422735245 0.01448004223369832
0.7761044873255506 -0.008636658170133654 0.0163374938998147
0.02984313128905431 -0.01650531442635045 0.01113876730101464
0.9326398715918265 -0.01352270647859612 -0.0147176592315911
0.5855121232528872 -0.01766084849794127 -0.008821112505031843
0.6350202728636718 -0.01942896075711862 -0.003366199987450825
0.5852486578545402 0.017082447021291 -0.01017866071818786
0.4157935506678418 -0.003758817380632352 0.01868230574178521
0.6353266409423024 0.01914926749183244 -0.005319269367332145
0.09950978392335592 -0.005968024491958865 0.01882405012394814
0.8443849931106824 -0.003688253660671806 0.01892227512419634
0.5855509982422873 -0.002681046166671342 0.01900502625538823
0.1382441133120869 -0.005193606675564948 0.0188864766593468
0.7250276264836559 -0.009665466049552457 0.01679241939683146
0.6846722910347359 -0.009510900664960593 0.01691066003051748
0.8841009391158428 -0.01924527574305777 0.005784218732586041
0.7950050397310662 -0.01797417995317644 -0.006510341107095391
0.3855167719315892 -0.02001939252457064 0.002706215604484239
0.9725633529477484 -0.01806505855478243 0.01307979960478931
0.9311062617342507 0.01892249401346101 -0.007441293830772901
0.04926092636296622 -0.01296150869996054 -0.01347893475471117
0.3856246090996678 0.006791570551488068 0.01814470693527581
0.09680991698918966 -0.01382822717488536 -0.01556075534871578
0.1398693325890523 -0.01773046214844792 -0.008831887473616223
0.3392449054428451 0.002210511216144091 -0.02060648594983991
0.8863395712203007 0.02093443321281356 -0.000627164973223196
0.2102685207638311 -0.01859232720998717 -0.009244696091983248
0.7264031481935046 -0.01452408724715666 -0.01325547365636779
0.339879449542784 0.007645274661072708 0.01980414519313712
0.6833112764549009 -0.01471812819557223 -0.01311277509651564
0.8416842210543471 -0.01936249339073652 -0.006981455238699969
0.2102394118365013 0.01148593844467515 0.01713896668369068
0.8414791945428818 0.02063898667443308 0.001378116116532854
0.4192389749162858 -0.01952330863518635 -0.006756154150541448
0.6337897364643025 0.001089880253744346 0.0197305303172304
0.9295558838869676 -0.001061726824832519 0.02122351391035213
0.09527754108443649 0.02133798790625331 -0.0001212589422002145
0.2537075746260151 -0.01914787869847915 -0.008297831919548335
0.7289978565602775 0.02136117341826548 -0.001010420281826199
0.8878328066708155 -0.005625493785378017 -0.02080420084633173
0.9703664466476095 -0.01355716254065734 -0.01646170113176912
0.6805906081216723 0.02128431557691477 -0.001498797090934898
0.5399740930355951 -0.01569055335927194 -0.01429548449711671
0.05446297740683954 -0.003423710574123869 0.02122124020064169
0.1433755328123692 0.01134778188796844 -0.01850144285700018
0.9728997642985658 0.02264816868303427 0.006281173294315297
0.3112434274870587 0.001546966977748184 0.02201718406221612
0.4803474055608812 0.01773832993251249 0.01197383396123238
0.3109845775612722 -0.004097923332564334 -0.02165738261139566
0.1820028224137018 -0.01583539526592873 -0.01525949106656953
0.8726539206544424 0.001828148631587437 0.02203654804275324
0.4215594825901264 0.02092149087675962 0.004604414926351382
0.769312649404598 -0.01114154980575632 -0.01859661498736707
0.4820814638465244 -0.01832478409016716 -0.01209388861428312
0.1821215834542403 0.01830585243105284 0.01255999308809986
0.05782809393415614 0.01368668315975979 -0.01837707235337888
0.2507927377123597 0.0204367397751587 0.007875636991376476
0.1450872908774568 0.02048737423624996 0.008482354953635656
0.8408855465347018 0.004658782014728665 -0.0220574531706318
0.3790581651403069 0.02217908732176962 -0.005005870749250382
0.7986445223207831 0.01062907639702294 0.01841408844465361
0.3781643072002189 -0.002348738836197488 -0.0229700569684809
0.4255183194340492 0.006189989836173256 -0.02273744079978444
0.5197336402951924 0.01596385679102374 0.01442892650169561
0.704757092072089 -0.023138672714879 0.002869631297574759
0.455167775020971 -0.02331191305027856 -0.005510296867024901
0.5147383314906533 -0.02332113373123548 -0.005457891357875631
0.2775522563737091 0.01849695197367192 0.01446920055691075
0.6434930660967484 -0.00111668896006992 -0.02233287058807468
0.02269230999004139 0.01385164776568814 0.02151814967965373
0.7669646042630264 0.01808006167801289 0.01345213360446976
0.4552440590599643 0.01090113750826785 0.02076915163985805
0.8059091629387763 0.004398533815592877 -0.02360324688695917
0.2783615357910129 -0.01406677358361503 -0.01937976869184769
0.3463210741346119 0.02272706964875543 -0.002119546664571052
0.06176549891952152 0.0210346991414629 0.01164251623617406
0.2174148307226888 -0.01520910484727472 0.0169575536461732
0.9205431360666446 -0.02290542071127052 0.00776043531441653
0.5459781832149999 0.02080410346272645 0.009573288181359078
0.2203795647537261 0.003512422600788257 -0.02400671200232414
0.5131057283526436 -0.003435224939339716 -0.02402002010505786
0.349038710753181 -0.02116587434773163 -0.01118198392708216
0.965505594206805 0.01335573446135417 -0.01843309858007327
0.5725899133592601 0.02017910142955557 0.0133349990767453
0.1151737736753455 -0.02244532585789013 0.003163958123467462
0.02659956494447178 0.004123048063421357 -0.02250775508598895
0.4532620303999518 0.02394299558907798 -0.002648683627676637
0.173506180992008 0.01892451382365577 -0.01557443984783181
0.08594811428805821 0.009618079564965271 -0.02219748581898574
0.8989261611091247 0.007224522950078949 0.02410979052133521
0.9515626983078816 -0.02548453543185467 -0.0009103516665713279
0.7604294753728695 0.01799686304005079 -0.01674881345866294
0.8089037666444862 0.02452310374660259 -0.001817086326151204
0.3497655427858425 -0.01832865894998474 0.01570241322638092
0.2199792085135799 0.02358861363230503 -0.005112617245062217
0.6721882468540101 0.00743338488560391 -0.02245836186194515
0.5717109408002644 -0.0009663771021306291 -0.02417775315716203
0.3025428156931492 -0.02450822958144134 0.000396364690450084
0.5988757220735266 -0.0007634932631815326 -0.02425740170697844
0.11851510960315 0.01236714269708085 0.02071942123385347
0.5519161819019902 9.33527145729101e-05 0.024853789336414
0.7366913974625707 0.00797794627391556 -0.02239985654299547
0.704929561596512 0.006140279001051999 0.0234594488965813
0.2872989101803758 0.02152070100294246 -0.01435761189181827
0.505950301731693 0.02103274469275497 -0.01501245429104513
0.4507224910540827 -0.004674738735107504 -0.02430367449768773
0.9129479876944995 -0.0004145383196534382 -0.02583875296644364
0.8064199154068877 -0.01539602969076062 0.01800463976732387
0.4928147449587987 -0.001446528048472291 0.02480994671319082
0.974404712079608 0.00479994254447891 0.02478462846487596
0.1692371438770577 -0.0005343271741211396 0.02546601767295574
0.6560037951532163 0.02384355627393342 0.01001819314223043
0.6087658859165067 -0.01457358902247347 0.02098848754920921
0.5991913438357445 0.0211477443664906 0.01216029977909247
0.6599296299332789 -0.007273814109290276 0.02492855807727588
0.75 -0.001624257935544385 0.02590258825206132
0.2861822691824663 -0.01317785941071086 0.02152702264622363
0.4404886288593762 -0.0103663988915489 0.02368476673666279
0.9106364990434366 0.02448114037378289 0.007193185176569214
0.2374484444030052 0.005790321150716912 0.02475319156870885
0.7439056852279838 -0.02514670871349532 0.003021244205926601
0.9029219333352346 -0.02392911647373076 -0.01101783700202404
0.1694411934244449 -0.02479882440482455 0.006034195770921077
0.555563953913695 0.0180659473528815 -0.01784486014265564
0.4942790640742608 -0.02262346093079833 0.01019701543615674
0.6102676954839752 -0.02433915631306277 -0.007985349684048917
0.6597976846901434 -0.0244665883017515 -0.007612049821625091
0.0778782916273347 0.006302890143192356 0.02510920397540786
0.0729701612700603 -0.02216622699603312 -0.01235864416569229
0.5538330951846158 -0.02211865031727527 0.01156536265144424
0.941955622288015 0.02069666390247438 0.01572292884716796
0.1626123159408391 -0.003407678713050659 -0.02572352916530737
0.8176266107350976 -0.01761705526964918 -0.0182780641051634
0.7047887456476293 -0.008153946311627303 -0.02506555551018687
0.8662833376782221 -0.02286394741345392 -0.01183245572788651
0.609732916905839 0.02353808169032538 -0.01074463443172111
0.07504390700826918 -0.0178392884339476 0.01795619391558917
0.3975010171917733 -0.0180082149385489 -0.01931278161146284
0.3643014186690987 0.01980403423813156 0.01522147471181315
0.240197654134806 0.01800968319106563 -0.01887363746088238
0.8228040777728655 0.01741030228549686 0.01783473794300158
0.02440710333050116 -0.02019453916698992 -0.01390215084858729
0.1267640435346607 -0.005569263897004351 -0.02620522874915734
0.242453864319044 -0.02088618276050041 0.01481306491119811
0.3605264608492629 0.01513052886176105 -0.02110857254228647
0.05318731685732834 -0.02455820102515907 0.00817075901669248
0.905127756479801 0.02108030733946178 -0.01660774086774795
0.860011292354931 -0.02250110704441217 0.0126269998247908
0.8738120979459433 0.0173757503795186 -0.02148555069707445
0.6948831589859014 0.01749547057846818 -0.02123535351204733
0.2432540746337896 -0.005403221566799633 -0.02584553621072829
0.9496879442454483 -0.01487748726149138 0.02100310305835328
0.9427244550849638 0.006445851581262902 -0.0254955414583878
0.02194961261400966 0.02383896420375831 -0.01042872055581454
0.7729100055896007 -0.02702393310527765 5.990048663950115e-05
0.3643748087910658 -0.00192596000815082 0.02615057611533329
0.5623406796438131 -0.02451723076987957 -0.01103300115355066
0.1097060431386912 0.01266594892361912 -0.02483425134654681
0.1190395443486865 0.0279738441859251 -0.00247097739897464
0.6213446762951466 0.008135997661197127 -0.0253453659239536
0.3982654951136762 0.0254604497337881 0.009347538512088577
0.8643096770201036 0.02059631885744264 0.009302451215879489
0.7053909769448626 0.02816346708361637 0.0007586298030321653
0.6230312169612304 0.02209362960511807 0.0151309734833712
0.821484082800916 -0.02713644506821182 0.003436169562083851
0.7308652476178392 0.01372378508376671 0.0224762581039946
0.2752081891163463 -0.02510485972713221 0.002673615935028364
0.3015574815754112 0.02242819886410223 0.01414526696570034
0.6757625140026767 0.01363015888004756 0.02218208230216563
0.4896603871301336 -0.001216026745862421 -0.02662885421734352
0.8253387585313106 0.0218652596172028 -0.01837471223579702
0.5778755967126687 -0.02488883832744407 0.01302581810047576
0.6570452067167651 0.02299548426174152 -0.01345125215687357
0.9026498002552485 -0.01629272361828817 0.02214413898573804
0.9527738608931201 0.02768104182650256 -0.004799972478018697
0.9781981125348785 0.000684201682483611 0.0003254300325621368
0.4319713285697561 0.01251202446225843 0.02397955240266588
0.07455427509120334 0.0267709421425864 -0.009029844389624181
0.7467712321240423 -0.01306953260657553 -0.02480598520098065
0.860609836406663 -0.00637624894645041 -0.02705677613958316
0.3951162448631094 -0.01421426303915456 0.02355779320277582
0.6245609562776553 -0.0147552891754318 -0.0235261709865153
0.5008952883217791 0.02689272733612815 0.006746478676696041
0.2320854834018177 -0.02279431707699761 -0.01554374320990379
0.642065748916182 -0.02040847672780577 0.01857483859384701
0.3715624980866165 -0.02296454104434514 -0.01529621244514781
0.5110483071971744 -0.01539238977723202 0.02412275350699941
0.06851100687839211 -0.004955011135810384 -0.02745800716298549
0.4076227217399871 0.02626213454373861 -0.0127497271252421
0.2000974795122353 -0.007269873256555559 -0.02631215213920746
0.8232419266439928 -0.003252668672518845 0.02760527771808627
0.7174988312751385 0.02010969070144138 -0.02062870291298659
0.4845773136708645 0.02623635929396317 -0.009123469375676325
0.3281067781517175 -0.01898194108891425 -0.01984620539422039
0.290371306122471 0.00335885998711738 -0.02768030043969444
0.09180553909417363 -0.0268726698176891 0.003694262243091666
0.7506107196297288 0.02782414365512897 0.00115642753914989
0.3169475176175767 0.01748063637877029 -0.02431469895250918
0.5430879426329146 0.002113779331705815 -0.02782325349531713
0.1608284274720842 -0.02344633016903741 -0.01471593216869499
0.4362271021817807 -0.02622097355778314 0.007414288191278223
0.4362427438380891 -0.02141761301910643 -0.02115094704501189
0.664741272860412 -0.01346103459399679 -0.02670385828888419
0.7817491333666848 0.004445847155613894 -0.02899402278566391
0.4451150571779148 0.01678128976588302 -0.02211486362685971
0.09685675558583305 0.01748132362849154 0.02176395089837265
0.03367428682573351 -0.003935874526306907 0.02906193254100902
0.3656331393085729 -0.02963336818784592 0.005041161963900833
0.2684328821198799 0.02678811194404073 -0.003964183817628874
0.7050009458595308 -0.01603004303395215 0.02387216759592166
0.1650135484693283 0.02857094620349941 0.002631451583092028
0.3919329024101864 0.01468421136132946 -0.02565280250056767
0.1989237835498249 0.02813793863981245 0.001317607847424684
0.9525994378741068 0.005827541291494199 0.02809691685898637
0.2285823434713021 0.0236126804783919 0.01521491299351128
0.1560174611550172 -0.01781437903730032 0.02203827516451724
0.1379077475936764 -0.02664854233155457 0.0118286958993079
0.8529034498232557 0.02232305084075386 -0.01723317957908617
0.1918670134483595 0.005960788411431656 0.02802910316651925
0.118909254496308 -0.008019783666060654 0.02906620638426347
0.3574246825510622 -0.008347703977761753 -0.02689482619814495
0.4056124929138683 -0.02785238893298232 0.009078974538237642
0.7884912440934472 0.02757940607692096 0.007418440306094971
0.3293945329780922 -0.01198243119387365 0.02482540222631626
0.528222653330247 0.03029607259839302 0.0004193070175046078
0.3073018548277756 -0.02043570734573116 0.02183403291574366
0.2909235152715035 0.007250173764033906 0.02752678543002186
0.6100742346861303 0.007374912546054617 0.02650396769205527
0.9511042986156085 -0.01909721984515341 -0.02410791507910152
0.668329037428906 -0.02439287162165774 0.0131268670620209
0.4104775232220531 0.01646909367474004 0.02512663032829981
0.1823393766195016 0.004712681910331426 -0.02927516084959168
0.7581323056061686 -0.0210508118531519 0.01936443184734941
0.01790534730387131 -0.02916569519438397 0.002213253401450416
0.2985566427968716 -0.02184460443478942 -0.02075155037038353
0.530644343154586 0.004266369960892975 0.02990674773760457
0.2579388218570157 0.0136763601014113 0.02715181169531054
0.1923972007090236 -0.02859594369920852 9.926066706440924e-05
0.8826390073234904 0.02082977184191944 0.02056756159810699
0.02036237285814566 -0.001170463704386638 -0.001848754314951936
0.04411124740089483 0.01537089649736821 0.02252059694786824
0.1162475858633786 -0.02250458531421183 -0.01826655597582051
0.3222039801259494 0.01976956120468571 0.01927854490115129
0.15080440358061 0.01043891801946986 0.02658698834281355
0.4062459095381036 -0.0008918167909298414 -0.02863660445757638
0.5343126673359613 -0.02867656578668304 0.002069269147090654
0.4725617536442112 0.002675664884375363 0.03016621454594088
0.8467083922261547 0.0183016703286191 0.02315017425126287
0.9834473310235303 0.0227411612611591 0.02148992026495933
0.5614485396155584 0.03038957997928641 -0.001583282036669914
0.04991928481345393 0.02818429835756111 -0.004721069938379905
0.7794870469276945 0.008968430365095476 0.02902605698967439
0.5009903811629167 -0.02050135497188729 -0.02123274598131773
0.684878940080177 -0.03001029224339698 0.001324648587291086
0.8386079329351939 -0.02478826847801419 0.01698587502679869
0.0461015228900975 0.0002194713694055996 -0.02972490015419058
0.8882361567778653 0.001371773762655318 0.006935470439515327
0.428587647444383 0.02712759815301988 -0.0142248799103141
0.3749077903778152 -0.01932576713110385 0.02084071371965273
0.7884325856913849 -0.01532976597885899 -0.02632625219789667
0.7708625337807626 0.03048097823009296 -0.003537861375037437
0.02498824995354692 0.03008639708397187 0.008996925837136224
0.9831656961661771 0.02818693098416828 -0.008904866778853627
0.4706984623667384 -0.01023719263164564 -0.02782214707567905
0.08105856415303428 0.02863816420456378 0.01318015024873929
0.5982683160358615 -0.02828457474423287 0.00889404922451315
0.138664684456729 0.02933772870200782 -0.009201904730258273
0.5686770053572818 -0.01217354069848477 0.02676485657399777
0.3366755877964773 0.02284057506400619 -0.02053577963278799
0.09547061121337459 0.0005243234349301511 -0.0005397179746558615
0.9224881045025561 0.01870393041217066 0.02371625237312897
0.9825593684527038 -0.02927136744417726 0.000519952858086703
0.3823670045755866 0.0001432422099755794 -0.001286843032241647
0.7934689454974243 0.02100651742487907 -0.02377647504171884
0.4203852255548218 0.0004550253253745703 -0.001144425430433721
0.9287345281695156 -5.449010072456663e-05 0.0005407814691771387
0.139151744413719 0.001391595993772753 -0.0007807565321295354
0.3354295338909788 0.005162536040056186 -0.0004399810524773171
0.4552450630693362 -0.02436582682090358 0.01704339646943743
0.7240347905867601 -0.02945645197016108 0.009153174482183576
0.5208815830676197 -0.00364941414085585 -0.00362362890538672
0.4732057657545978 -0.02896439017063342 0.003754911056313835
0.2101025326162203 -0.002963797268541478 0.0319213279470297
0.2720880967117087 -0.004893676302885662 -0.001997260434185948
0.9809534034733132 -0.001941841992076743 -0.02975847876387279
0.7569049680731846 -0.02654900008628635 -0.01288514445488011
0.2261934692467354 -0.03003191200255866 0.003932645657307519
0.8419923992737003 -0.01530074155516852 -0.02722225849211006
0.8400069161570369 0.0002157076620485942 -0.0008183967548434923
0.7584765284382478 0.002944620269631371 -0.03089776446615395
0.4611407788040965 0.00396807130037507 0.002366986719127018
0.2119440330588201 -0.0007237800589424312 0.0007233721524085609
0.9328583298737118 -0.03175014501070414 -0.005756253704743914
0.7943503690253444 -0.005028215681782116 0.03093993470244189
0.2634054962968031 -0.005213352928954694 -0.03065884883830952
0.70547984903623 -0.0271672192324514 -0.01727709755934156
0.6230213494585973 -0.02803099533258249 0.01222631516064988
0.6804339035717913 0.0008737697189719271 -0.0001924446025615527
0.724903676709957 0.001337144157796309 -0.0004405718913283937
0.03878818502965189 0.02069288816729756 -0.02183649572681683
0.6294051773422327 -0.0002579837035419096 -0.007581091530958196
0.1452798152373719 -0.01383115724058465 -0.02806963105414584
0.1071547924818971 -0.00637883980638942 -0.03134233139345521
0.3342836977521269 -0.03190862184348284 -0.002218940406400891
0.8595825386297898 -0.01167551870568662 0.02986334619903784
0.7904731576195961 -0.02759829014110992 0.01166256882663927
0.9018739398406659 -0.03084437720462209 0.008027320500317956
0.05437904368786613 0.0001162752546217413 0.00120999879773439
0.8823479007777777 -0.01598797077804053 0.02614568131973569
0.2054858293180805 0.02555494110785987 -0.01908273173926184
0.3030180383745729 0.02985773530474971 -0.004654237511937966
0.6942537320775172 0.02444449257749875 0.01896228492381493
0.6448962562063635 -0.02127407498234816 -0.02095189723407824
0.5559894922576337 -0.0134896898772071 -0.02681259033520746
0.7992088315433206 0.0003623345109335774 0.0009733205202747358
0.7698168248847623 -0.0008713554881609326 -0.001213954560281048
0.41625244752203 -0.01890316455612548 -0.02669709945786738
0.5807124747660684 3.122143801707195e-05 -0.0003935016330056107
0.5853857192638087 -0.01503828347267016 -0.02881085881981287
0.5851741975722712 0.012871829965371 -0.0298583295589959
0.1830646999868889 -0.001355243059523066 -0.001329916317170748
0.8237581166850707 -0.002377937142983257 -0.02983045570352201
0.6387203281229591 0.01818867909550403 -0.02508284083446133
0.3120319766307355 -0.0005693756534938863 -0.001909527329582421
0.5019513042351841 0.01718977582555674 0.02506563466707814
0.4394839291307239 0.02824767433008531 0.01246208945308143
0.5201114907616168 0.01533968728103217 -0.0279679774041279
0.8917515361722945 0.01232073677240926 -0.0284487405155383
0.7422686039600946 0.02644413111485244 -0.0170023873913842
0.4661852874684515 0.02751426971866888 -0.01753288286502217
0.5861844479093995 0.03266372972917 0.00229224952916849
0.01835441843697475 -0.01155990268370535 -0.02998480234537875
$EndNodes
$Elements
4 6889 1 6889
2 1 2 1844
1 1 927 3 
2 17 925 1 
3 1 925 66 
4 66 927 1 
5 18 924 2 
6 2 926 18 
7 67 926 2 
8 2 924 81 
9 3 873 4 
10 3 927 873 
11 4 125 5 
12 4 873 125 
13 5 921 6 
14 125 921 5 
15 6 783 7 
16 6 921 783 
17 7 109 8 
18 7 783 109 
19 8 914 9 
20 109 914 8 
21 9 889 10 
22 9 914 889 
23 10 107 11 
24 10 889 107 
25 11 592 12 
26 107 592 11 
27 12 923 13 
28 592 923 12 
29 13 110 14 
30 13 923 110 
31 14 793 15 
32 110 793 14 
33 15 123 16 
34 15 793 123 
35 16 871 17 
36 123 871 16 
37 871 925 17 
38 18 128 19 
39 19 549 18 
40 18 926 128 
41 549 924 18 
42 20 122 19 
43 19 558 20 
44 122 549 19 
45 128 558 19 
46 20 112 21 
47 21 130 20 
48 20 558 112 
49 20 130 122 
50 22 92 21 
51 21 602 22 
52 92 130 21 
53 112 602 21 
54 23 550 22 
55 22 603 23 
56 22 550 92 
57 602 603 22 
58 23 91 24 
59 24 551 23 
60 23 603 91 
61 23 551 550 
62 25 86 24 
63 24 618 25 
64 86 551 24 
65 91 618 24 
66 25 625 26 
67 26 771 25 
68 25 771 86 
69 618 625 25 
70 26 95 27 
71 27 573 26 
72 26 625 95 
73 573 771 26 
74 28 93 27 
75 27 631 28 
76 93 573 27 
77 95 631 27 
78 29 574 28 
79 28 747 29 
80 28 574 93 
81 631 747 28 
82 29 97 30 
83 30 575 29 
84 29 747 97 
85 29 575 574 
86 31 84 30 
87 30 698 31 
88 84 575 30 
89 97 698 30 
90 32 517 31 
91 31 702 32 
92 31 517 84 
93 698 702 31 
94 32 99 33 
95 33 115 32 
96 32 702 99 
97 115 517 32 
98 34 530 33 
99 33 858 34 
100 99 858 33 
101 33 530 115 
102 35 88 34 
103 34 864 35 
104 88 530 34 
105 858 864 34 
106 35 100 36 
107 36 533 35 
108 35 533 88 
109 35 864 100 
110 37 116 36 
111 36 704 37 
112 100 704 36 
113 116 533 36 
114 38 577 37 
115 37 707 38 
116 37 577 116 
117 704 707 37 
118 38 101 39 
119 39 578 38 
120 38 707 101 
121 38 578 577 
122 40 82 39 
123 39 710 40 
124 82 578 39 
125 101 710 39 
126 41 537 40 
127 40 716 41 
128 40 537 82 
129 710 716 40 
130 41 102 42 
131 42 117 41 
132 41 716 102 
133 117 537 41 
134 43 580 42 
135 42 717 43 
136 102 717 42 
137 42 580 117 
138 44 581 43 
139 43 723 44 
140 43 581 580 
141 717 723 43 
142 45 87 44 
143 44 103 45 
144 87 581 44 
145 44 723 103 
146 46 538 45 
147 45 724 46 
148 45 538 87 
149 103 724 45 
150 47 118 46 
151 46 729 47 
152 118 538 46 
153 724 729 46 
154 47 104 48 
155 48 582 47 
156 47 729 104 
157 47 582 118 
158 49 583 48 
159 48 682 49 
160 104 682 48 
161 48 583 582 
162 50 83 49 
163 49 121 50 
164 83 583 49 
165 49 682 121 
166 51 586 50 
167 50 678 51 
168 50 586 83 
169 121 678 50 
170 51 105 52 
171 52 587 51 
172 51 678 105 
173 51 587 586 
174 53 94 52 
175 52 731 53 
176 94 587 52 
177 105 731 52 
178 54 540 53 
179 53 730 54 
180 53 540 94 
181 53 731 730 
182 54 98 55 
183 55 119 54 
184 54 730 98 
185 119 540 54 
186 56 542 55 
187 55 691 56 
188 98 691 55 
189 55 542 119 
190 57 85 56 
191 56 690 57 
192 85 542 56 
193 56 691 690 
194 57 96 58 
195 58 544 57 
196 57 544 85 
197 57 690 96 
198 59 120 58 
199 58 635 59 
200 96 635 58 
201 120 544 58 
202 60 546 59 
203 59 634 60 
204 59 546 120 
205 59 635 634 
206 61 89 60 
207 60 90 61 
208 89 546 60 
209 60 634 90 
210 62 897 61 
211 61 907 62 
212 61 897 89 
213 90 907 61 
214 62 604 63 
215 63 938 62 
216 62 907 604 
217 62 938 897 
218 63 113 64 
219 64 114 63 
220 63 604 113 
221 114 938 63 
222 65 548 64 
223 64 571 65 
224 113 571 64 
225 64 548 114 
226 66 127 65 
227 65 129 66 
228 127 548 65 
229 65 571 129 
230 66 925 127 
231 129 927 66 
232 68 872 67 
233 872 926 67 
234 69 124 68 
235 124 872 68 
236 70 784 69 
237 69 784 124 
238 71 920 70 
239 70 920 784 
240 72 108 71 
241 108 920 71 
242 73 797 72 
243 72 797 108 
244 74 792 73 
245 792 797 73 
246 75 106 74 
247 106 792 74 
248 76 901 75 
249 75 901 106 
250 77 863 76 
251 863 901 76 
252 78 111 77 
253 111 863 77 
254 79 799 78 
255 78 799 111 
256 80 126 79 
257 126 799 79 
258 81 870 80 
259 80 870 126 
260 81 924 870 
261 537 875 82 
262 82 579 578 
263 82 875 579 
264 83 886 583 
265 586 739 83 
266 739 886 83 
267 517 518 84 
268 518 519 84 
269 519 575 84 
270 496 542 85 
271 85 543 496 
272 85 544 543 
273 86 552 551 
274 86 553 552 
275 86 771 553 
276 538 656 87 
277 87 883 581 
278 656 883 87 
279 88 531 530 
280 88 532 531 
281 88 533 532 
282 494 546 89 
283 89 547 494 
284 89 897 547 
285 634 904 90 
286 904 919 90 
287 90 919 907 
288 603 777 91 
289 91 619 618 
290 91 777 619 
291 92 131 130 
292 92 132 131 
293 92 550 132 
294 93 574 525 
295 525 738 93 
296 93 738 573 
297 540 888 94 
298 94 588 587 
299 94 888 588 
300 625 626 95 
301 626 627 95 
302 627 631 95 
303 96 909 635 
304 690 905 96 
305 905 909 96 
306 97 699 698 
307 97 776 699 
308 747 776 97 
309 98 692 691 
310 98 693 692 
311 98 730 693 
312 702 743 99 
313 743 898 99 
314 99 898 858 
315 504 705 100 
316 100 864 504 
317 100 705 704 
318 707 713 101 
319 101 711 710 
320 101 713 711 
321 716 720 102 
322 102 718 717 
323 102 720 718 
324 723 726 103 
325 103 725 724 
326 103 726 725 
327 104 683 682 
328 104 684 683 
329 104 729 684 
330 678 733 105 
331 105 732 731 
332 105 733 732 
333 106 890 792 
334 106 935 890 
335 901 935 106 
336 107 889 498 
337 498 922 107 
338 107 922 592 
339 108 855 768 
340 768 920 108 
341 797 916 108 
342 108 916 855 
343 772 914 109 
344 109 915 772 
345 783 915 109 
346 110 510 508 
347 508 918 110 
348 110 923 510 
349 110 918 793 
350 799 867 111 
351 111 934 863 
352 867 934 111 
353 558 559 112 
354 559 560 112 
355 560 602 112 
356 113 572 571 
357 113 937 572 
358 604 937 113 
359 548 931 114 
360 775 929 114 
361 114 931 775 
362 929 938 114 
363 115 535 517 
364 530 536 115 
365 115 536 535 
366 116 534 533 
367 116 856 534 
368 577 856 116 
369 502 537 117 
370 117 576 502 
371 117 580 576 
372 501 538 118 
373 118 539 501 
374 118 582 539 
375 497 540 119 
376 119 541 497 
377 119 542 541 
378 495 544 120 
379 120 545 495 
380 120 546 545 
381 121 679 678 
382 121 680 679 
383 121 682 680 
384 130 514 122 
385 514 515 122 
386 515 549 122 
387 123 793 506 
388 506 917 123 
389 123 917 871 
390 570 872 124 
391 124 913 570 
392 784 913 124 
393 125 512 511 
394 511 921 125 
395 125 932 512 
396 873 932 125 
397 126 865 799 
398 126 936 865 
399 870 936 126 
400 127 930 548 
401 871 917 127 
402 127 925 871 
403 917 930 127 
404 128 570 558 
405 128 872 570 
406 128 926 872 
407 571 906 129 
408 873 927 129 
409 129 932 873 
410 906 932 129 
411 131 514 130 
412 132 133 131 
413 133 763 131 
414 131 763 514 
415 132 134 133 
416 132 764 134 
417 550 764 132 
418 134 135 133 
419 135 263 133 
420 263 763 133 
421 134 136 135 
422 134 404 136 
423 134 764 404 
424 136 137 135 
425 137 601 135 
426 135 601 263 
427 136 138 137 
428 136 757 138 
429 404 757 136 
430 138 139 137 
431 139 141 137 
432 141 601 137 
433 138 140 139 
434 138 143 140 
435 138 757 143 
436 140 745 139 
437 139 142 141 
438 139 745 142 
439 143 144 140 
440 144 145 140 
441 145 745 140 
442 142 147 141 
443 147 600 141 
444 600 601 141 
445 142 148 147 
446 142 758 148 
447 745 758 142 
448 143 742 144 
449 557 742 143 
450 143 757 557 
451 144 146 145 
452 144 149 146 
453 144 742 149 
454 146 253 145 
455 253 485 145 
456 485 745 145 
457 149 150 146 
458 150 753 146 
459 146 753 253 
460 148 266 147 
461 266 286 147 
462 286 600 147 
463 148 267 266 
464 148 282 267 
465 148 758 282 
466 149 151 150 
467 149 269 151 
468 149 742 269 
469 151 152 150 
470 152 252 150 
471 252 753 150 
472 151 153 152 
473 151 862 153 
474 269 862 151 
475 153 154 152 
476 154 756 152 
477 152 756 252 
478 153 155 154 
479 153 853 155 
480 153 862 853 
481 155 156 154 
482 156 251 154 
483 251 756 154 
484 155 157 156 
485 155 268 157 
486 155 853 268 
487 157 158 156 
488 158 755 156 
489 156 755 251 
490 157 159 158 
491 157 806 159 
492 268 806 157 
493 159 160 158 
494 160 232 158 
495 232 755 158 
496 159 161 160 
497 159 285 161 
498 159 806 285 
499 161 162 160 
500 162 769 160 
501 160 769 232 
502 161 163 162 
503 161 613 163 
504 285 613 161 
505 163 164 162 
506 164 689 162 
507 689 769 162 
508 163 165 164 
509 163 284 165 
510 163 613 284 
511 165 166 164 
512 166 167 164 
513 167 689 164 
514 165 632 166 
515 284 389 165 
516 389 632 165 
517 166 168 167 
518 166 169 168 
519 166 632 169 
520 168 231 167 
521 231 271 167 
522 271 689 167 
523 169 170 168 
524 170 735 168 
525 168 735 231 
526 169 171 170 
527 169 235 171 
528 169 632 235 
529 171 172 170 
530 172 765 170 
531 170 765 735 
532 171 173 172 
533 171 637 173 
534 235 637 171 
535 173 174 172 
536 174 230 172 
537 230 765 172 
538 173 175 174 
539 173 236 175 
540 173 637 236 
541 175 176 174 
542 176 750 174 
543 174 750 230 
544 175 177 176 
545 175 638 177 
546 236 638 175 
547 177 178 176 
548 178 751 176 
549 176 751 750 
550 177 179 178 
551 177 237 179 
552 177 638 237 
553 179 180 178 
554 180 229 178 
555 229 751 178 
556 179 181 180 
557 179 639 181 
558 237 639 179 
559 181 182 180 
560 182 786 180 
561 180 786 229 
562 181 183 182 
563 181 238 183 
564 181 639 238 
565 183 184 182 
566 184 788 182 
567 182 788 786 
568 183 185 184 
569 183 640 185 
570 238 640 183 
571 185 186 184 
572 186 228 184 
573 228 788 184 
574 185 187 186 
575 185 239 187 
576 185 640 239 
577 187 188 186 
578 188 791 186 
579 186 791 228 
580 187 189 188 
581 187 644 189 
582 239 644 187 
583 189 190 188 
584 190 795 188 
585 188 795 791 
586 189 191 190 
587 189 240 191 
588 189 644 240 
589 191 192 190 
590 192 227 190 
591 227 795 190 
592 191 193 192 
593 191 646 193 
594 240 646 191 
595 193 194 192 
596 194 802 192 
597 192 802 227 
598 193 195 194 
599 193 241 195 
600 193 646 241 
601 195 196 194 
602 196 805 194 
603 194 805 802 
604 195 197 196 
605 195 647 197 
606 241 647 195 
607 197 198 196 
608 198 250 196 
609 250 805 196 
610 197 199 198 
611 197 242 199 
612 197 647 242 
613 199 200 198 
614 200 749 198 
615 198 749 250 
616 199 201 200 
617 199 648 201 
618 242 648 199 
619 201 202 200 
620 202 249 200 
621 249 749 200 
622 201 203 202 
623 201 243 203 
624 201 648 243 
625 203 204 202 
626 204 748 202 
627 202 748 249 
628 203 205 204 
629 203 651 205 
630 243 651 203 
631 205 206 204 
632 206 226 204 
633 226 748 204 
634 205 207 206 
635 205 244 207 
636 205 651 244 
637 207 208 206 
638 208 823 206 
639 206 823 226 
640 207 209 208 
641 207 652 209 
642 244 652 207 
643 209 210 208 
644 210 826 208 
645 208 826 823 
646 209 211 210 
647 209 245 211 
648 209 652 245 
649 211 212 210 
650 212 225 210 
651 225 826 210 
652 211 213 212 
653 211 615 213 
654 245 615 211 
655 213 214 212 
656 214 819 212 
657 212 819 225 
658 213 215 214 
659 213 246 215 
660 213 615 246 
661 215 216 214 
662 216 813 214 
663 813 819 214 
664 215 217 216 
665 215 677 217 
666 246 677 215 
667 217 218 216 
668 218 223 216 
669 223 813 216 
670 217 219 218 
671 217 247 219 
672 217 677 247 
673 219 220 218 
674 220 657 218 
675 218 657 223 
676 219 221 220 
677 219 709 221 
678 247 709 219 
679 221 222 220 
680 222 233 220 
681 233 657 220 
682 221 224 222 
683 221 248 224 
684 221 709 248 
685 224 643 222 
686 222 234 233 
687 222 643 234 
688 657 785 223 
689 785 836 223 
690 223 836 813 
691 248 258 224 
692 258 270 224 
693 270 643 224 
694 225 819 607 
695 607 825 225 
696 825 826 225 
697 642 822 226 
698 226 823 642 
699 226 822 748 
700 676 796 227 
701 227 802 676 
702 227 796 795 
703 672 789 228 
704 228 791 672 
705 228 789 788 
706 668 781 229 
707 229 786 668 
708 229 781 751 
709 662 663 230 
710 230 750 662 
711 663 765 230 
712 231 272 271 
713 231 655 272 
714 231 735 655 
715 232 861 755 
716 769 774 232 
717 774 861 232 
718 234 254 233 
719 254 760 233 
720 233 760 657 
721 234 255 254 
722 234 421 255 
723 234 643 421 
724 632 708 235 
725 235 851 637 
726 708 851 235 
727 637 850 236 
728 236 849 638 
729 236 850 849 
730 638 848 237 
731 237 847 639 
732 237 848 847 
733 639 846 238 
734 238 845 640 
735 238 846 845 
736 640 842 239 
737 239 841 644 
738 239 842 841 
739 644 838 240 
740 240 837 646 
741 240 838 837 
742 646 834 241 
743 241 833 647 
744 241 834 833 
745 647 831 242 
746 242 829 648 
747 242 831 829 
748 648 827 243 
749 243 824 651 
750 243 827 824 
751 651 821 244 
752 244 817 652 
753 244 821 817 
754 245 810 615 
755 652 814 245 
756 245 814 810 
757 615 801 246 
758 246 794 677 
759 246 801 794 
760 677 787 247 
761 247 773 709 
762 247 787 773 
763 248 262 258 
764 248 664 262 
765 248 709 664 
766 748 816 249 
767 249 812 749 
768 249 816 812 
769 749 811 250 
770 250 807 805 
771 250 811 807 
772 755 859 251 
773 251 857 756 
774 251 859 857 
775 252 800 753 
776 756 854 252 
777 252 854 800 
778 253 486 485 
779 253 487 486 
780 253 753 487 
781 255 256 254 
782 256 257 254 
783 257 760 254 
784 255 584 256 
785 421 422 255 
786 422 584 255 
787 256 259 257 
788 256 261 259 
789 256 584 261 
790 259 260 257 
791 260 400 257 
792 400 760 257 
793 262 283 258 
794 258 589 270 
795 283 589 258 
796 259 740 260 
797 261 264 259 
798 264 740 259 
799 260 843 400 
800 740 866 260 
801 260 866 843 
802 261 265 264 
803 261 320 265 
804 261 584 320 
805 262 292 283 
806 262 293 292 
807 262 664 293 
808 601 649 263 
809 649 780 263 
810 263 780 763 
811 265 375 264 
812 375 376 264 
813 376 740 264 
814 320 321 265 
815 321 744 265 
816 265 744 375 
817 267 287 266 
818 266 594 286 
819 287 594 266 
820 282 762 267 
821 267 288 287 
822 267 762 288 
823 524 806 268 
824 268 835 524 
825 268 853 835 
826 269 782 528 
827 528 862 269 
828 742 782 269 
829 589 590 270 
830 590 593 270 
831 593 643 270 
832 272 273 271 
833 273 688 271 
834 688 689 271 
835 272 274 273 
836 272 275 274 
837 272 655 275 
838 274 276 273 
839 276 407 273 
840 407 688 273 
841 275 277 274 
842 274 703 276 
843 277 703 274 
844 275 278 277 
845 275 653 278 
846 275 655 653 
847 276 803 407 
848 703 804 276 
849 276 804 803 
850 278 279 277 
851 279 281 277 
852 281 703 277 
853 278 280 279 
854 278 290 280 
855 278 653 290 
856 280 736 279 
857 279 289 281 
858 279 736 289 
859 290 291 280 
860 291 761 280 
861 280 761 736 
862 289 322 281 
863 322 396 281 
864 396 703 281 
865 758 770 282 
866 282 779 762 
867 770 779 282 
868 292 294 283 
869 294 387 283 
870 387 589 283 
871 284 390 389 
872 284 392 390 
873 284 613 392 
874 285 614 613 
875 285 879 614 
876 806 879 285 
877 594 595 286 
878 595 596 286 
879 596 600 286 
880 288 295 287 
881 295 479 287 
882 479 594 287 
883 288 296 295 
884 288 297 296 
885 288 762 297 
886 289 415 322 
887 289 416 415 
888 289 736 416 
889 290 325 291 
890 290 405 325 
891 290 653 405 
892 325 326 291 
893 326 331 291 
894 331 761 291 
895 293 377 292 
896 292 752 294 
897 377 752 292 
898 293 388 377 
899 293 411 388 
900 293 664 411 
901 294 417 387 
902 294 418 417 
903 294 752 418 
904 296 419 295 
905 419 933 295 
906 295 933 479 
907 297 298 296 
908 298 766 296 
909 296 766 419 
910 297 299 298 
911 297 737 299 
912 297 762 737 
913 299 300 298 
914 300 304 298 
915 304 766 298 
916 299 301 300 
917 299 302 301 
918 299 737 302 
919 301 317 300 
920 300 790 304 
921 317 790 300 
922 302 303 301 
923 303 568 301 
924 301 568 317 
925 302 305 303 
926 302 406 305 
927 302 737 406 
928 305 306 303 
929 306 818 303 
930 303 818 568 
931 563 767 304 
932 304 790 563 
933 304 767 766 
934 305 307 306 
935 305 658 307 
936 406 658 305 
937 307 308 306 
938 308 318 306 
939 318 818 306 
940 307 309 308 
941 307 381 309 
942 307 658 381 
943 309 310 308 
944 310 623 308 
945 308 623 318 
946 309 311 310 
947 309 611 311 
948 381 611 309 
949 311 312 310 
950 312 808 310 
951 310 808 623 
952 311 313 312 
953 311 382 313 
954 311 611 382 
955 313 314 312 
956 314 319 312 
957 319 808 312 
958 313 315 314 
959 313 608 315 
960 382 608 313 
961 315 316 314 
962 316 697 314 
963 314 697 319 
964 315 323 316 
965 315 383 323 
966 315 608 383 
967 323 324 316 
968 324 378 316 
969 378 697 316 
970 317 567 565 
971 565 790 317 
972 317 568 567 
973 318 622 621 
974 621 818 318 
975 318 623 622 
976 319 630 628 
977 628 808 319 
978 319 697 630 
979 320 489 321 
980 320 585 489 
981 584 585 320 
982 489 490 321 
983 490 491 321 
984 491 744 321 
985 322 397 396 
986 322 895 397 
987 415 895 322 
988 323 809 324 
989 383 393 323 
990 393 809 323 
991 324 828 378 
992 809 820 324 
993 820 828 324 
994 325 327 326 
995 325 633 327 
996 405 633 325 
997 327 328 326 
998 328 869 326 
999 326 869 331 
1000 327 329 328 
1001 327 403 329 
1002 327 633 403 
1003 329 330 328 
1004 330 874 328 
1005 328 874 869 
1006 329 332 330 
1007 329 660 332 
1008 403 660 329 
1009 332 333 330 
1010 333 338 330 
1011 338 874 330 
1012 715 868 331 
1013 331 869 715 
1014 331 868 761 
1015 332 334 333 
1016 332 659 334 
1017 332 660 659 
1018 334 335 333 
1019 335 878 333 
1020 333 878 338 
1021 334 336 335 
1022 334 402 336 
1023 334 659 402 
1024 336 337 335 
1025 337 880 335 
1026 335 880 878 
1027 336 339 337 
1028 336 665 339 
1029 402 665 336 
1030 339 340 337 
1031 340 345 337 
1032 345 880 337 
1033 722 877 338 
1034 338 878 722 
1035 338 877 874 
1036 339 341 340 
1037 339 667 341 
1038 665 667 339 
1039 341 342 340 
1040 342 882 340 
1041 340 882 345 
1042 341 343 342 
1043 341 401 343 
1044 341 667 401 
1045 343 344 342 
1046 344 884 342 
1047 342 884 882 
1048 343 346 344 
1049 343 670 346 
1050 401 670 343 
1051 346 347 344 
1052 347 352 344 
1053 352 884 344 
1054 728 881 345 
1055 345 882 728 
1056 345 881 880 
1057 346 348 347 
1058 346 669 348 
1059 346 670 669 
1060 348 349 347 
1061 349 887 347 
1062 347 887 352 
1063 348 350 349 
1064 348 398 350 
1065 348 669 398 
1066 350 351 349 
1067 351 891 349 
1068 349 891 887 
1069 350 353 351 
1070 350 673 353 
1071 398 673 350 
1072 353 354 351 
1073 354 379 351 
1074 379 891 351 
1075 686 885 352 
1076 352 887 686 
1077 352 885 884 
1078 353 355 354 
1079 353 675 355 
1080 673 675 353 
1081 355 356 354 
1082 356 893 354 
1083 354 893 379 
1084 355 357 356 
1085 355 409 357 
1086 355 675 409 
1087 357 358 356 
1088 358 380 356 
1089 380 893 356 
1090 357 359 358 
1091 357 645 359 
1092 409 645 357 
1093 359 360 358 
1094 360 896 358 
1095 358 896 380 
1096 359 361 360 
1097 359 410 361 
1098 359 645 410 
1099 361 362 360 
1100 362 367 360 
1101 367 896 360 
1102 361 363 362 
1103 361 641 363 
1104 410 641 361 
1105 363 364 362 
1106 364 900 362 
1107 362 900 367 
1108 363 365 364 
1109 363 395 365 
1110 363 641 395 
1111 365 366 364 
1112 366 902 364 
1113 364 902 900 
1114 365 368 366 
1115 365 616 368 
1116 395 616 365 
1117 368 369 366 
1118 369 374 366 
1119 374 902 366 
1120 695 899 367 
1121 367 900 695 
1122 367 899 896 
1123 368 370 369 
1124 368 612 370 
1125 368 616 612 
1126 370 371 369 
1127 371 746 369 
1128 369 746 374 
1129 370 372 371 
1130 370 394 372 
1131 370 612 394 
1132 372 373 371 
1133 373 385 371 
1134 385 746 371 
1135 372 399 373 
1136 394 605 372 
1137 372 605 399 
1138 373 386 385 
1139 373 844 386 
1140 399 844 373 
1141 746 912 374 
1142 374 903 902 
1143 374 912 903 
1144 375 384 376 
1145 375 488 384 
1146 375 744 488 
1147 384 480 376 
1148 480 481 376 
1149 481 740 376 
1150 388 420 377 
1151 420 493 377 
1152 493 752 377 
1153 378 778 697 
1154 701 778 378 
1155 378 828 701 
1156 681 892 379 
1157 379 893 681 
1158 379 892 891 
1159 734 894 380 
1160 380 896 734 
1161 380 894 893 
1162 381 840 611 
1163 658 830 381 
1164 830 840 381 
1165 382 609 608 
1166 382 610 609 
1167 382 611 610 
1168 383 413 393 
1169 383 477 413 
1170 383 608 477 
1171 384 492 480 
1172 488 911 384 
1173 384 911 492 
1174 386 483 385 
1175 483 484 385 
1176 484 746 385 
1177 386 910 483 
1178 844 852 386 
1179 852 910 386 
1180 417 508 387 
1181 508 509 387 
1182 509 589 387 
1183 411 412 388 
1184 412 547 388 
1185 388 547 420 
1186 390 391 389 
1187 391 708 389 
1188 389 708 632 
1189 390 650 391 
1190 392 408 390 
1191 408 650 390 
1192 513 708 391 
1193 391 759 513 
1194 650 759 391 
1195 392 414 408 
1196 392 614 414 
1197 613 614 392 
1198 413 860 393 
1199 803 809 393 
1200 393 860 803 
1201 394 606 605 
1202 394 607 606 
1203 394 612 607 
1204 395 617 616 
1205 395 642 617 
1206 641 642 395 
1207 397 820 396 
1208 396 804 703 
1209 396 820 804 
1210 397 828 820 
1211 397 832 828 
1212 397 895 832 
1213 669 676 398 
1214 398 674 673 
1215 398 676 674 
1216 605 839 399 
1217 839 843 399 
1218 843 844 399 
1219 400 785 760 
1220 400 839 785 
1221 400 843 839 
1222 667 672 401 
1223 401 671 670 
1224 401 672 671 
1225 659 668 402 
1226 402 666 665 
1227 402 668 666 
1228 633 662 403 
1229 403 661 660 
1230 403 662 661 
1231 552 554 404 
1232 404 764 552 
1233 554 757 404 
1234 405 663 633 
1235 653 654 405 
1236 654 663 405 
1237 406 815 658 
1238 737 779 406 
1239 779 815 406 
1240 407 774 688 
1241 407 860 774 
1242 803 860 407 
1243 414 536 408 
1244 408 536 531 
1245 531 650 408 
1246 409 812 645 
1247 675 811 409 
1248 811 812 409 
1249 410 822 641 
1250 645 816 410 
1251 816 822 410 
1252 411 425 412 
1253 411 773 425 
1254 664 773 411 
1255 425 426 412 
1256 426 494 412 
1257 494 547 412 
1258 477 859 413 
1259 859 861 413 
1260 413 861 860 
1261 535 536 414 
1262 414 876 535 
1263 614 876 414 
1264 416 476 415 
1265 476 898 415 
1266 415 898 895 
1267 416 504 476 
1268 416 505 504 
1269 416 736 505 
1270 418 506 417 
1271 506 918 417 
1272 417 918 508 
1273 418 507 506 
1274 418 775 507 
1275 752 775 418 
1276 766 855 419 
1277 419 916 798 
1278 798 933 419 
1279 855 916 419 
1280 420 503 493 
1281 420 897 503 
1282 547 897 420 
1283 421 423 422 
1284 421 593 423 
1285 421 643 593 
1286 423 424 422 
1287 424 585 422 
1288 422 585 584 
1289 423 498 424 
1290 423 499 498 
1291 423 593 499 
1292 498 500 424 
1293 500 772 424 
1294 424 772 585 
1295 425 427 426 
1296 425 787 427 
1297 773 787 425 
1298 427 428 426 
1299 428 545 426 
1300 426 545 494 
1301 427 429 428 
1302 427 794 429 
1303 787 794 427 
1304 429 430 428 
1305 430 495 428 
1306 495 545 428 
1307 429 431 430 
1308 429 801 431 
1309 794 801 429 
1310 431 432 430 
1311 432 543 430 
1312 430 543 495 
1313 431 433 432 
1314 431 810 433 
1315 801 810 431 
1316 433 434 432 
1317 434 496 432 
1318 496 543 432 
1319 433 435 434 
1320 433 814 435 
1321 810 814 433 
1322 435 436 434 
1323 436 541 434 
1324 434 541 496 
1325 435 437 436 
1326 435 817 437 
1327 814 817 435 
1328 437 438 436 
1329 438 497 436 
1330 497 541 436 
1331 437 439 438 
1332 437 821 439 
1333 817 821 437 
1334 439 440 438 
1335 440 888 438 
1336 438 888 497 
1337 439 441 440 
1338 439 824 441 
1339 821 824 439 
1340 441 442 440 
1341 442 588 440 
1342 588 888 440 
1343 441 443 442 
1344 441 827 443 
1345 824 827 441 
1346 443 444 442 
1347 444 445 442 
1348 445 588 442 
1349 443 446 444 
1350 443 829 446 
1351 827 829 443 
1352 444 739 445 
1353 446 447 444 
1354 447 739 444 
1355 586 587 445 
1356 445 739 586 
1357 587 588 445 
1358 446 448 447 
1359 446 831 448 
1360 829 831 446 
1361 448 449 447 
1362 449 886 447 
1363 447 886 739 
1364 448 450 449 
1365 448 833 450 
1366 831 833 448 
1367 450 451 449 
1368 451 454 449 
1369 454 886 449 
1370 450 452 451 
1371 450 834 452 
1372 833 834 450 
1373 452 453 451 
1374 453 539 451 
1375 451 539 454 
1376 452 455 453 
1377 452 837 455 
1378 834 837 452 
1379 455 456 453 
1380 456 501 453 
1381 501 539 453 
1382 539 582 454 
1383 582 583 454 
1384 583 886 454 
1385 455 457 456 
1386 455 838 457 
1387 837 838 455 
1388 457 458 456 
1389 458 656 456 
1390 456 656 501 
1391 457 459 458 
1392 457 841 459 
1393 838 841 457 
1394 459 460 458 
1395 460 883 458 
1396 458 883 656 
1397 459 461 460 
1398 459 842 461 
1399 841 842 459 
1400 461 462 460 
1401 462 463 460 
1402 463 883 460 
1403 461 464 462 
1404 461 845 464 
1405 842 845 461 
1406 462 576 463 
1407 464 465 462 
1408 465 576 462 
1409 576 580 463 
1410 580 581 463 
1411 581 883 463 
1412 464 466 465 
1413 464 846 466 
1414 845 846 464 
1415 466 467 465 
1416 467 502 465 
1417 502 576 465 
1418 466 468 467 
1419 466 847 468 
1420 846 847 466 
1421 468 469 467 
1422 469 875 467 
1423 467 875 502 
1424 468 470 469 
1425 468 848 470 
1426 847 848 468 
1427 470 471 469 
1428 471 579 469 
1429 579 875 469 
1430 470 472 471 
1431 470 849 472 
1432 848 849 470 
1433 472 473 471 
1434 473 478 471 
1435 478 579 471 
1436 472 474 473 
1437 472 850 474 
1438 849 850 472 
1439 474 475 473 
1440 475 856 473 
1441 473 856 478 
1442 474 513 475 
1443 474 851 513 
1444 850 851 474 
1445 513 759 475 
1446 475 759 534 
1447 534 856 475 
1448 504 864 476 
1449 476 864 858 
1450 858 898 476 
1451 608 609 477 
1452 609 857 477 
1453 857 859 477 
1454 577 578 478 
1455 478 856 577 
1456 578 579 478 
1457 479 754 594 
1458 479 890 754 
1459 479 933 890 
1460 480 482 481 
1461 480 919 482 
1462 492 919 480 
1463 482 852 481 
1464 481 866 740 
1465 852 866 481 
1466 482 910 852 
1467 904 910 482 
1468 482 919 904 
1469 483 909 484 
1470 636 909 483 
1471 483 910 636 
1472 484 912 746 
1473 484 909 905 
1474 905 912 484 
1475 486 770 485 
1476 485 758 745 
1477 485 770 758 
1478 487 830 486 
1479 486 815 770 
1480 486 830 815 
1481 753 800 487 
1482 800 840 487 
1483 487 840 830 
1484 488 908 572 
1485 572 937 488 
1486 744 908 488 
1487 488 937 911 
1488 489 915 490 
1489 585 772 489 
1490 772 915 489 
1491 490 511 491 
1492 490 783 511 
1493 490 915 783 
1494 511 512 491 
1495 512 908 491 
1496 491 908 744 
1497 604 907 492 
1498 492 911 604 
1499 907 919 492 
1500 503 929 493 
1501 493 775 752 
1502 493 929 775 
1503 545 546 494 
1504 543 544 495 
1505 541 542 496 
1506 497 888 540 
1507 499 922 498 
1508 498 889 500 
1509 590 591 499 
1510 499 593 590 
1511 591 922 499 
1512 500 914 772 
1513 889 914 500 
1514 501 656 538 
1515 502 875 537 
1516 897 938 503 
1517 503 938 929 
1518 505 705 504 
1519 505 868 705 
1520 736 761 505 
1521 761 868 505 
1522 507 917 506 
1523 793 918 506 
1524 775 931 507 
1525 507 930 917 
1526 507 931 930 
1527 508 510 509 
1528 510 591 509 
1529 509 590 589 
1530 509 591 590 
1531 510 592 591 
1532 510 923 592 
1533 783 921 511 
1534 512 906 572 
1535 572 908 512 
1536 512 932 906 
1537 513 851 708 
1538 514 516 515 
1539 514 763 516 
1540 516 936 515 
1541 515 870 549 
1542 515 936 870 
1543 763 780 516 
1544 780 928 516 
1545 516 928 865 
1546 865 936 516 
1547 517 535 518 
1548 518 520 519 
1549 518 876 520 
1550 535 876 518 
1551 520 521 519 
1552 521 522 519 
1553 522 575 519 
1554 520 524 521 
1555 520 879 524 
1556 876 879 520 
1557 521 523 522 
1558 521 835 523 
1559 524 835 521 
1560 523 525 522 
1561 525 574 522 
1562 574 575 522 
1563 523 526 525 
1564 523 527 526 
1565 523 835 527 
1566 524 879 806 
1567 526 738 525 
1568 527 528 526 
1569 528 529 526 
1570 529 738 526 
1571 527 862 528 
1572 835 853 527 
1573 853 862 527 
1574 528 782 529 
1575 555 556 529 
1576 529 782 555 
1577 556 738 529 
1578 531 536 530 
1579 532 650 531 
1580 533 534 532 
1581 534 759 532 
1582 532 759 650 
1583 930 931 548 
1584 870 924 549 
1585 551 764 550 
1586 552 764 551 
1587 553 554 552 
1588 553 555 554 
1589 553 556 555 
1590 553 771 556 
1591 555 557 554 
1592 557 757 554 
1593 555 782 557 
1594 573 738 556 
1595 556 771 573 
1596 557 782 742 
1597 558 570 559 
1598 559 561 560 
1599 559 562 561 
1600 559 570 562 
1601 561 565 560 
1602 565 566 560 
1603 566 602 560 
1604 562 563 561 
1605 563 790 561 
1606 561 790 565 
1607 562 564 563 
1608 562 913 564 
1609 570 913 562 
1610 564 767 563 
1611 564 768 767 
1612 564 784 768 
1613 564 913 784 
1614 565 567 566 
1615 567 777 566 
1616 566 603 602 
1617 566 777 603 
1618 568 569 567 
1619 569 777 567 
1620 568 818 569 
1621 569 621 619 
1622 619 777 569 
1623 569 818 621 
1624 572 906 571 
1625 592 922 591 
1626 594 754 595 
1627 595 597 596 
1628 595 599 597 
1629 595 754 599 
1630 597 598 596 
1631 598 649 596 
1632 596 649 600 
1633 597 934 598 
1634 599 863 597 
1635 863 934 597 
1636 598 780 649 
1637 598 928 780 
1638 867 928 598 
1639 598 934 867 
1640 754 935 599 
1641 599 901 863 
1642 599 935 901 
1643 600 649 601 
1644 911 937 604 
1645 606 836 605 
1646 836 839 605 
1647 607 819 606 
1648 606 819 813 
1649 813 836 606 
1650 612 825 607 
1651 610 854 609 
1652 854 857 609 
1653 611 840 610 
1654 610 840 800 
1655 800 854 610 
1656 616 825 612 
1657 614 879 876 
1658 615 810 801 
1659 617 825 616 
1660 642 823 617 
1661 823 826 617 
1662 617 826 825 
1663 619 620 618 
1664 620 625 618 
1665 619 621 620 
1666 621 622 620 
1667 622 626 620 
1668 620 626 625 
1669 623 624 622 
1670 624 626 622 
1671 623 808 624 
1672 624 627 626 
1673 624 628 627 
1674 624 808 628 
1675 628 629 627 
1676 629 631 627 
1677 628 630 629 
1678 630 776 629 
1679 629 747 631 
1680 629 776 747 
1681 697 778 630 
1682 630 778 776 
1683 633 663 662 
1684 635 636 634 
1685 636 904 634 
1686 635 909 636 
1687 636 910 904 
1688 637 851 850 
1689 638 849 848 
1690 639 847 846 
1691 640 845 842 
1692 641 822 642 
1693 644 841 838 
1694 812 816 645 
1695 646 837 834 
1696 647 833 831 
1697 648 829 827 
1698 651 824 821 
1699 652 817 814 
1700 653 655 654 
1701 655 735 654 
1702 654 765 663 
1703 735 765 654 
1704 760 785 657 
1705 815 830 658 
1706 660 781 659 
1707 659 781 668 
1708 661 781 660 
1709 662 750 661 
1710 750 751 661 
1711 751 781 661 
1712 709 773 664 
1713 666 789 665 
1714 665 789 667 
1715 668 786 666 
1716 786 788 666 
1717 788 789 666 
1718 667 789 672 
1719 670 796 669 
1720 669 796 676 
1721 671 796 670 
1722 672 791 671 
1723 791 795 671 
1724 795 796 671 
1725 674 807 673 
1726 673 807 675 
1727 676 802 674 
1728 802 805 674 
1729 805 807 674 
1730 807 811 675 
1731 677 794 787 
1732 679 733 678 
1733 680 681 679 
1734 681 894 679 
1735 679 894 733 
1736 680 892 681 
1737 682 683 680 
1738 683 892 680 
1739 893 894 681 
1740 684 685 683 
1741 685 892 683 
1742 684 686 685 
1743 684 687 686 
1744 684 729 687 
1745 686 887 685 
1746 887 891 685 
1747 891 892 685 
1748 687 885 686 
1749 724 725 687 
1750 687 729 724 
1751 725 885 687 
1752 688 769 689 
1753 688 774 769 
1754 691 741 690 
1755 741 905 690 
1756 692 741 691 
1757 693 694 692 
1758 694 903 692 
1759 692 903 741 
1760 693 695 694 
1761 693 696 695 
1762 693 730 696 
1763 695 900 694 
1764 900 902 694 
1765 902 903 694 
1766 696 899 695 
1767 730 731 696 
1768 731 732 696 
1769 732 899 696 
1770 699 700 698 
1771 700 702 698 
1772 699 701 700 
1773 699 778 701 
1774 776 778 699 
1775 701 832 700 
1776 700 743 702 
1777 700 832 743 
1778 828 832 701 
1779 705 706 704 
1780 706 707 704 
1781 705 868 706 
1782 706 713 707 
1783 706 715 713 
1784 706 868 715 
1785 711 712 710 
1786 712 716 710 
1787 711 877 712 
1788 713 714 711 
1789 714 877 711 
1790 712 720 716 
1791 712 722 720 
1792 712 877 722 
1793 713 715 714 
1794 715 869 714 
1795 869 874 714 
1796 874 877 714 
1797 718 719 717 
1798 719 723 717 
1799 718 881 719 
1800 720 721 718 
1801 721 881 718 
1802 719 726 723 
1803 719 728 726 
1804 719 881 728 
1805 720 722 721 
1806 722 878 721 
1807 878 880 721 
1808 880 881 721 
1809 726 727 725 
1810 727 885 725 
1811 726 728 727 
1812 728 882 727 
1813 882 884 727 
1814 884 885 727 
1815 733 734 732 
1816 734 899 732 
1817 733 894 734 
1818 896 899 734 
1819 762 779 737 
1820 903 912 741 
1821 741 912 905 
1822 832 895 743 
1823 895 898 743 
1824 748 822 816 
1825 749 812 811 
1826 890 935 754 
1827 755 861 859 
1828 756 857 854 
1829 767 855 766 
1830 768 855 767 
1831 784 920 768 
1832 770 815 779 
1833 860 861 774 
1834 785 839 836 
1835 792 798 797 
1836 792 890 798 
1837 798 916 797 
1838 890 933 798 
1839 865 867 799 
1840 804 809 803 
1841 804 820 809 
1842 843 866 844 
1843 844 866 852 
1844 865 928 867 
2 2 2 64
1845 3 942 1 
1846 1 958 17 
1847 942 958 1 
1848 4 959 3 
1849 3 959 942 
1850 5 943 4 
1851 943 959 4 
1852 6 955 5 
1853 5 955 943 
1854 7 939 6 
1855 939 955 6 
1856 8 956 7 
1857 7 956 939 
1858 9 944 8 
1859 944 956 8 
1860 10 957 9 
1861 9 957 944 
1862 11 941 10 
1863 941 957 10 
1864 12 947 11 
1865 11 947 941 
1866 13 946 12 
1867 946 947 12 
1868 14 960 13 
1869 13 960 946 
1870 15 940 14 
1871 940 960 14 
1872 16 954 15 
1873 15 954 940 
1874 17 945 16 
1875 945 954 16 
1876 17 958 945 
1877 944 953 939 
1878 939 956 944 
1879 939 953 951 
1880 951 962 939 
1881 939 962 955 
1882 949 960 940 
1883 940 963 949 
1884 954 963 940 
1885 947 948 941 
1886 948 953 941 
1887 953 957 941 
1888 942 959 952 
1889 952 961 942 
1890 942 961 958 
1891 952 959 943 
1892 943 962 952 
1893 955 962 943 
1894 944 957 953 
1895 945 963 954 
1896 958 961 945 
1897 961 963 945 
1898 946 948 947 
1899 946 949 948 
1900 946 960 949 
1901 949 950 948 
1902 950 951 948 
1903 951 953 948 
1904 949 963 950 
1905 950 952 951 
1906 950 961 952 
1907 950 963 961 
1908 952 962 951 
2 3 2 64
1909 67 2 967 
1910 2 81 983 
1911 967 2 983 
1912 68 67 984 
1913 67 967 984 
1914 69 68 968 
1915 968 68 984 
1916 70 69 980 
1917 69 968 980 
1918 71 70 964 
1919 964 70 980 
1920 72 71 981 
1921 71 964 981 
1922 73 72 969 
1923 969 72 981 
1924 74 73 982 
1925 73 969 982 
1926 75 74 966 
1927 966 74 982 
1928 76 75 972 
1929 75 966 972 
1930 77 76 971 
1931 971 76 972 
1932 78 77 985 
1933 77 971 985 
1934 79 78 965 
1935 965 78 985 
1936 80 79 979 
1937 79 965 979 
1938 81 80 970 
1939 970 80 979 
1940 81 970 983 
1941 969 964 978 
1942 964 969 981 
1943 964 976 978 
1944 976 964 987 
1945 964 980 987 
1946 974 965 985 
1947 965 974 988 
1948 979 965 988 
1949 972 966 973 
1950 973 966 978 
1951 978 966 982 
1952 967 977 984 
1953 977 967 986 
1954 967 983 986 
1955 977 968 984 
1956 968 977 987 
1957 980 968 987 
1958 969 978 982 
1959 970 979 988 
1960 983 970 986 
1961 986 970 988 
1962 971 972 973 
1963 971 973 974 
1964 971 974 985 
1965 974 973 975 
1966 975 973 976 
1967 976 973 978 
1968 974 975 988 
1969 975 976 977 
1970 975 977 986 
1971 975 986 988 
1972 977 976 987 
3 1 4 4917
1973 268 1074 1112 1157 
1974 1025 1218 713 1239 
1975 257 1139 1057 1152 
1976 259 1139 257 1152 
1977 226 204 1151 1209 
1978 1037 1124 270 1170 
1979 226 1151 1119 1209 
1980 249 1113 1047 1151 
1981 226 1119 204 1209 
1982 609 1201 1097 1207 
1983 1021 1124 584 1139 
1984 995 1014 1011 1096 
1985 1013 701 1161 1184 
1986 699 1013 701 1161 
1987 1043 773 1166 1179 
1988 270 1124 1037 1164 
1989 740 1139 259 1152 
1990 1120 1183 1180 1329 
1991 1088 1183 541 1214 
1992 998 1015 1012 1065 
1993 1011 1014 995 1060 
1994 768 1163 1159 1251 
1995 288 1106 1040 1320 
1996 226 1045 1119 1151 
1997 553 1228 1072 1261 
1998 1033 1139 740 1152 
1999 584 1124 255 1139 
2000 507 1148 1063 1231 
2001 1097 1201 1044 1207 
2002 930 507 917 1231 
2003 288 1040 1106 1205 
2004 31 1244 1013 1254 
2005 249 1113 1151 1167 
2006 713 1025 1135 1218 
2007 1012 1015 998 1071 
2008 1006 1025 1198 1239 
2009 608 609 382 1201 
2010 1006 1198 1035 1239 
2011 335 1142 337 1270 
2012 977 1087 986 1224 
2013 589 1170 509 1192 
2014 1166 1179 773 1235 
2015 1159 1163 1020 1251 
2016 967 977 986 1224 
2017 553 1072 1128 1261 
2018 1013 1134 701 1184 
2019 699 701 1013 1134 
2020 667 1084 1060 1098 
2021 226 1119 1045 1196 
2022 1088 1133 541 1183 
2023 589 1037 1170 1192 
2024 254 1124 1057 1139 
2025 249 1047 1113 1220 
2026 794 1050 427 1110 
2027 335 1071 1142 1270 
2028 31 1134 1013 1244 
2029 771 553 1072 1128 
2030 1052 1129 83 1132 
2031 63 1107 1053 1191 
2032 267 1106 288 1320 
2033 51 1120 1032 1186 
2034 745 1175 1062 1284 
2035 226 1045 642 1196 
2036 1065 1104 466 1210 
2037 322 1115 1243 1321 
2038 1095 1108 908 1310 
2039 745 758 1062 1175 
2040 249 1047 816 1151 
2041 767 1038 1159 1163 
2042 1135 1264 710 1296 
2043 1012 1065 1015 1308 
2044 698 1013 31 1134 
2045 908 1108 1095 1169 
2046 758 1160 1062 1175 
2047 97 1137 1013 1161 
2048 667 1060 672 1098 
2049 773 1043 411 1179 
2050 927 942 959 1036 
2051 485 745 758 1062 
2052 30 1013 97 1137 
2053 693 1138 1031 1250 
2054 1054 1106 141 1175 
2055 1014 1060 1011 1298 
2056 485 1062 758 1160 
2057 146 145 253 1105 
2058 391 1092 1077 1156 
2059 145 1062 253 1105 
2060 42 1204 1126 1342 
2061 30 1013 1137 1254 
2062 684 1029 1130 1189 
2063 31 1013 30 1254 
2064 294 1136 1037 1148 
2065 1010 1243 1115 1321 
2066 589 590 509 1170 
2067 937 1095 1053 1169 
2068 390 1017 1092 1260 
2069 716 710 1264 1296 
2070 794 1050 1110 1188 
2071 294 752 1136 1148 
2072 999 1183 1088 1214 
2073 999 1133 1088 1183 
2074 322 1243 415 1321 
2075 158 1016 232 1121 
2076 507 1063 917 1231 
2077 226 822 1045 1151 
2078 1011 1118 726 1147 
2079 31 698 30 1013 
2080 693 1031 1138 1297 
2081 181 1187 1122 1210 
2082 699 1013 698 1134 
2083 745 1176 1175 1284 
2084 708 1077 391 1092 
2085 942 1036 927 1127 
2086 249 812 1047 1220 
2087 650 1092 1046 1260 
2088 556 771 553 1072 
2089 52 1032 51 1120 
2090 144 1062 1105 1284 
2091 812 816 249 1047 
2092 291 1035 326 1155 
2093 144 1062 145 1105 
2094 141 1106 1054 1195 
2095 1015 1123 178 1281 
2096 326 1155 1035 1239 
2097 684 687 1029 1189 
2098 260 259 257 1152 
2099 268 1112 853 1157 
2100 682 1130 1052 1202 
2101 822 642 226 1045 
2102 693 1031 1133 1250 
2103 53 54 1031 1183 
2104 720 1012 1126 1142 
2105 181 1015 1187 1210 
2106 415 1243 1010 1321 
2107 260 740 259 1152 
2108 720 1126 1012 1264 
2109 421 1021 422 1170 
2110 337 1142 1084 1270 
2111 1016 232 1121 1212 
2112 703 1211 1115 1321 
2113 566 1154 1027 1213 
2114 626 1128 1018 1233 
2115 1084 1204 345 1263 
2116 158 1016 157 1157 
2117 626 1018 1140 1233 
2118 158 157 156 1157 
2119 872 1020 984 1224 
2120 450 833 1026 1153 
2121 773 664 1043 1166 
2122 745 139 1175 1176 
2123 538 1101 1029 1285 
2124 1020 1087 977 1224 
2125 844 866 1152 1165 
2126 729 684 687 1029 
2127 450 1153 1026 1181 
2128 844 1152 1048 1165 
2129 555 1072 553 1228 
2130 672 1098 1060 1216 
2131 239 1141 841 1242 
2132 466 1065 467 1104 
2133 404 1075 1117 1176 
2134 390 1092 650 1260 
2135 1025 1239 1006 1292 
2136 747 1094 1137 1161 
2137 467 1065 1089 1104 
2138 392 1017 390 1260 
2139 684 1029 729 1130 
2140 538 1118 1101 1285 
2141 1021 1139 584 1310 
2142 83 1132 1129 1186 
2143 421 1124 1021 1170 
2144 1077 1092 708 1162 
2145 747 1137 97 1161 
2146 306 1217 1041 1234 
2147 930 917 1127 1231 
2148 1063 1127 917 1231 
2149 281 703 1115 1321 
2150 147 1106 141 1195 
2151 253 1105 1062 1149 
2152 567 1102 1027 1237 
2153 1084 1098 667 1270 
2154 249 1151 202 1167 
2155 1128 1140 1018 1233 
2156 149 1230 1105 1327 
2157 1061 130 1145 1258 
2158 1029 1101 118 1131 
2159 730 53 54 1031 
2160 291 326 1035 1239 
2161 553 1128 771 1261 
2162 1049 1072 738 1230 
2163 130 514 1145 1258 
2164 1054 1175 141 1176 
2165 390 1017 284 1092 
2166 1116 1143 398 1199 
2167 609 1168 1097 1201 
2168 809 1091 1055 1184 
2169 448 1026 1129 1181 
2170 659 660 1083 1123 
2171 261 584 1139 1310 
2172 1006 1025 1039 1198 
2173 466 1210 1104 1347 
2174 1039 1156 534 1178 
2175 720 102 1126 1264 
2176 141 1106 147 1175 
2177 745 139 1176 1284 
2178 1093 1145 514 1258 
2179 239 1014 1141 1242 
2180 37 1198 1039 1248 
2181 54 1133 1031 1183 
2182 448 1129 447 1181 
2183 1056 1180 1120 1183 
2184 256 584 255 1139 
2185 371 1150 1034 1182 
2186 52 105 51 1032 
2187 181 1015 180 1187 
2188 567 1027 566 1237 
2189 97 1013 699 1161 
2190 182 1122 181 1187 
2191 767 1159 768 1163 
2192 297 1040 288 1205 
2193 257 1057 760 1152 
2194 421 422 1021 1124 
2195 1003 1120 1056 1180 
2196 398 1143 1116 1336 
2197 229 178 1123 1281 
2198 873 927 959 1036 
2199 928 1268 1258 1279 
2200 977 1087 1020 1257 
2201 404 1075 552 1117 
2202 371 372 1034 1150 
2203 916 1038 419 1273 
2204 609 608 1168 1201 
2205 122 130 1061 1258 
2206 448 450 833 1026 
2207 659 1123 1083 1281 
2208 144 1105 1228 1284 
2209 984 967 926 1224 
2210 1006 1035 1198 1290 
2211 334 1071 659 1083 
2212 847 466 1104 1347 
2213 1056 1120 1003 1316 
2214 730 693 1031 1133 
2215 1057 1166 220 1197 
2216 448 450 1026 1181 
2217 233 1057 220 1197 
2218 436 541 1183 1214 
2219 396 281 703 1115 
2220 43 1253 1204 1342 
2221 335 337 336 1270 
2222 917 1127 1063 1266 
2223 42 43 1204 1342 
2224 1046 1092 650 1156 
2225 1019 1133 691 1269 
2226 1020 1163 1061 1224 
2227 1006 1198 1039 1290 
2228 659 1083 1071 1281 
2229 1018 1094 628 1255 
2230 1058 1100 498 1246 
2231 252 1207 1097 1327 
2232 288 1106 267 1205 
2233 567 1027 1102 1213 
2234 593 270 1124 1170 
2235 726 1011 1147 1263 
2236 667 341 1060 1084 
2237 134 1054 1176 1223 
2238 886 1129 1052 1181 
2239 1014 1081 1011 1096 
2240 178 1123 1015 1222 
2241 995 1096 1011 1118 
2242 220 1166 1057 1345 
2243 632 708 1092 1162 
2244 589 1037 270 1170 
2245 415 1241 1010 1243 
2246 1053 1095 937 1191 
2247 22 1223 1117 1237 
2248 988 975 974 1279 
2249 1072 1228 991 1261 
2250 773 664 411 1043 
2251 258 270 1037 1164 
2252 1100 1170 498 1246 
2253 809 1055 324 1184 
2254 297 1146 1040 1205 
2255 438 1180 1056 1183 
2256 720 716 102 1264 
2257 1066 1215 1121 1341 
2258 22 1027 1223 1237 
2259 550 1117 22 1223 
2260 550 22 1117 1237 
2261 55 691 1133 1269 
2262 997 1129 1052 1132 
2263 1072 991 1128 1261 
2264 730 1031 54 1133 
2265 879 1085 1226 1328 
2266 466 467 468 1104 
2267 1023 1052 1001 1314 
2268 362 363 1045 1138 
2269 105 1032 52 1120 
2270 986 1087 977 1257 
2271 296 1038 766 1146 
2272 1006 1239 1051 1292 
2273 1006 1035 1155 1239 
2274 1006 1155 1051 1239 
2275 105 1032 1120 1227 
2276 1117 1223 1027 1237 
2277 1056 1183 1120 1316 
2278 1001 1029 1022 1283 
2279 684 1189 1130 1283 
2280 566 1027 567 1213 
2281 744 1095 908 1310 
2282 726 1118 103 1147 
2283 552 1117 1075 1261 
2284 392 284 390 1017 
2285 415 1241 1111 1321 
2286 720 1012 716 1264 
2287 660 1083 1123 1219 
2288 429 427 428 1110 
2289 893 1144 1023 1202 
2290 847 1210 466 1347 
2291 40 710 1135 1264 
2292 713 1218 714 1239 
2293 984 968 977 1020 
2294 1111 1173 1046 1241 
2295 1001 1022 1029 1335 
2296 467 1104 1089 1343 
2297 429 794 427 1110 
2298 134 1176 1117 1223 
2299 1095 1169 1108 1293 
2300 134 1054 135 1176 
2301 1026 1052 997 1129 
2302 475 1156 1077 1178 
2303 841 1242 1141 1267 
2304 809 323 1055 1091 
2305 371 372 1150 1182 
2306 498 1100 1058 1302 
2307 760 1152 1057 1197 
2308 699 698 700 1134 
2309 790 1154 1146 1163 
2310 529 738 1072 1230 
2311 589 258 270 1037 
2312 1038 1146 296 1205 
2313 762 267 288 1320 
2314 1016 157 1157 1226 
2315 1024 1141 240 1337 
2316 1059 1113 648 1167 
2317 425 773 1179 1235 
2318 149 269 1230 1327 
2319 477 609 608 1168 
2320 444 1129 1059 1186 
2321 149 269 1105 1230 
2322 789 667 672 1098 
2323 84 1244 31 1254 
2324 947 1280 1100 1302 
2325 1034 368 1172 1277 
2326 178 1222 1015 1347 
2327 1215 1328 1121 1341 
2328 105 1120 52 1227 
2329 294 283 1037 1136 
2330 220 1057 233 1345 
2331 682 48 1052 1130 
2332 198 1086 749 1113 
2333 509 1170 1100 1192 
2334 354 1023 893 1144 
2335 252 1249 1207 1327 
2336 249 202 1113 1167 
2337 716 1264 1012 1296 
2338 1012 1142 720 1299 
2339 325 291 326 1155 
2340 1016 1157 755 1168 
2341 149 151 269 1327 
2342 1023 1001 1052 1318 
2343 1042 1066 271 1211 
2344 158 157 1016 1226 
2345 37 1025 1198 1248 
2346 294 292 283 1136 
2347 713 1198 1025 1239 
2348 728 345 1204 1263 
2349 526 1049 738 1230 
2350 1016 1168 755 1312 
2351 820 1091 1184 1252 
2352 1045 362 1138 1297 
2353 699 700 701 1134 
2354 1074 1157 268 1226 
2355 602 1027 566 1154 
2356 63 1053 604 1191 
2357 415 1010 1241 1321 
2358 777 1234 1102 1237 
2359 682 683 1130 1202 
2360 768 564 1163 1251 
2361 1011 1081 1014 1298 
2362 1052 1130 1001 1314 
2363 1041 1140 991 1233 
2364 404 1117 134 1176 
2365 1080 1206 173 1262 
2366 370 368 1034 1277 
2367 1043 1136 377 1256 
2368 1086 1113 198 1340 
2369 551 1117 1030 1237 
2370 749 1113 1086 1220 
2371 1121 1226 1085 1328 
2372 516 1258 928 1268 
2373 193 1153 1116 1177 
2374 1022 1174 347 1189 
2375 377 1043 293 1136 
2376 699 97 698 1013 
2377 193 1116 1153 1337 
2378 1005 1102 1030 1237 
2379 109 956 1058 1289 
2380 1119 1151 1045 1209 
2381 659 660 332 1083 
2382 648 1113 1059 1190 
2383 95 1018 626 1128 
2384 129 1127 1036 1169 
2385 146 144 145 1105 
2386 667 339 341 1084 
2387 370 1034 368 1172 
2388 390 650 408 1260 
2389 927 1036 129 1127 
2390 1045 1209 1151 1316 
2391 372 370 371 1034 
2392 513 1077 475 1156 
2393 674 1116 398 1199 
2394 1030 1117 551 1261 
2395 809 323 324 1055 
2396 1019 1078 1009 1088 
2397 551 1030 24 1237 
2398 939 1058 956 1289 
2399 1031 1120 53 1183 
2400 158 1016 1121 1226 
2401 864 1046 1173 1241 
2402 189 240 1141 1337 
2403 239 1014 187 1141 
2404 47 729 1029 1130 
2405 720 1126 718 1142 
2406 1058 1108 915 1289 
2407 1066 1121 996 1341 
2408 393 383 1055 1312 
2409 1032 1132 51 1186 
2410 810 1110 1240 1291 
2411 1071 1281 1083 1308 
2412 204 1167 1151 1209 
2413 448 1026 831 1129 
2414 703 1115 1211 1252 
2415 232 1212 1016 1312 
2416 516 865 928 1279 
2417 1057 1139 1033 1152 
2418 1046 1064 530 1260 
2419 48 1052 1130 1245 
2420 1085 879 1185 1328 
2421 1012 1264 1135 1296 
2422 720 102 718 1126 
2423 1113 1190 198 1340 
2424 235 1162 169 1229 
2425 36 1173 1039 1198 
2426 1037 1136 283 1164 
2427 298 300 299 1146 
2428 1077 1162 235 1229 
2429 516 928 1258 1279 
2430 139 141 1175 1176 
2431 372 370 1034 1150 
2432 589 270 590 1170 
2433 475 534 1156 1178 
2434 40 1135 1089 1264 
2435 32 1064 1243 1244 
2436 63 604 1107 1191 
2437 481 1033 740 1152 
2438 829 1059 443 1129 
2439 1026 1153 647 1340 
2440 602 1145 1027 1154 
2441 810 801 1110 1291 
2442 997 1023 1052 1318 
2443 391 1077 513 1156 
2444 182 1122 1187 1344 
2445 425 1179 1050 1235 
2446 1045 1138 363 1303 
2447 239 187 1014 1344 
2448 438 440 1180 1183 
2449 334 659 332 1083 
2450 1041 1233 991 1294 
2451 174 1080 173 1262 
2452 997 1052 1023 1202 
2453 844 852 866 1165 
2454 959 942 952 1036 
2455 157 268 1157 1226 
2456 335 336 1071 1270 
2457 311 1067 1044 1207 
2458 984 872 968 1020 
2459 393 1055 323 1091 
2460 647 1026 833 1153 
2461 606 1150 1090 1277 
2462 628 1018 627 1094 
2463 989 1057 1043 1164 
2464 1062 1228 1105 1284 
2465 997 1052 1026 1318 
2466 36 1173 1198 1276 
2467 202 1151 204 1167 
2468 1120 888 1183 1329 
2469 232 158 755 1016 
2470 362 1297 1045 1313 
2471 1006 1248 1025 1292 
2472 88 1046 1156 1173 
2473 306 318 1217 1234 
2474 154 1097 1157 1327 
2475 1059 1129 829 1190 
2476 181 180 1015 1347 
2477 572 908 1095 1169 
2478 640 239 1242 1344 
2479 240 1141 1024 1267 
2480 1119 1209 1045 1316 
2481 218 1197 1166 1235 
2482 682 1052 121 1202 
2483 1066 996 1121 1212 
2484 820 809 1091 1252 
2485 1006 1178 1248 1292 
2486 1071 1015 1281 1308 
2487 672 228 1098 1216 
2488 664 248 1043 1166 
2489 122 130 20 1061 
2490 809 820 1091 1184 
2491 116 37 1039 1248 
2492 916 419 798 1273 
2493 1016 1055 992 1168 
2494 1078 1088 1019 1269 
2495 53 1120 1031 1227 
2496 864 1046 34 1173 
2497 271 1066 1042 1215 
2498 30 698 97 1013 
2499 293 1043 262 1136 
2500 1055 1161 378 1184 
2501 30 97 29 1137 
2502 147 141 600 1195 
2503 1045 363 1196 1303 
2504 747 1137 1094 1300 
2505 241 647 1153 1340 
2506 475 1077 513 1178 
2507 269 1228 1105 1230 
2508 1081 1126 998 1204 
2509 47 1130 1029 1245 
2510 507 506 1063 1148 
2511 628 624 1018 1255 
2512 51 1032 678 1132 
2513 353 1143 1023 1199 
2514 22 1027 602 1145 
2515 713 1025 101 1135 
2516 1069 1248 1178 1292 
2517 348 1143 398 1336 
2518 36 1039 37 1198 
2519 778 1161 701 1184 
2520 750 1080 661 1123 
2521 988 1087 975 1279 
2522 24 1030 551 1261 
2523 1207 1249 1008 1327 
2524 1005 1027 1102 1237 
2525 864 1173 1111 1241 
2526 371 1182 1034 1323 
2527 1127 1169 129 1231 
2528 248 1164 1043 1166 
2529 262 1136 1043 1164 
2530 34 1046 864 1241 
2531 602 566 560 1154 
2532 1140 1217 318 1234 
2533 697 1161 1055 1304 
2534 122 514 130 1258 
2535 348 1022 347 1143 
2536 351 1023 353 1143 
2537 1006 1069 1178 1292 
2538 121 1052 1132 1202 
2539 187 1216 1014 1344 
2540 790 1146 1154 1213 
2541 604 1053 937 1191 
2542 738 1072 1049 1236 
2543 1014 1242 239 1344 
2544 347 1143 1022 1283 
2545 778 378 1161 1184 
2546 1096 1101 656 1118 
2547 1066 1212 1121 1215 
2548 38 1135 1025 1194 
2549 362 1045 361 1313 
2550 994 1208 1182 1272 
2551 628 1255 1094 1304 
2552 984 926 872 1224 
2553 394 1034 370 1150 
2554 232 1016 755 1312 
2555 245 1109 211 1291 
2556 1130 1202 683 1314 
2557 1020 1159 1038 1163 
2558 266 1106 1073 1205 
2559 241 647 833 1153 
2560 1033 1152 481 1165 
2561 744 908 1108 1310 
2562 323 393 383 1055 
2563 1109 1221 211 1291 
2564 1019 1088 1009 1333 
2565 590 1100 509 1170 
2566 944 956 939 1058 
2567 266 1073 594 1205 
2568 625 95 626 1128 
2569 574 1137 1049 1232 
2570 726 728 1011 1263 
2571 272 1042 271 1211 
2572 552 551 1117 1261 
2573 154 1157 1112 1327 
2574 1002 1021 1170 1246 
2575 1035 1155 291 1203 
2576 1049 1137 574 1300 
2577 771 1128 1072 1236 
2578 171 235 169 1229 
2579 994 1028 1208 1272 
2580 326 1051 1155 1239 
2581 712 716 720 1012 
2582 34 530 1046 1241 
2583 181 1015 1210 1347 
2584 757 1075 404 1176 
2585 1056 436 1183 1214 
2586 526 738 529 1230 
2587 421 422 423 1170 
2588 187 1141 1014 1216 
2589 271 1066 273 1211 
2590 1070 1172 368 1277 
2591 285 1226 1121 1328 
2592 1001 1130 1029 1283 
2593 393 1055 1091 1312 
2594 606 1090 819 1277 
2595 766 296 419 1038 
2596 1081 1204 998 1298 
2597 661 1123 1080 1219 
2598 266 286 1073 1106 
2599 1083 1281 1123 1308 
2600 767 1146 1038 1163 
2601 1206 1229 173 1262 
2602 810 1110 801 1240 
2603 906 129 1036 1169 
2604 1043 1057 989 1274 
2605 952 1036 942 1127 
2606 22 602 21 1145 
2607 542 1133 1088 1269 
2608 726 1147 728 1263 
2609 937 572 1095 1169 
2610 134 135 1054 1223 
2611 1204 1253 1081 1342 
2612 847 466 468 1104 
2613 1121 1212 162 1215 
2614 1101 1118 995 1285 
2615 182 1187 1098 1344 
2616 513 391 708 1077 
2617 751 1080 750 1123 
2618 1011 1060 995 1147 
2619 370 369 1034 1172 
2620 363 361 362 1045 
2621 1029 1131 118 1245 
2622 1062 991 1105 1228 
2623 145 1062 144 1284 
2624 602 112 1145 1154 
2625 308 1067 1140 1255 
2626 998 1187 1015 1210 
2627 1018 1128 95 1236 
2628 752 1136 1148 1288 
2629 34 33 530 1241 
2630 751 750 661 1123 
2631 1047 1151 1113 1167 
2632 607 606 819 1277 
2633 1017 1328 1215 1341 
2634 370 368 369 1172 
2635 285 879 1226 1328 
2636 348 1022 1143 1336 
2637 728 345 881 1204 
2638 284 1092 1017 1286 
2639 422 1170 1021 1246 
2640 175 173 1080 1206 
2641 992 1055 1013 1161 
2642 40 39 1089 1135 
2643 262 283 1136 1164 
2644 101 1025 38 1135 
2645 697 1055 316 1304 
2646 538 1029 46 1285 
2647 1075 991 1228 1261 
2648 1112 1157 1097 1327 
2649 1138 1250 1172 1333 
2650 20 1061 130 1145 
2651 350 1143 353 1199 
2652 854 1097 252 1207 
2653 999 1250 1138 1333 
2654 998 1065 1012 1126 
2655 624 626 1018 1140 
2656 1041 1102 303 1234 
2657 326 1051 327 1155 
2658 296 419 1038 1205 
2659 209 211 1109 1221 
2660 188 190 189 1114 
2661 747 97 776 1161 
2662 574 1049 525 1232 
2663 486 1062 485 1160 
2664 831 1129 1026 1190 
2665 188 1114 189 1141 
2666 712 710 716 1296 
2667 1021 1108 1095 1310 
2668 773 709 664 1166 
2669 1020 1163 564 1251 
2670 707 1025 713 1198 
2671 691 1133 1019 1250 
2672 88 34 1046 1173 
2673 1095 1108 1021 1293 
2674 676 398 674 1116 
2675 22 1027 1145 1223 
2676 998 1122 1187 1210 
2677 1140 1233 1041 1234 
2678 1062 1075 991 1228 
2679 299 301 1040 1213 
2680 723 726 719 1011 
2681 728 1204 1011 1263 
2682 771 1072 556 1236 
2683 547 1179 1256 1265 
2684 83 1052 886 1129 
2685 444 443 1059 1129 
2686 756 252 1097 1327 
2687 1105 1149 253 1249 
2688 992 1074 1016 1157 
2689 382 1044 313 1201 
2690 239 185 187 1344 
2691 947 1100 592 1302 
2692 450 1131 1153 1181 
2693 1078 1110 430 1158 
2694 566 565 1154 1213 
2695 325 291 1155 1203 
2696 1043 1164 1057 1345 
2697 893 1023 379 1202 
2698 311 1044 1067 1255 
2699 995 1060 1014 1216 
2700 149 1105 150 1327 
2701 36 1198 704 1276 
2702 592 1100 947 1280 
2703 308 1140 1067 1217 
2704 103 1147 1118 1285 
2705 1015 1065 998 1210 
2706 1028 1208 59 1265 
2707 448 831 446 1129 
2708 258 1037 283 1164 
2709 1141 1242 1096 1267 
2710 650 1046 531 1260 
2711 351 353 350 1143 
2712 129 927 873 1036 
2713 245 209 211 1109 
2714 777 569 1102 1234 
2715 201 648 1113 1167 
2716 349 348 347 1143 
2717 1043 1057 1004 1166 
2718 193 1116 194 1177 
2719 994 1028 1272 1306 
2720 650 531 1046 1156 
2721 937 1053 113 1169 
2722 1003 1151 1209 1316 
2723 297 296 1146 1205 
2724 661 1219 1080 1334 
2725 769 162 1121 1212 
2726 646 193 1153 1337 
2727 198 1113 199 1190 
2728 1060 1084 341 1263 
2729 1123 1281 1015 1308 
2730 349 1143 347 1283 
2731 1004 1057 1043 1274 
2732 766 1038 767 1146 
2733 251 755 1157 1168 
2734 301 1040 1213 1259 
2735 893 354 379 1023 
2736 820 1184 1115 1252 
2737 1003 1315 1120 1329 
2738 712 1012 720 1296 
2739 1011 1204 1081 1298 
2740 452 450 1131 1153 
2741 712 716 1012 1296 
2742 802 1177 1116 1199 
2743 383 1168 1055 1312 
2744 794 787 1050 1188 
2745 158 1121 159 1226 
2746 415 1111 416 1321 
2747 915 1108 490 1289 
2748 38 1025 37 1248 
2749 520 1085 1074 1226 
2750 1055 1201 316 1304 
2751 299 1040 301 1259 
2752 554 555 553 1228 
2753 648 827 1059 1167 
2754 767 1038 855 1159 
2755 627 628 624 1018 
2756 866 481 740 1152 
2757 1041 1217 1140 1234 
2758 202 748 204 1151 
2759 182 183 181 1122 
2760 556 553 555 1072 
2761 1061 1145 112 1154 
2762 1015 1071 1012 1308 
2763 93 1049 574 1300 
2764 741 1250 1019 1323 
2765 218 1076 1197 1235 
2766 88 1156 533 1173 
2767 193 192 194 1116 
2768 693 1138 695 1297 
2769 827 1059 1167 1180 
2770 1038 1257 1020 1325 
2771 1052 1129 1026 1181 
2772 158 232 160 1121 
2773 294 1148 1037 1192 
2774 1002 1108 1169 1293 
2775 1096 1118 87 1253 
2776 932 129 873 1036 
2777 311 611 1067 1207 
2778 1105 1249 150 1327 
2779 533 1156 1039 1173 
2780 915 1108 1058 1246 
2781 136 404 134 1176 
2782 308 310 1067 1255 
2783 284 1017 163 1286 
2784 906 129 932 1036 
2785 802 1116 674 1199 
2786 1005 1117 1027 1237 
2787 938 1053 63 1107 
2788 372 394 370 1150 
2789 778 699 701 1161 
2790 1086 1190 1113 1340 
2791 947 948 1280 1302 
2792 245 1278 1109 1291 
2793 1120 1315 1186 1329 
2794 425 773 411 1179 
2795 938 1053 1107 1288 
2796 99 702 32 1243 
2797 1047 1003 1151 1167 
2798 112 1061 20 1145 
2799 322 281 1115 1321 
2800 51 587 1120 1186 
2801 822 641 642 1045 
2802 975 1087 1257 1279 
2803 62 63 604 1107 
2804 328 1218 330 1219 
2805 392 390 408 1260 
2806 720 1142 721 1299 
2807 678 51 105 1032 
2808 1005 1030 1117 1237 
2809 1126 1204 1081 1342 
2810 769 162 160 1121 
2811 167 271 1042 1215 
2812 388 1043 377 1256 
2813 266 286 594 1073 
2814 388 293 377 1043 
2815 137 1054 141 1176 
2816 664 262 1043 1164 
2817 1074 1226 1085 1301 
2818 241 1153 195 1340 
2819 342 343 1060 1174 
2820 661 1080 750 1334 
2821 1012 1071 998 1142 
2822 1013 1074 992 1137 
2823 693 696 1031 1297 
2824 937 604 113 1053 
2825 602 112 21 1145 
2826 730 98 693 1133 
2827 770 486 485 1160 
2828 640 1242 1122 1344 
2829 339 1084 667 1270 
2830 938 63 1053 1288 
2831 664 1043 248 1164 
2832 1047 1003 1167 1315 
2833 1044 1255 312 1304 
2834 641 1045 363 1196 
2835 996 1121 1328 1341 
2836 84 31 30 1254 
2837 1089 1135 1012 1264 
2838 334 1071 1083 1299 
2839 38 39 1135 1194 
2840 1011 1096 1081 1253 
2841 1030 991 1233 1294 
2842 149 150 151 1327 
2843 309 308 310 1067 
2844 693 694 1138 1250 
2845 994 1272 1182 1306 
2846 589 283 258 1037 
2847 272 271 273 1211 
2848 1061 1154 559 1163 
2849 446 829 443 1129 
2850 341 342 343 1060 
2851 303 1102 1041 1259 
2852 37 1025 707 1198 
2853 723 1011 719 1204 
2854 1164 1166 248 1345 
2855 1085 1226 1121 1301 
2856 262 283 292 1136 
2857 1049 1236 1072 1338 
2858 162 1212 769 1215 
2859 627 1094 1018 1300 
2860 516 1093 1258 1268 
2861 396 322 281 1115 
2862 812 645 816 1047 
2863 311 1044 382 1207 
2864 493 1107 1136 1288 
2865 423 1170 422 1246 
2866 624 1140 1018 1255 
2867 174 175 173 1080 
2868 1032 1186 1120 1315 
2869 646 1153 1024 1337 
2870 999 1056 1183 1214 
2871 713 707 101 1025 
2872 139 141 142 1175 
2873 1063 1148 506 1192 
2874 88 1046 532 1156 
2875 1049 1018 1236 1338 
2876 777 1102 567 1237 
2877 827 1167 243 1180 
2878 777 567 566 1237 
2879 226 823 1119 1196 
2880 344 1174 884 1189 
2881 189 1141 1114 1337 
2882 1085 1121 996 1301 
2883 36 116 37 1039 
2884 753 1105 253 1249 
2885 1048 1150 399 1182 
2886 486 1062 1160 1319 
2887 1045 1151 641 1313 
2888 168 1042 231 1238 
2889 481 1152 866 1165 
2890 810 1240 1278 1291 
2891 427 794 787 1050 
2892 398 1116 676 1336 
2893 175 1206 1080 1275 
2894 1049 1072 1008 1338 
2895 99 32 1064 1243 
2896 526 1049 1230 1232 
2897 332 1083 660 1219 
2898 411 1179 1043 1256 
2899 608 382 313 1201 
2900 844 843 1048 1152 
2901 1053 1169 1095 1293 
2902 1002 1108 1021 1246 
2903 687 1029 1189 1285 
2904 729 1029 687 1285 
2905 641 363 395 1196 
2906 641 1045 822 1151 
2907 538 118 1029 1101 
2908 1074 1085 1013 1301 
2909 1061 1145 1093 1258 
2910 1005 1030 1102 1294 
2911 22 1145 92 1223 
2912 240 1267 1024 1348 
2913 189 1114 190 1337 
2914 168 1162 1042 1238 
2915 88 35 34 1173 
2916 1028 1004 1068 1165 
2917 625 1128 626 1233 
2918 1007 1257 1038 1325 
2919 180 1187 1015 1281 
2920 770 485 758 1160 
2921 832 1134 1115 1184 
2922 218 220 1166 1197 
2923 1019 1009 1078 1332 
2924 747 29 97 1137 
2925 525 574 93 1049 
2926 997 1023 1144 1202 
2927 1007 1020 1257 1325 
2928 809 393 323 1091 
2929 559 1061 112 1154 
2930 1074 1085 520 1254 
2931 682 49 121 1052 
2932 50 51 1132 1186 
2933 121 1052 49 1132 
2934 1021 989 1124 1139 
2935 141 1054 601 1195 
2936 195 1153 1177 1340 
2937 400 257 760 1152 
2938 884 1174 1147 1189 
2939 1009 1088 1078 1240 
2940 1098 1187 1122 1344 
2941 200 249 202 1113 
2942 234 1057 254 1124 
2943 749 198 250 1086 
2944 643 1124 270 1164 
2945 1016 992 1157 1168 
2946 460 1096 1081 1242 
2947 1041 991 1140 1217 
2948 1011 1204 1084 1263 
2949 253 1062 486 1149 
2950 1002 1063 1148 1231 
2951 119 541 1133 1183 
2952 1033 1068 1004 1165 
2953 1034 1150 394 1277 
2954 829 648 1059 1190 
2955 347 1022 346 1174 
2956 181 179 180 1347 
2957 998 1071 1015 1187 
2958 989 1053 1107 1191 
2959 1074 1016 1226 1301 
2960 998 1126 1081 1342 
2961 95 627 1018 1300 
2962 308 1067 309 1217 
2963 335 1142 1071 1299 
2964 855 1038 916 1159 
2965 997 1202 1144 1247 
2966 725 726 103 1147 
2967 1007 1038 1103 1273 
2968 38 707 37 1025 
2969 430 1110 1078 1240 
2970 1089 1135 39 1194 
2971 1013 1161 1055 1184 
2972 787 425 1050 1235 
2973 1144 1202 893 1247 
2974 590 591 509 1100 
2975 370 1034 394 1277 
2976 1004 1028 1068 1179 
2977 328 330 329 1219 
2978 789 667 1098 1270 
2979 999 1133 1031 1138 
2980 1094 1255 1044 1304 
2981 534 1039 533 1156 
2982 268 853 155 1157 
2983 618 1233 1030 1261 
2984 1007 1038 1273 1325 
2985 682 104 48 1130 
2986 1124 1170 1037 1293 
2987 722 1012 720 1299 
2988 218 1166 219 1235 
2989 342 1174 1060 1263 
2990 40 716 710 1264 
2991 753 146 253 1105 
2992 740 1139 1033 1324 
2993 1021 1095 989 1139 
2994 533 1039 36 1173 
2995 996 1134 1085 1301 
2996 1013 1085 1134 1301 
2997 769 1121 160 1212 
2998 1007 1273 1073 1325 
2999 854 756 252 1097 
3000 404 552 764 1117 
3001 1071 1083 1012 1308 
3002 198 1190 199 1340 
3003 1002 1058 1108 1246 
3004 1030 1234 1102 1294 
3005 480 1033 481 1165 
3006 275 272 1211 1238 
3007 53 1120 94 1183 
3008 1011 1118 1096 1253 
3009 648 243 827 1167 
3010 641 1151 822 1313 
3011 297 288 296 1205 
3012 1073 1106 286 1195 
3013 992 1013 1137 1161 
3014 1099 1111 993 1295 
3015 335 880 337 1142 
3016 992 1112 1074 1157 
3017 378 1055 697 1161 
3018 192 1116 193 1337 
3019 538 656 1101 1118 
3020 725 1147 103 1285 
3021 64 113 1053 1169 
3022 24 618 1030 1261 
3023 1090 1150 606 1339 
3024 444 1059 442 1186 
3025 1004 1057 1033 1152 
3026 226 642 823 1196 
3027 995 1014 1141 1216 
3028 693 694 695 1138 
3029 726 728 719 1011 
3030 1102 1234 1041 1294 
3031 1130 1189 1029 1283 
3032 713 1135 714 1218 
3033 305 406 1259 1319 
3034 909 1125 1208 1272 
3035 163 1017 284 1328 
3036 169 1162 170 1229 
3037 305 1259 1041 1319 
3038 1042 1211 272 1238 
3039 663 1079 654 1155 
3040 1041 991 1149 1294 
3041 1081 1122 1014 1298 
3042 154 153 1112 1157 
3043 1008 1309 1049 1338 
3044 816 1047 645 1151 
3045 618 25 1233 1261 
3046 1061 1163 570 1224 
3047 334 1083 333 1299 
3048 1018 1049 1309 1338 
3049 726 727 728 1147 
3050 1021 1170 1124 1293 
3051 399 1150 372 1182 
3052 1025 1135 1218 1292 
3053 1047 1167 1113 1315 
3054 342 1147 1174 1263 
3055 491 1108 908 1169 
3056 844 866 843 1152 
3057 1054 1145 990 1287 
3058 328 1051 1218 1219 
3059 394 1150 606 1277 
3060 199 1113 648 1190 
3061 1017 1215 163 1286 
3062 405 654 1079 1155 
3063 520 521 1074 1254 
3064 1002 1058 1036 1108 
3065 760 1057 233 1197 
3066 1013 1244 1085 1254 
3067 40 39 82 1089 
3068 202 249 748 1151 
3069 129 1169 571 1231 
3070 392 1185 1017 1260 
3071 204 226 206 1119 
3072 635 1208 1028 1272 
3073 1054 990 1145 1282 
3074 1007 1103 1038 1257 
3075 184 182 1098 1344 
3076 989 1107 1053 1288 
3077 998 1122 1081 1298 
3078 619 1030 1234 1237 
3079 995 1189 1174 1335 
3080 645 1151 1047 1313 
3081 42 580 43 1342 
3082 184 182 788 1098 
3083 179 1222 178 1347 
3084 1020 570 1163 1224 
3085 1000 1218 1135 1292 
3086 520 1074 524 1226 
3087 39 82 1089 1194 
3088 1050 1188 787 1235 
3089 664 262 293 1043 
3090 532 1046 531 1156 
3091 1096 1141 1014 1242 
3092 1068 1107 61 1326 
3093 789 672 228 1098 
3094 718 1142 1126 1204 
3095 997 1132 1052 1202 
3096 1037 1002 1170 1192 
3097 688 769 1212 1215 
3098 1057 1139 989 1274 
3099 664 709 248 1166 
3100 326 327 325 1155 
3101 1129 1132 997 1186 
3102 447 449 448 1181 
3103 989 1037 1124 1164 
3104 741 1019 691 1311 
3105 995 1024 1141 1267 
3106 756 1097 154 1327 
3107 741 1019 1311 1323 
3108 251 859 755 1168 
3109 252 150 1249 1327 
3110 1051 1218 1025 1239 
3111 323 1055 383 1201 
3112 856 1039 534 1178 
3113 632 708 389 1092 
3114 994 1125 1182 1208 
3115 357 1144 1047 1220 
3116 1041 1149 1062 1294 
3117 142 141 147 1175 
3118 154 1112 153 1327 
3119 1031 1138 1133 1250 
3120 1033 1139 1057 1274 
3121 65 1127 129 1231 
3122 1004 1033 1057 1274 
3123 734 1032 1227 1271 
3124 161 1121 162 1215 
3125 405 663 654 1155 
3126 201 648 199 1113 
3127 183 1122 182 1344 
3128 1005 1117 1054 1287 
3129 65 129 571 1231 
3130 691 1019 1269 1311 
3131 1004 1028 1179 1306 
3132 436 1056 437 1214 
3133 315 323 383 1201 
3134 637 1077 235 1229 
3135 637 1206 1077 1229 
3136 735 1079 170 1162 
3137 362 360 1082 1313 
3138 362 1082 1297 1313 
3139 1017 1185 392 1328 
3140 231 168 167 1042 
3141 1003 1059 1315 1329 
3142 1105 1228 1072 1230 
3143 507 506 917 1063 
3144 688 1212 1066 1215 
3145 466 1200 1065 1210 
3146 990 1106 1040 1205 
3147 381 1067 840 1149 
3148 690 741 691 1311 
3149 480 1033 1165 1326 
3150 64 1169 1053 1231 
3151 728 719 1011 1204 
3152 747 28 1137 1300 
3153 182 181 180 1187 
3154 1000 1069 1104 1275 
3155 527 526 1230 1232 
3156 720 1012 722 1296 
3157 741 903 1250 1323 
3158 589 387 1037 1192 
3159 1033 989 1139 1274 
3160 730 693 696 1031 
3161 664 248 262 1164 
3162 115 1064 1185 1260 
3163 299 300 301 1213 
3164 1115 1211 1010 1321 
3165 1174 1189 1022 1335 
3166 168 166 167 1286 
3167 213 1090 214 1188 
3168 373 399 372 1182 
3169 1128 1233 25 1261 
3170 101 38 39 1135 
3171 269 782 1228 1230 
3172 362 1082 360 1297 
3173 788 1098 182 1187 
3174 643 593 270 1124 
3175 161 1121 1215 1328 
3176 1097 1207 1008 1327 
3177 1054 1223 1145 1287 
3178 1039 1198 1173 1276 
3179 378 316 697 1055 
3180 990 1040 1146 1205 
3181 614 1185 879 1328 
3182 590 591 1100 1170 
3183 1114 1141 188 1216 
3184 115 1185 1064 1244 
3185 838 1267 240 1348 
3186 399 1150 1048 1305 
3187 513 475 759 1156 
3188 415 476 1111 1241 
3189 168 1162 166 1286 
3190 502 1089 1065 1264 
3191 1007 1073 1273 1317 
3192 1032 1082 1003 1227 
3193 126 970 979 1087 
3194 325 290 291 1203 
3195 186 1216 187 1344 
3196 101 707 38 1025 
3197 1010 1111 1099 1295 
3198 1016 1212 1121 1301 
3199 994 1306 1150 1339 
3200 64 571 113 1169 
3201 438 1056 436 1183 
3202 580 1253 43 1342 
3203 1007 1273 1103 1317 
3204 1009 1277 1090 1332 
3205 243 651 824 1209 
3206 1050 994 1110 1188 
3207 1031 1003 1082 1227 
3208 330 1218 1083 1219 
3209 634 635 59 1028 
3210 452 1153 1131 1348 
3211 657 233 220 1197 
3212 226 204 748 1151 
3213 47 729 46 1029 
3214 340 341 1084 1263 
3215 1022 1189 347 1283 
3216 1014 1096 995 1141 
3217 421 593 1124 1170 
3218 727 728 1147 1263 
3219 730 1031 696 1227 
3220 452 834 450 1153 
3221 558 112 559 1061 
3222 995 1101 1024 1267 
3223 155 1112 153 1157 
3224 749 1086 250 1220 
3225 36 533 116 1039 
3226 678 105 733 1032 
3227 1000 1135 1296 1308 
3228 1052 1202 1130 1314 
3229 342 1060 341 1263 
3230 88 532 533 1156 
3231 1032 1003 1082 1315 
3232 1011 1204 723 1253 
3233 53 731 1120 1227 
3234 213 214 215 1188 
3235 659 781 660 1123 
3236 1074 1112 992 1232 
3237 1024 1153 646 1348 
3238 1042 1295 1215 1341 
3239 995 1118 1011 1147 
3240 1080 1219 1000 1292 
3241 1100 1170 1002 1192 
3242 368 1172 1070 1303 
3243 373 1048 399 1182 
3244 1034 1277 1009 1332 
3245 200 1113 202 1167 
3246 357 1047 645 1220 
3247 52 51 587 1120 
3248 400 1152 760 1197 
3249 294 752 292 1136 
3250 841 459 1242 1267 
3251 359 1047 357 1271 
3252 765 1079 663 1262 
3253 1109 1278 1009 1291 
3254 999 1031 1133 1183 
3255 986 977 975 1257 
3256 1091 1115 996 1184 
3257 1012 998 1126 1142 
3258 546 1028 1265 1322 
3259 47 104 729 1130 
3260 405 1155 1079 1203 
3261 994 1050 1110 1158 
3262 1062 1160 1005 1175 
3263 301 1213 1102 1259 
3264 1008 1249 1105 1327 
3265 115 530 1064 1260 
3266 1111 1241 1010 1321 
3267 994 1076 1306 1339 
3268 990 1146 1154 1163 
3269 1077 1156 1039 1178 
3270 1215 1295 1017 1341 
3271 1062 1149 1041 1319 
3272 405 1079 654 1203 
3273 996 1121 1212 1301 
3274 751 176 750 1080 
3275 968 987 977 1251 
3276 829 648 827 1059 
3277 362 364 363 1138 
3278 1075 1228 1062 1284 
3279 1034 1090 1277 1332 
3280 1048 1152 843 1305 
3281 311 382 611 1207 
3282 1096 1242 459 1267 
3283 1025 1051 1239 1292 
3284 1047 1082 1003 1315 
3285 1042 1215 1066 1341 
3286 706 1198 713 1239 
3287 421 255 422 1124 
3288 224 643 270 1164 
3289 386 1048 1182 1272 
3290 1002 1021 1108 1293 
3291 255 234 254 1124 
3292 730 696 731 1227 
3293 36 100 1173 1276 
3294 265 1139 1095 1310 
3295 246 1188 1110 1291 
3296 266 594 287 1205 
3297 158 159 157 1226 
3298 767 768 564 1163 
3299 62 1107 604 1191 
3300 851 1178 1077 1206 
3301 1062 1149 991 1294 
3302 1055 1168 383 1201 
3303 907 61 1107 1326 
3304 851 1077 637 1206 
3305 369 371 1034 1323 
3306 419 1038 1205 1273 
3307 831 446 1129 1190 
3308 197 198 199 1340 
3309 26 95 1128 1236 
3310 1020 1061 1007 1224 
3311 36 704 100 1276 
3312 527 1230 1112 1232 
3313 1079 1155 663 1262 
3314 778 701 378 1184 
3315 147 286 1106 1195 
3316 373 844 1048 1182 
3317 827 243 824 1180 
3318 265 1095 1139 1324 
3319 831 1026 647 1190 
3320 1049 1094 992 1137 
3321 989 1124 1037 1293 
3322 370 612 368 1277 
3323 1075 1176 757 1284 
3324 1032 1003 1120 1227 
3325 400 843 1152 1305 
3326 1050 1179 1028 1306 
3327 844 1048 386 1272 
3328 1117 1223 1054 1287 
3329 996 1121 1085 1185 
3330 559 570 1061 1163 
3331 269 742 1105 1228 
3332 691 1269 56 1311 
3333 239 644 841 1141 
3334 59 1028 635 1208 
3335 810 615 801 1291 
3336 30 1137 29 1254 
3337 251 1157 1097 1168 
3338 386 1048 844 1182 
3339 1023 1001 1143 1314 
3340 1115 1134 832 1243 
3341 188 795 1114 1216 
3342 1003 1045 1082 1151 
3343 170 1162 1079 1229 
3344 95 1018 1236 1300 
3345 1002 1127 1063 1231 
3346 115 1185 535 1260 
3347 832 1115 397 1184 
3348 253 485 486 1062 
3349 488 572 908 1095 
3350 647 1190 1026 1340 
3351 1031 1120 1003 1227 
3352 659 781 1123 1281 
3353 989 1095 1053 1191 
3354 787 773 425 1235 
3355 396 1115 703 1252 
3356 736 1111 1225 1321 
3357 500 1058 498 1246 
3358 986 975 1087 1257 
3359 607 394 606 1277 
3360 1004 1048 1165 1306 
3361 1021 1002 1170 1293 
3362 154 155 153 1157 
3363 1145 1223 1054 1282 
3364 294 1037 387 1192 
3365 486 1149 1062 1319 
3366 522 1232 1074 1254 
3367 1000 1296 1083 1308 
3368 907 61 62 1107 
3369 352 344 884 1189 
3370 284 1017 392 1328 
3371 1047 1144 357 1271 
3372 535 1185 115 1244 
3373 952 1127 961 1193 
3374 734 1227 1082 1271 
3375 1065 117 1264 1342 
3376 115 530 33 1064 
3377 1001 1022 1143 1283 
3378 989 1124 1057 1164 
3379 997 1132 1202 1247 
3380 456 1101 1096 1267 
3381 983 924 18 1087 
3382 426 1050 425 1179 
3383 1003 1082 1047 1151 
3384 373 844 399 1048 
3385 438 888 440 1183 
3386 303 1041 305 1259 
3387 757 404 136 1176 
3388 442 1186 1059 1329 
3389 713 711 714 1135 
3390 1072 1228 782 1230 
3391 339 340 341 1084 
3392 619 1234 777 1237 
3393 84 1085 1244 1254 
3394 45 1118 538 1285 
3395 589 509 387 1192 
3396 1015 1104 1065 1210 
3397 480 481 482 1165 
3398 23 551 24 1237 
3399 154 1097 251 1157 
3400 113 604 63 1053 
3401 1016 1121 1226 1301 
3402 1028 1179 1050 1265 
3403 679 1132 678 1247 
3404 999 1031 1183 1316 
3405 462 460 1081 1242 
3406 733 679 678 1247 
3407 1054 1117 1005 1176 
3408 491 744 908 1108 
3409 691 1019 741 1250 
3410 990 1146 1163 1325 
3411 314 313 312 1044 
3412 1039 1198 1025 1248 
3413 19 122 1061 1258 
3414 275 1211 1099 1238 
3415 1081 1200 462 1242 
3416 991 1030 1233 1261 
3417 363 641 361 1045 
3418 283 387 294 1037 
3419 1004 1165 1028 1306 
3420 733 1032 105 1227 
3421 1077 993 1092 1162 
3422 136 134 135 1176 
3423 1144 1247 1047 1315 
3424 1085 1134 996 1244 
3425 1020 1007 1061 1325 
3426 853 1112 155 1157 
3427 1024 1114 995 1141 
3428 1054 1223 135 1282 
3429 790 1146 563 1163 
3430 760 257 254 1057 
3431 369 371 370 1034 
3432 1012 1296 1135 1308 
3433 845 1200 1122 1242 
3434 646 1153 834 1348 
3435 958 945 961 1266 
3436 995 1147 1174 1189 
3437 342 1147 884 1174 
3438 1020 1007 1087 1224 
3439 1038 1159 1020 1257 
3440 1077 1092 993 1156 
3441 840 1067 611 1207 
3442 1020 1087 1007 1257 
3443 1003 1032 1120 1315 
3444 829 1129 446 1190 
3445 327 1155 1051 1334 
3446 322 895 415 1243 
3447 845 1122 640 1242 
3448 334 332 333 1083 
3449 251 1097 857 1168 
3450 246 1110 801 1291 
3451 98 693 1133 1250 
3452 1182 1272 1048 1306 
3453 193 195 1153 1177 
3454 311 309 310 1067 
3455 141 601 600 1195 
3456 842 640 239 1242 
3457 311 1067 310 1255 
3458 1117 1176 1054 1223 
3459 137 601 141 1054 
3460 313 1044 314 1201 
3461 1034 994 1125 1182 
3462 461 462 1200 1242 
3463 1023 1086 997 1330 
3464 314 1044 312 1304 
3465 943 959 952 1036 
3466 997 1247 1144 1315 
3467 991 1233 1128 1261 
3468 840 1067 1207 1249 
3469 36 37 704 1198 
3470 1029 1131 1001 1335 
3471 634 636 635 1028 
3472 677 787 1188 1235 
3473 160 1121 232 1212 
3474 1069 1000 1104 1343 
3475 204 1119 206 1209 
3476 483 1182 1125 1272 
3477 619 91 1030 1237 
3478 998 1204 1084 1298 
3479 465 1065 466 1200 
3480 47 1029 118 1245 
3481 40 710 39 1135 
3482 635 1028 636 1272 
3483 38 1194 1025 1248 
3484 1019 1133 1088 1333 
3485 848 1275 1104 1343 
3486 1085 1185 518 1244 
3487 503 1107 493 1288 
3488 197 199 1190 1340 
3489 83 1129 739 1186 
3490 1079 1162 735 1238 
3491 819 1090 606 1339 
3492 1056 1180 821 1209 
3493 241 195 647 1340 
3494 670 1174 346 1336 
3495 319 1255 628 1304 
3496 314 1201 1044 1304 
3497 996 1064 1243 1341 
3498 1051 1219 1080 1292 
3499 693 695 696 1297 
3500 838 240 837 1348 
3501 1046 1241 1064 1295 
3502 1014 1122 1081 1242 
3503 1064 1241 1010 1295 
3504 88 531 532 1046 
3505 462 461 460 1242 
3506 547 1256 89 1265 
3507 346 1174 1022 1336 
3508 213 1090 1188 1291 
3509 790 563 1154 1163 
3510 642 1045 641 1196 
3511 120 59 1208 1265 
3512 20 19 122 1061 
3513 294 418 1148 1192 
3514 1078 1208 544 1311 
3515 1018 1140 1128 1338 
3516 1128 1140 991 1338 
3517 733 734 1032 1227 
3518 856 1039 1178 1248 
3519 19 1061 1224 1258 
3520 848 470 1275 1343 
3521 1037 1170 1002 1293 
3522 1036 1058 1002 1193 
3523 995 1141 1114 1216 
3524 714 1135 711 1218 
3525 995 1216 1114 1331 
3526 1010 1042 1211 1341 
3527 443 442 444 1059 
3528 810 801 431 1240 
3529 691 55 56 1269 
3530 738 556 1072 1236 
3531 848 1222 1104 1275 
3532 495 1078 430 1158 
3533 638 1222 848 1275 
3534 1051 1000 1219 1292 
3535 1023 997 1144 1330 
3536 241 193 195 1153 
3537 1033 1004 1068 1274 
3538 399 605 1150 1305 
3539 1066 1211 1042 1341 
3540 346 348 669 1022 
3541 522 1137 1232 1254 
3542 985 799 965 1279 
3543 995 1285 1189 1335 
3544 812 645 1047 1220 
3545 344 347 346 1174 
3546 400 839 843 1305 
3547 901 1171 1103 1317 
3548 1013 1134 1085 1244 
3549 998 1142 1084 1204 
3550 404 764 134 1117 
3551 133 135 1223 1282 
3552 416 1111 736 1321 
3553 952 1036 1127 1193 
3554 810 1278 245 1291 
3555 1044 1008 1207 1338 
3556 419 916 855 1038 
3557 269 742 149 1105 
3558 886 1052 583 1181 
3559 584 320 585 1021 
3560 650 1092 391 1156 
3561 1012 1135 1089 1308 
3562 402 1270 1187 1281 
3563 1081 1204 1011 1253 
3564 62 938 63 1107 
3565 1009 1278 1240 1291 
3566 327 1051 328 1219 
3567 249 1113 749 1220 
3568 1044 1207 1067 1338 
3569 1105 1230 1008 1327 
3570 996 1243 1115 1341 
3571 689 769 688 1215 
3572 568 303 1102 1234 
3573 265 261 1139 1310 
3574 880 1084 337 1142 
3575 535 518 1185 1244 
3576 415 476 416 1111 
3577 305 1041 306 1217 
3578 240 191 646 1024 
3579 163 1215 1017 1328 
3580 645 357 359 1047 
3581 131 514 763 1282 
3582 937 572 488 1095 
3583 171 169 170 1229 
3584 521 1074 522 1232 
3585 1001 1143 1116 1199 
3586 291 1035 331 1239 
3587 484 1182 385 1323 
3588 411 1043 388 1256 
3589 845 640 842 1242 
3590 777 569 567 1102 
3591 831 448 833 1026 
3592 251 154 756 1097 
3593 272 231 271 1042 
3594 267 148 1106 1320 
3595 418 506 1148 1192 
3596 1069 1178 472 1206 
3597 134 133 135 1223 
3598 497 436 541 1183 
3599 837 646 834 1348 
3600 319 312 1255 1304 
3601 1081 1096 883 1253 
3602 514 1093 763 1282 
3603 237 1104 848 1222 
3604 722 1296 1012 1299 
3605 1182 1208 1125 1272 
3606 1018 1309 1044 1338 
3607 824 821 1180 1209 
3608 1088 1133 999 1333 
3609 1081 1122 998 1200 
3610 989 1136 1107 1288 
3611 143 144 1228 1284 
3612 722 720 721 1299 
3613 1008 1072 1049 1230 
3614 638 237 848 1222 
3615 131 130 514 1145 
3616 989 1288 1053 1293 
3617 1029 1001 1131 1245 
3618 395 1196 363 1303 
3619 876 1085 879 1185 
3620 1116 1143 1022 1336 
3621 1022 1116 1001 1143 
3622 97 699 776 1161 
3623 1024 1001 1131 1335 
3624 566 565 560 1154 
3625 376 740 481 1033 
3626 653 275 1099 1238 
3627 997 1086 1026 1190 
3628 1055 1161 992 1201 
3629 49 1052 83 1132 
3630 816 1151 645 1313 
3631 1069 1206 472 1275 
3632 484 1125 1182 1323 
3633 420 493 1107 1136 
3634 167 689 271 1215 
3635 368 1070 616 1303 
3636 1085 1185 1121 1328 
3637 1035 1203 291 1225 
3638 1009 1221 1090 1277 
3639 972 1103 901 1171 
3640 849 472 1206 1275 
3641 544 1078 1158 1208 
3642 381 1067 1149 1217 
3643 989 1136 1288 1293 
3644 1042 1010 1295 1341 
3645 1018 1044 1255 1338 
3646 1041 1149 991 1217 
3647 353 1199 1023 1330 
3648 409 357 645 1220 
3649 214 1188 1090 1339 
3650 1060 1098 1014 1216 
3651 411 388 1179 1256 
3652 216 1076 217 1188 
3653 402 1071 1270 1281 
3654 1034 1150 994 1182 
3655 346 347 348 1022 
3656 1122 1242 1014 1344 
3657 181 1122 238 1210 
3658 903 1172 1250 1323 
3659 991 1062 1105 1149 
3660 767 304 1146 1163 
3661 840 1149 1067 1249 
3662 354 353 351 1023 
3663 401 1060 343 1331 
3664 1104 1210 1015 1347 
3665 807 1086 805 1199 
3666 1001 1026 1153 1181 
3667 1060 1174 343 1331 
3668 116 533 534 1039 
3669 1068 1265 1028 1322 
3670 458 456 1096 1267 
3671 91 24 618 1030 
3672 84 1085 518 1244 
3673 1065 1264 1126 1342 
3674 745 139 142 1175 
3675 756 154 152 1327 
3676 382 311 313 1044 
3677 265 1139 264 1324 
3678 329 327 328 1219 
3679 584 585 422 1021 
3680 1057 1164 1124 1345 
3681 653 275 278 1099 
3682 500 498 1058 1302 
3683 498 1100 922 1170 
3684 231 1042 272 1238 
3685 1080 1123 1000 1219 
3686 1015 1065 1104 1308 
3687 522 1074 521 1254 
3688 470 1069 1275 1343 
3689 805 1086 196 1177 
3690 1001 1181 1052 1318 
3691 24 25 618 1261 
3692 1025 1218 1051 1292 
3693 261 320 584 1310 
3694 566 1027 603 1237 
3695 1000 1104 1222 1275 
3696 451 1131 450 1181 
3697 1102 1234 1030 1237 
3698 992 1044 1097 1201 
3699 1103 1273 1159 1349 
3700 520 519 521 1254 
3701 958 942 66 1127 
3702 603 566 602 1027 
3703 577 38 37 1248 
3704 752 294 418 1148 
3705 557 1075 143 1228 
3706 213 1188 246 1291 
3707 1005 1102 1041 1294 
3708 934 867 1171 1268 
3709 291 331 326 1239 
3710 1044 1094 1018 1255 
3711 667 401 672 1060 
3712 996 1115 1091 1252 
3713 789 665 667 1270 
3714 1071 998 1142 1270 
3715 831 833 647 1026 
3716 684 686 1189 1283 
3717 1032 734 1247 1271 
3718 1043 1057 1166 1345 
3719 1060 1014 1098 1298 
3720 1022 1001 1116 1335 
3721 1078 1125 994 1208 
3722 219 218 220 1166 
3723 1048 1076 1004 1197 
3724 843 839 399 1048 
3725 993 1111 1046 1295 
3726 207 1119 1307 1346 
3727 966 106 901 1103 
3728 207 1307 1109 1346 
3729 755 1168 859 1312 
3730 997 1186 1132 1315 
3731 209 1221 1109 1307 
3732 837 240 646 1024 
3733 839 1048 843 1305 
3734 354 1023 1144 1330 
3735 571 1169 64 1231 
3736 708 391 389 1092 
3737 346 1022 669 1336 
3738 1086 1177 805 1199 
3739 1019 1250 1172 1323 
3740 389 1092 284 1286 
3741 583 1181 1052 1245 
3742 112 20 21 1145 
3743 312 1044 311 1255 
3744 508 918 1192 1280 
3745 538 118 46 1029 
3746 341 343 401 1060 
3747 824 651 821 1209 
3748 1084 1142 998 1270 
3749 91 618 619 1030 
3750 145 745 1062 1284 
3751 1103 1159 1038 1257 
3752 228 1098 1216 1344 
3753 735 170 168 1162 
3754 1024 1116 1001 1335 
3755 883 1096 87 1253 
3756 669 1022 348 1336 
3757 438 439 1056 1180 
3758 1109 1307 1119 1346 
3759 1004 1048 1152 1165 
3760 1036 1127 1002 1169 
3761 632 1162 1092 1286 
3762 1043 1166 1164 1345 
3763 426 1050 1179 1265 
3764 1023 997 1086 1318 
3765 480 1165 482 1326 
3766 650 532 531 1156 
3767 510 1192 1100 1280 
3768 1032 1132 1186 1315 
3769 552 551 764 1117 
3770 653 1099 1203 1238 
3771 625 26 95 1128 
3772 990 1146 1040 1213 
3773 53 731 52 1120 
3774 224 643 1164 1345 
3775 1124 1164 643 1345 
3776 1021 989 1095 1293 
3777 1057 1124 234 1345 
3778 127 930 917 1127 
3779 907 1107 1191 1326 
3780 827 441 1059 1180 
3781 256 261 584 1139 
3782 483 1125 909 1272 
3783 1173 1276 993 1290 
3784 1075 1117 1030 1261 
3785 148 1175 1106 1320 
3786 203 1167 204 1209 
3787 494 1179 547 1265 
3788 851 513 1077 1178 
3789 257 259 256 1139 
3790 1133 1138 999 1250 
3791 1171 1268 867 1279 
3792 546 1028 59 1265 
3793 856 116 1039 1248 
3794 1023 1143 351 1314 
3795 191 646 1024 1337 
3796 999 1183 1056 1316 
3797 995 1024 1101 1335 
3798 996 1328 1185 1341 
3799 1041 1102 1005 1259 
3800 733 1032 734 1247 
3801 447 1129 886 1181 
3802 733 105 732 1227 
3803 644 1141 240 1267 
3804 109 1058 915 1289 
3805 511 1108 1036 1289 
3806 757 143 557 1075 
3807 305 303 306 1041 
3808 1147 1189 995 1285 
3809 819 1090 1221 1277 
3810 359 1047 1271 1313 
3811 880 345 1084 1142 
3812 559 570 558 1061 
3813 1033 1139 989 1324 
3814 240 191 1024 1337 
3815 869 328 1051 1218 
3816 1082 1151 1045 1313 
3817 1009 1221 1109 1291 
3818 1187 1270 1071 1281 
3819 407 1212 1091 1252 
3820 637 851 235 1077 
3821 603 602 22 1027 
3822 95 627 626 1018 
3823 542 55 1133 1269 
3824 167 1215 1042 1286 
3825 278 653 1099 1203 
3826 1026 1086 997 1318 
3827 1258 1268 1007 1279 
3828 520 521 524 1074 
3829 1031 999 1138 1316 
3830 1019 1009 1332 1333 
3831 62 907 1107 1191 
3832 283 589 387 1037 
3833 1051 1000 1218 1219 
3834 1082 1227 1032 1271 
3835 1000 1275 1080 1292 
3836 756 152 252 1327 
3837 1004 1152 1033 1165 
3838 143 1228 1075 1284 
3839 1033 989 1191 1324 
3840 1074 1232 1137 1254 
3841 487 253 1149 1249 
3842 992 1137 1094 1161 
3843 1048 1004 1076 1306 
3844 354 353 1023 1330 
3845 324 1055 378 1184 
3846 1176 1284 1075 1294 
3847 1035 993 1225 1276 
3848 884 1147 342 1263 
3849 1005 1027 1117 1287 
3850 563 1146 304 1163 
3851 215 1188 214 1339 
3852 139 137 141 1176 
3853 995 1060 1216 1331 
3854 135 1054 137 1176 
3855 718 1126 102 1204 
3856 28 574 1137 1300 
3857 364 363 1138 1303 
3858 155 157 268 1157 
3859 452 834 1153 1348 
3860 1063 1192 918 1280 
3861 820 397 1115 1184 
3862 1029 1130 1001 1245 
3863 22 21 92 1145 
3864 1068 1179 1028 1265 
3865 801 1110 431 1240 
3866 1028 1158 994 1208 
3867 201 1113 200 1167 
3868 1114 1216 795 1331 
3869 98 1133 691 1250 
3870 992 1201 1161 1304 
3871 618 619 1030 1233 
3872 1059 1180 441 1329 
3873 1001 1116 1024 1153 
3874 460 883 1081 1096 
3875 240 1024 837 1348 
3876 407 860 1091 1212 
3877 118 47 46 1029 
3878 990 1213 1040 1287 
3879 1001 1116 1177 1199 
3880 233 1057 234 1345 
3881 1003 1031 1082 1316 
3882 217 1076 218 1235 
3883 990 1154 1213 1287 
3884 994 1034 1125 1332 
3885 147 600 286 1195 
3886 627 624 626 1018 
3887 853 527 1112 1232 
3888 1001 1130 1052 1245 
3889 320 1021 584 1310 
3890 464 1200 466 1210 
3891 1083 1218 1000 1219 
3892 995 1101 1096 1118 
3893 1130 1143 1001 1314 
3894 1000 1069 1275 1292 
3895 554 552 404 1075 
3896 995 1174 1114 1335 
3897 767 855 768 1159 
3898 389 390 284 1092 
3899 992 1094 1049 1309 
3900 279 736 1225 1321 
3901 1022 1114 1174 1335 
3902 437 436 438 1056 
3903 585 1021 320 1310 
3904 474 1178 851 1206 
3905 215 216 1188 1339 
3906 1059 1129 997 1186 
3907 1028 994 1158 1306 
3908 279 1225 1099 1321 
3909 461 1200 845 1242 
3910 786 1187 180 1281 
3911 334 402 659 1071 
3912 773 709 1166 1235 
3913 46 1029 729 1285 
3914 45 538 46 1285 
3915 733 732 734 1227 
3916 361 1045 641 1313 
3917 1027 1005 1102 1287 
3918 1063 1002 1148 1192 
3919 1073 1093 990 1195 
3920 991 1030 1261 1294 
3921 990 1163 1154 1325 
3922 996 1134 1115 1243 
3923 127 930 1127 1231 
3924 196 805 250 1086 
3925 668 402 1187 1281 
3926 561 1154 563 1163 
3927 508 1192 510 1280 
3928 997 1144 1047 1315 
3929 480 376 481 1033 
3930 839 399 1048 1305 
3931 400 1152 1197 1305 
3932 981 969 1159 1349 
3933 611 840 381 1067 
3934 656 1096 456 1101 
3935 87 1096 656 1118 
3936 1036 1108 512 1169 
3937 735 1162 168 1238 
3938 402 659 1071 1281 
3939 29 747 28 1137 
3940 666 668 402 1187 
3941 1027 1223 1117 1287 
3942 837 1024 646 1348 
3943 1042 1099 993 1295 
3944 420 1136 1107 1256 
3945 706 707 713 1198 
3946 143 1075 757 1284 
3947 48 1130 104 1245 
3948 1027 1213 1154 1287 
3949 419 1205 295 1273 
3950 1008 1105 1072 1230 
3951 201 200 202 1167 
3952 1076 994 1188 1339 
3953 1067 1255 1044 1338 
3954 330 1083 332 1219 
3955 1078 994 1158 1208 
3956 1046 1111 993 1173 
3957 1038 1159 1103 1273 
3958 805 807 250 1086 
3959 995 1114 1024 1335 
3960 327 326 328 1051 
3961 233 254 234 1057 
3962 645 1047 359 1313 
3963 35 864 34 1173 
3964 1044 1309 1008 1338 
3965 459 457 1096 1267 
3966 818 306 1041 1234 
3967 654 1203 1079 1238 
3968 1044 992 1094 1304 
3969 305 1041 1217 1319 
3970 985 111 799 1279 
3971 624 622 626 1140 
3972 1016 1157 1074 1226 
3973 585 1246 1021 1310 
3974 1115 1184 1091 1252 
3975 471 1069 1194 1248 
3976 1037 1288 1136 1293 
3977 402 666 1187 1270 
3978 437 1056 821 1346 
3979 1039 1276 1173 1290 
3980 209 210 1221 1307 
3981 1005 1284 1176 1294 
3982 1095 1139 1021 1310 
3983 869 1218 1051 1239 
3984 57 544 1208 1311 
3985 738 526 525 1049 
3986 104 1130 47 1245 
3987 294 417 418 1192 
3988 303 818 306 1041 
3989 989 1136 1037 1164 
3990 111 985 1171 1279 
3991 1115 1134 996 1184 
3992 670 1331 1174 1336 
3993 1053 1231 1148 1288 
3994 1022 1029 1189 1283 
3995 1047 1151 1082 1313 
3996 326 869 328 1051 
3997 114 1231 1053 1288 
3998 330 332 329 1219 
3999 821 1056 439 1180 
4000 992 1044 1094 1309 
4001 202 204 203 1167 
4002 952 951 962 1036 
4003 1088 1133 1019 1269 
4004 915 489 1108 1246 
4005 546 89 1068 1265 
4006 540 53 94 1183 
4007 427 787 425 1050 
4008 999 1109 1070 1307 
4009 636 1028 634 1322 
4010 1057 1124 989 1139 
4011 991 1261 1075 1294 
4012 663 765 654 1079 
4013 993 1203 1035 1225 
4014 543 1240 1078 1269 
4015 740 1033 376 1324 
4016 1030 1117 1075 1294 
4017 1260 1295 1064 1341 
4018 963 949 950 1063 
4019 621 1233 1140 1234 
4020 114 1148 1231 1288 
4021 1038 1163 1146 1325 
4022 1185 1328 1017 1341 
4023 1040 1005 1175 1287 
4024 1064 1260 1046 1295 
4025 356 357 1144 1271 
4026 1127 1002 1169 1231 
4027 993 1092 1046 1156 
4028 741 1311 905 1323 
4029 851 474 513 1178 
4030 965 1171 985 1279 
4031 636 1272 1028 1322 
4032 525 1049 526 1232 
4033 116 534 856 1039 
4034 997 1113 1086 1190 
4035 869 1051 326 1239 
4036 1065 1200 998 1210 
4037 1076 1188 216 1339 
4038 293 262 292 1136 
4039 1070 1109 999 1333 
4040 1052 1023 1202 1314 
4041 981 1159 108 1349 
4042 990 1093 1073 1325 
4043 205 204 206 1209 
4044 615 246 801 1291 
4045 818 1041 303 1234 
4046 490 1108 511 1289 
4047 1010 1064 1295 1341 
4048 215 216 217 1188 
4049 906 571 129 1169 
4050 1003 1082 1045 1316 
4051 422 1021 585 1246 
4052 437 821 817 1346 
4053 518 1085 876 1185 
4054 1044 1018 1094 1309 
4055 1045 1082 1031 1316 
4056 850 474 851 1206 
4057 491 512 1108 1169 
4058 409 1144 357 1220 
4059 994 1048 1150 1306 
4060 1091 1212 1016 1301 
4061 546 89 60 1068 
4062 322 1115 895 1243 
4063 996 1121 1185 1328 
4064 1083 1296 1012 1308 
4065 1087 1007 1257 1279 
4066 273 1066 407 1252 
4067 1104 1275 1069 1343 
4068 48 583 1052 1245 
4069 460 458 1096 1242 
4070 1102 1213 1040 1259 
4071 1042 1092 993 1162 
4072 1078 1240 1088 1269 
4073 558 20 112 1061 
4074 529 738 556 1072 
4075 1083 1000 1218 1296 
4076 684 686 687 1189 
4077 1000 1222 1080 1275 
4078 231 167 271 1042 
4079 987 976 977 1257 
4080 1125 1323 1019 1332 
4081 1001 1052 1181 1245 
4082 24 1030 91 1237 
4083 1003 1045 1151 1316 
4084 298 297 296 1146 
4085 487 753 253 1249 
4086 566 567 565 1213 
4087 279 280 1099 1225 
4088 415 416 289 1321 
4089 994 1182 1048 1306 
4090 1027 1145 990 1154 
4091 1080 1262 750 1334 
4092 430 1110 428 1158 
4093 480 1191 1324 1326 
4094 786 180 229 1281 
4095 1080 1262 1051 1292 
4096 653 1203 654 1238 
4097 966 901 972 1103 
4098 1059 1003 1180 1329 
4099 829 827 443 1059 
4100 1031 1082 1045 1297 
4101 1171 1257 1007 1279 
4102 1080 1051 1262 1334 
4103 580 1081 1253 1342 
4104 459 841 457 1267 
4105 518 1085 84 1254 
4106 981 797 969 1349 
4107 452 450 451 1131 
4108 134 1117 764 1223 
4109 1054 1195 990 1282 
4110 1015 1222 1123 1308 
4111 1045 1138 999 1316 
4112 1019 1332 1034 1333 
4113 1090 1188 994 1339 
4114 1037 1148 1288 1293 
4115 715 713 714 1239 
4116 1186 1315 1059 1329 
4117 311 312 313 1044 
4118 552 1075 554 1261 
4119 998 1122 1098 1187 
4120 161 1215 163 1328 
4121 990 1154 1146 1213 
4122 759 391 513 1156 
4123 1004 1179 1050 1306 
4124 603 1027 22 1237 
4125 299 737 297 1040 
4126 502 1065 117 1264 
4127 991 1075 1062 1294 
4128 1024 1131 1001 1153 
4129 217 1188 1076 1235 
4130 794 677 787 1188 
4131 909 1208 635 1272 
4132 18 926 967 1224 
4133 993 1111 1225 1276 
4134 751 1123 178 1222 
4135 1066 996 1212 1252 
4136 952 961 950 1193 
4137 632 1092 389 1286 
4138 1090 1110 994 1188 
4139 1038 990 1146 1205 
4140 1038 1020 1163 1325 
4141 1060 1098 1084 1298 
4142 1041 1005 1160 1259 
4143 717 42 43 1204 
4144 672 1216 1060 1331 
4145 411 664 293 1043 
4146 1040 1175 1005 1320 
4147 137 135 601 1054 
4148 1024 1153 1116 1337 
4149 52 1120 731 1227 
4150 1034 1172 369 1323 
4151 1045 1297 1082 1313 
4152 723 44 103 1253 
4153 114 1148 931 1231 
4154 264 1139 740 1324 
4155 626 1140 622 1233 
4156 1094 1137 1049 1300 
4157 1149 1249 1105 1338 
4158 979 126 1087 1279 
4159 253 145 485 1062 
4160 558 1061 570 1224 
4161 1001 1026 1181 1318 
4162 1040 1005 1259 1320 
4163 872 124 968 1020 
4164 1040 1102 1005 1287 
4165 952 942 961 1127 
4166 398 1143 350 1199 
4167 1035 993 1276 1290 
4168 923 947 946 1280 
4169 1114 1141 1024 1337 
4170 53 540 54 1183 
4171 665 339 667 1270 
4172 583 886 83 1052 
4173 491 908 512 1169 
4174 820 804 809 1252 
4175 92 550 22 1223 
4176 1122 1200 1081 1242 
4177 1060 1147 1011 1263 
4178 1109 1214 814 1346 
4179 233 760 254 1057 
4180 652 1109 814 1346 
4181 1123 1222 1000 1308 
4182 44 1118 103 1253 
4183 958 961 1127 1266 
4184 737 297 1040 1320 
4185 995 1147 1060 1174 
4186 218 1076 223 1197 
4187 215 214 216 1339 
4188 278 1099 280 1203 
4189 485 145 745 1062 
4190 437 1214 1056 1346 
4191 471 1194 1069 1343 
4192 50 586 51 1186 
4193 594 1205 1073 1273 
4194 308 1140 623 1255 
4195 608 383 1168 1201 
4196 289 416 736 1321 
4197 880 345 337 1084 
4198 849 472 850 1206 
4199 1044 1201 992 1304 
4200 196 1086 198 1340 
4201 667 341 401 1060 
4202 1005 1175 1054 1176 
4203 407 1066 688 1212 
4204 185 186 187 1344 
4205 1079 765 1229 1262 
4206 1012 1083 1071 1299 
4207 968 977 1020 1251 
4208 1086 1113 997 1220 
4209 592 1100 922 1302 
4210 1042 993 1092 1295 
4211 524 1074 268 1226 
4212 1037 1148 1136 1288 
4213 979 1087 988 1279 
4214 1083 1123 1000 1308 
4215 1040 1005 1102 1259 
4216 580 1081 463 1253 
4217 703 1211 276 1252 
4218 821 1056 1209 1346 
4219 1005 1062 1284 1294 
4220 747 1094 629 1300 
4221 535 518 876 1185 
4222 350 353 673 1199 
4223 1052 1181 1026 1318 
4224 1029 1189 1285 1335 
4225 280 1203 1099 1225 
4226 1019 1311 1125 1332 
4227 712 720 722 1296 
4228 1017 1295 1260 1341 
4229 1046 993 1156 1173 
4230 448 449 450 1181 
4231 855 767 766 1038 
4232 1036 1108 1058 1289 
4233 1059 1186 997 1315 
4234 991 1149 1105 1338 
4235 286 596 1073 1195 
4236 1089 1104 1065 1308 
4237 1047 1247 1271 1315 
4238 511 512 1036 1108 
4239 502 875 1089 1264 
4240 147 1106 148 1175 
4241 1004 1179 1166 1235 
4242 985 965 974 1171 
4243 1088 1109 999 1214 
4244 443 827 441 1059 
4245 480 1324 1033 1326 
4246 1047 997 1113 1220 
4247 992 1097 1044 1309 
4248 634 1028 59 1322 
4249 407 1066 1212 1252 
4250 1091 1212 996 1252 
4251 377 1136 420 1256 
4252 480 1191 384 1324 
4253 958 925 945 1266 
4254 998 1065 1126 1342 
4255 196 250 198 1086 
4256 205 206 1119 1209 
4257 761 1035 291 1225 
4258 551 23 1117 1237 
4259 901 1103 935 1317 
4260 145 140 745 1284 
4261 1135 1218 1000 1296 
4262 672 1060 401 1331 
4263 311 611 309 1067 
4264 502 117 1065 1342 
4265 937 113 572 1169 
4266 819 1221 225 1277 
4267 999 1109 1088 1333 
4268 1038 990 1205 1325 
4269 407 1091 803 1252 
4270 990 1027 1154 1287 
4271 1006 1051 1262 1292 
4272 617 1070 825 1307 
4273 271 688 273 1066 
4274 207 208 209 1109 
4275 423 498 1170 1246 
4276 262 258 283 1164 
4277 280 291 1203 1225 
4278 650 531 408 1260 
4279 630 1094 629 1161 
4280 1028 1165 1068 1322 
4281 1028 1158 1050 1306 
4282 1031 1138 1045 1316 
4283 981 108 797 1349 
4284 780 1195 1093 1268 
4285 853 835 527 1232 
4286 1110 1188 1090 1291 
4287 998 1200 1065 1342 
4288 498 922 1100 1302 
4289 1112 1230 1049 1232 
4290 1056 999 1119 1346 
4291 504 1111 1173 1276 
4292 207 208 1109 1307 
4293 334 335 336 1071 
4294 250 1086 811 1220 
4295 464 465 466 1200 
4296 218 657 220 1197 
4297 120 1208 1158 1265 
4298 501 1101 453 1131 
4299 475 534 759 1156 
4300 1040 1175 1106 1287 
4301 232 861 1212 1312 
4302 20 558 19 1061 
4303 1077 1162 1079 1290 
4304 475 856 534 1178 
4305 1031 1120 1183 1316 
4306 83 886 739 1129 
4307 680 683 682 1202 
4308 844 843 399 1048 
4309 265 261 264 1139 
4310 608 383 477 1168 
4311 550 23 22 1237 
4312 999 1070 1196 1307 
4313 171 637 235 1229 
4314 209 1109 208 1307 
4315 990 1195 1093 1282 
4316 602 560 112 1154 
4317 696 1227 1031 1297 
4318 1122 1200 845 1210 
4319 1019 1034 1172 1333 
4320 1050 1158 1028 1265 
4321 334 335 1071 1299 
4322 794 1110 246 1188 
4323 1032 1271 1247 1315 
4324 266 147 286 1106 
4325 1144 1247 356 1271 
4326 118 1131 539 1245 
4327 1028 1165 1048 1306 
4328 990 1093 1061 1145 
4329 852 844 386 1272 
4330 418 417 506 1192 
4331 1084 1204 1011 1298 
4332 207 1119 208 1307 
4333 1002 1169 1053 1293 
4334 414 1185 392 1260 
4335 437 817 1214 1346 
4336 1077 993 1162 1290 
4337 448 446 447 1129 
4338 163 284 613 1328 
4339 251 755 156 1157 
4340 1048 1004 1152 1197 
4341 1093 1145 990 1282 
4342 751 178 176 1222 
4343 1090 1110 1009 1332 
4344 439 821 437 1056 
4345 499 498 922 1170 
4346 165 389 284 1286 
4347 1026 1129 997 1190 
4348 1056 1214 999 1346 
4349 209 210 211 1221 
4350 93 738 1049 1236 
4351 991 1072 1105 1228 
4352 1049 1137 992 1232 
4353 510 1100 592 1280 
4354 57 1208 96 1311 
4355 992 1097 1168 1201 
4356 1005 1054 1175 1287 
4357 406 1160 1259 1319 
4358 1034 1150 1090 1332 
4359 1047 1144 997 1220 
4360 175 236 173 1206 
4361 1004 1043 1166 1179 
4362 949 1193 1063 1280 
4363 855 766 419 1038 
4364 188 795 190 1114 
4365 407 860 803 1091 
4366 1151 1167 1003 1209 
4367 868 1035 1198 1239 
4368 64 1053 114 1231 
4369 809 324 820 1184 
4370 496 1088 1240 1269 
4371 1079 1162 993 1290 
4372 747 629 631 1300 
4373 276 273 407 1252 
4374 458 457 456 1267 
4375 48 49 682 1052 
4376 316 324 323 1055 
4377 950 1063 949 1193 
4378 470 472 1069 1343 
4379 458 456 656 1096 
4380 278 279 280 1099 
4381 1093 1195 780 1282 
4382 270 593 590 1170 
4383 158 160 159 1121 
4384 1004 1166 1057 1197 
4385 191 193 646 1337 
4386 33 99 1064 1241 
4387 578 1194 38 1248 
4388 181 183 238 1122 
4389 1070 1221 1109 1333 
4390 1034 1019 1323 1332 
4391 601 1054 135 1282 
4392 305 307 658 1319 
4393 816 645 410 1313 
4394 669 348 398 1336 
4395 390 391 650 1092 
4396 1057 1152 1004 1197 
4397 1079 1162 1077 1229 
4398 1034 1182 1125 1323 
4399 316 378 324 1055 
4400 742 144 1105 1228 
4401 305 1217 307 1319 
4402 702 698 31 1134 
4403 34 530 88 1046 
4404 163 161 162 1215 
4405 801 246 794 1110 
4406 381 309 1067 1217 
4407 354 351 379 1023 
4408 465 1065 1200 1342 
4409 1050 994 1188 1306 
4410 1006 1051 1155 1262 
4411 1030 1005 1117 1294 
4412 999 1045 1119 1196 
4413 1049 1094 1018 1309 
4414 807 811 1086 1330 
4415 1061 1007 1224 1258 
4416 682 683 104 1130 
4417 963 1063 950 1266 
4418 614 876 879 1185 
4419 996 1115 1252 1341 
4420 999 1196 1119 1307 
4421 1001 1153 1131 1181 
4422 1009 1110 1090 1291 
4423 676 674 802 1116 
4424 162 161 160 1121 
4425 116 577 37 1248 
4426 1053 1095 989 1293 
4427 66 942 927 1127 
4428 491 744 1108 1310 
4429 657 760 233 1197 
4430 236 1206 175 1275 
4431 1018 1094 1049 1300 
4432 932 873 125 1036 
4433 832 701 1134 1184 
4434 993 1173 1111 1276 
4435 737 1040 299 1259 
4436 899 1082 734 1227 
4437 1049 992 1112 1232 
4438 991 1105 1072 1338 
4439 1072 1105 1008 1338 
4440 420 493 503 1107 
4441 840 611 610 1207 
4442 379 1202 1023 1314 
4443 308 623 310 1255 
4444 989 1021 1124 1293 
4445 1089 1135 1000 1308 
4446 814 1214 1109 1278 
4447 644 240 838 1267 
4448 1160 1259 1005 1320 
4449 999 1119 1109 1307 
4450 1059 997 1129 1190 
4451 305 306 307 1217 
4452 506 918 1063 1192 
4453 1073 1205 990 1325 
4454 1001 1199 1177 1318 
4455 1090 1150 994 1332 
4456 880 1142 335 1299 
4457 405 654 653 1203 
4458 411 293 388 1043 
4459 770 815 486 1160 
4460 1046 1092 993 1295 
4461 480 376 1033 1324 
4462 819 1090 212 1221 
4463 19 1061 558 1224 
4464 1109 1221 1009 1333 
4465 848 470 849 1275 
4466 194 1116 802 1177 
4467 998 1200 1122 1210 
4468 879 1085 520 1226 
4469 115 535 536 1260 
4470 1101 1131 1029 1335 
4471 996 1212 1091 1301 
4472 1039 1173 993 1290 
4473 430 1078 543 1240 
4474 1002 1058 1100 1193 
4475 616 1070 617 1196 
4476 1076 1188 994 1306 
4477 951 962 1036 1289 
4478 666 1098 788 1187 
4479 989 1043 1136 1164 
4480 661 750 662 1334 
4481 868 1198 1035 1276 
4482 430 429 428 1110 
4483 963 940 949 1063 
4484 1026 1177 1153 1340 
4485 1031 1003 1120 1316 
4486 486 1160 815 1319 
4487 800 1207 252 1249 
4488 192 802 194 1116 
4489 738 525 93 1049 
4490 57 58 96 1208 
4491 1010 1099 1042 1295 
4492 463 1081 580 1342 
4493 1042 993 1099 1238 
4494 766 767 304 1146 
4495 1043 1136 1107 1274 
4496 226 823 206 1119 
4497 55 691 98 1133 
4498 993 1035 1203 1290 
4499 996 1252 1066 1341 
4500 990 1106 1073 1195 
4501 1049 1112 992 1309 
4502 1126 1264 117 1342 
4503 841 1141 644 1267 
4504 1106 1175 1054 1287 
4505 911 604 937 1191 
4506 264 259 740 1139 
4507 951 1193 1058 1289 
4508 134 764 132 1223 
4509 169 235 632 1162 
4510 252 800 854 1207 
4511 807 811 250 1086 
4512 1030 1233 619 1234 
4513 1091 1184 996 1301 
4514 976 987 1251 1257 
4515 958 961 942 1127 
4516 1033 1191 989 1274 
4517 1059 1113 997 1190 
4518 1131 1181 454 1245 
4519 1089 1000 1194 1343 
4520 821 1209 244 1346 
4521 1061 1163 1020 1325 
4522 835 1074 521 1232 
4523 1089 1104 1000 1343 
4524 371 373 372 1182 
4525 57 544 58 1208 
4526 519 520 1085 1254 
4527 1001 1023 1143 1318 
4528 381 1217 1149 1319 
4529 831 829 446 1190 
4530 730 54 98 1133 
4531 594 479 1205 1273 
4532 1001 1143 1130 1283 
4533 776 630 629 1161 
4534 958 1127 925 1266 
4535 472 1069 473 1178 
4536 1076 1197 1048 1305 
4537 990 1054 1106 1195 
4538 1073 1106 990 1205 
4539 993 1099 1203 1225 
4540 50 51 678 1132 
4541 249 200 749 1113 
4542 561 790 563 1154 
4543 249 749 812 1220 
4544 304 563 790 1146 
4545 573 771 556 1236 
4546 460 459 458 1242 
4547 867 1268 928 1279 
4548 1000 1123 1083 1219 
4549 296 295 419 1205 
4550 989 1095 1191 1324 
4551 444 446 443 1129 
4552 545 1158 428 1265 
4553 994 1125 1078 1332 
4554 619 777 91 1237 
4555 1107 1136 1043 1256 
4556 649 1195 780 1268 
4557 1034 1172 1070 1277 
4558 30 29 575 1254 
4559 274 273 276 1211 
4560 1046 1260 1092 1295 
4561 1090 1150 1034 1277 
4562 670 346 669 1336 
4563 1092 1260 1017 1295 
4564 339 337 1084 1270 
4565 1048 994 1150 1182 
4566 1031 1045 1138 1297 
4567 601 1195 1054 1282 
4568 150 1105 753 1249 
4569 273 688 407 1066 
4570 640 185 239 1344 
4571 1034 1332 1009 1333 
4572 240 189 191 1337 
4573 421 423 593 1170 
4574 713 101 711 1135 
4575 1027 990 1145 1287 
4576 989 1139 1095 1324 
4577 952 962 943 1036 
4578 614 879 285 1328 
4579 620 625 626 1233 
4580 644 189 240 1141 
4581 993 1111 1099 1225 
4582 979 970 988 1087 
4583 314 316 1201 1304 
4584 419 933 798 1273 
4585 902 1172 1138 1250 
4586 509 1100 510 1192 
4587 61 1068 897 1107 
4588 1043 989 1136 1274 
4589 1009 1240 1110 1291 
4590 679 1202 1132 1247 
4591 373 386 844 1182 
4592 985 971 111 1171 
4593 1098 1187 666 1270 
4594 114 931 1148 1288 
4595 914 1058 944 1302 
4596 1026 1001 1153 1318 
4597 706 713 715 1239 
4598 972 973 1103 1171 
4599 301 1102 303 1259 
4600 95 631 627 1300 
4601 481 866 852 1165 
4602 1154 1163 1061 1325 
4603 941 948 947 1302 
4604 284 392 613 1328 
4605 915 1058 772 1246 
4606 473 1178 1069 1248 
4607 265 375 1095 1324 
4608 519 1085 518 1254 
4609 611 381 309 1067 
4610 217 216 218 1076 
4611 1036 1002 1127 1193 
4612 410 641 822 1313 
4613 1037 1148 1002 1192 
4614 1099 1225 1111 1321 
4615 1019 1078 1311 1332 
4616 522 1137 574 1232 
4617 381 1149 830 1319 
4618 994 1110 1090 1332 
4619 831 647 242 1190 
4620 198 749 200 1113 
4621 1069 1194 1000 1343 
4622 609 1097 854 1207 
4623 1061 1093 990 1325 
4624 997 1047 1113 1315 
4625 287 594 479 1205 
4626 934 1268 1171 1317 
4627 561 559 1154 1163 
4628 488 908 744 1095 
4629 623 1140 624 1255 
4630 991 1140 1128 1233 
4631 753 150 146 1105 
4632 43 723 1204 1253 
4633 1010 1042 1099 1211 
4634 1067 1249 1149 1338 
4635 774 860 1212 1312 
4636 239 187 644 1141 
4637 459 457 458 1096 
4638 1070 1172 1034 1333 
4639 459 1096 458 1242 
4640 238 1122 845 1210 
4641 438 439 437 1056 
4642 564 1020 913 1163 
4643 749 250 811 1220 
4644 869 714 1218 1239 
4645 970 924 983 1087 
4646 196 1177 1086 1340 
4647 471 473 1069 1248 
4648 1043 1179 1004 1274 
4649 1080 1219 1051 1334 
4650 1079 1155 1035 1203 
4651 427 425 426 1050 
4652 757 554 404 1075 
4653 342 884 344 1174 
4654 334 336 402 1071 
4655 1024 1131 1101 1335 
4656 511 491 512 1108 
4657 677 1188 217 1235 
4658 720 718 721 1142 
4659 379 1023 351 1314 
4660 519 520 518 1085 
4661 538 501 118 1101 
4662 1166 1197 1004 1235 
4663 992 1168 1055 1201 
4664 229 178 751 1123 
4665 994 1110 1078 1158 
4666 471 1194 478 1248 
4667 1102 1213 1027 1287 
4668 504 1111 864 1173 
4669 550 1117 23 1237 
4670 29 1137 575 1254 
4671 951 1058 953 1289 
4672 1035 1155 1079 1290 
4673 790 300 1146 1213 
4674 543 430 495 1078 
4675 155 853 153 1112 
4676 866 740 260 1152 
4677 286 596 595 1073 
4678 1120 1180 1003 1329 
4679 434 1240 1088 1278 
4680 494 547 89 1265 
4681 990 1040 1106 1287 
4682 816 410 1151 1313 
4683 861 232 755 1312 
4684 1039 1156 993 1173 
4685 552 554 553 1261 
4686 968 1020 124 1251 
4687 817 814 1214 1346 
4688 905 1311 1125 1323 
4689 662 750 1262 1334 
4690 1051 1218 1000 1292 
4691 217 218 219 1235 
4692 1039 1178 1006 1290 
4693 1004 1179 1068 1274 
4694 999 1303 1070 1333 
4695 728 881 719 1204 
4696 761 331 291 1035 
4697 1063 1127 1002 1193 
4698 1051 1219 327 1334 
4699 935 901 106 1103 
4700 207 206 208 1119 
4701 970 983 986 1087 
4702 717 102 1126 1204 
4703 358 359 357 1271 
4704 176 175 1080 1222 
4705 1149 1217 1041 1319 
4706 702 1134 31 1244 
4707 1015 1104 1222 1308 
4708 1107 1136 989 1274 
4709 1097 1112 992 1157 
4710 442 1059 441 1329 
4711 1063 1100 1002 1192 
4712 188 1141 187 1216 
4713 510 592 923 1280 
4714 450 834 833 1153 
4715 765 170 1079 1229 
4716 1091 1212 860 1312 
4717 998 1071 1187 1270 
4718 682 121 680 1202 
4719 1116 1153 1001 1177 
4720 1037 1002 1148 1293 
4721 1045 999 1119 1316 
4722 362 361 360 1313 
4723 1080 1206 1006 1292 
4724 339 336 337 1270 
4725 717 1126 42 1204 
4726 466 465 467 1065 
4727 1064 1241 99 1243 
4728 221 248 1166 1345 
4729 617 616 825 1070 
4730 913 1020 564 1251 
4731 149 742 144 1105 
4732 979 965 799 1279 
4733 93 574 28 1300 
4734 347 1189 352 1283 
4735 263 780 1195 1282 
4736 1027 1145 1223 1287 
4737 63 64 113 1053 
4738 617 825 826 1307 
4739 319 808 628 1255 
4740 398 350 673 1199 
4741 199 198 200 1113 
4742 496 1240 543 1269 
4743 1161 1201 1055 1304 
4744 735 168 231 1238 
4745 538 87 656 1118 
4746 789 1098 666 1270 
4747 453 1131 1101 1348 
4748 893 1202 681 1247 
4749 1006 1206 1080 1262 
4750 621 1140 318 1234 
4751 817 652 814 1346 
4752 989 1037 1136 1293 
4753 1070 1196 616 1303 
4754 913 1020 570 1163 
4755 1077 1178 1006 1206 
4756 1022 1189 1029 1335 
4757 990 1038 1146 1325 
4758 1006 1178 1077 1290 
4759 529 1072 782 1230 
4760 660 1123 661 1219 
4761 996 1064 1185 1244 
4762 992 1161 1094 1304 
4763 757 557 554 1075 
4764 1042 1162 993 1238 
4765 442 443 441 1059 
4766 275 277 1099 1211 
4767 551 23 550 1117 
4768 206 1119 823 1307 
4769 1064 1010 1243 1341 
4770 1114 1116 1024 1335 
4771 1022 1116 1114 1335 
4772 953 1058 939 1289 
4773 946 947 948 1280 
4774 1172 1250 1019 1333 
4775 354 1144 355 1330 
4776 590 499 591 1170 
4777 423 424 498 1246 
4778 592 947 923 1280 
4779 1109 999 1214 1346 
4780 979 988 965 1279 
4781 1073 1195 596 1268 
4782 617 1196 1070 1307 
4783 840 1207 610 1249 
4784 825 1070 616 1277 
4785 1002 1100 1063 1193 
4786 1070 999 1196 1303 
4787 412 411 388 1179 
4788 82 40 1089 1264 
4789 1053 1148 1002 1293 
4790 1115 1243 1010 1341 
4791 554 1075 557 1228 
4792 420 377 493 1136 
4793 336 402 1071 1270 
4794 1109 1119 999 1346 
4795 649 263 780 1195 
4796 906 1036 512 1169 
4797 38 578 39 1194 
4798 507 418 506 1148 
4799 201 199 200 1113 
4800 393 413 383 1312 
4801 606 1150 836 1339 
4802 950 1063 1193 1266 
4803 880 881 345 1142 
4804 765 170 735 1079 
4805 413 1168 383 1312 
4806 1138 1172 902 1303 
4807 1040 1213 1102 1287 
4808 990 1145 1061 1154 
4809 1079 1203 1035 1290 
4810 1155 1262 1051 1334 
4811 1000 1222 1104 1308 
4812 32 115 1064 1244 
4813 896 734 1082 1271 
4814 48 583 49 1052 
4815 61 90 1068 1326 
4816 1158 1208 1028 1265 
4817 426 425 412 1179 
4818 249 816 748 1151 
4819 790 1154 561 1213 
4820 1013 1085 1074 1254 
4821 958 66 925 1127 
4822 1034 994 1150 1332 
4823 996 1185 1064 1341 
4824 206 208 1119 1307 
4825 360 359 1271 1313 
4826 919 1165 1322 1326 
4827 1072 1128 991 1338 
4828 832 701 700 1134 
4829 251 857 859 1168 
4830 1150 1305 836 1339 
4831 1014 1122 1098 1298 
4832 632 389 165 1286 
4833 580 463 581 1253 
4834 993 1079 1203 1238 
4835 121 1132 679 1202 
4836 26 1128 771 1236 
4837 577 578 38 1248 
4838 642 641 395 1196 
4839 717 102 42 1126 
4840 660 781 661 1123 
4841 531 1046 530 1260 
4842 423 422 424 1246 
4843 818 318 306 1234 
4844 692 691 741 1250 
4845 840 610 800 1249 
4846 502 537 875 1264 
4847 606 605 836 1150 
4848 737 762 297 1320 
4849 1041 1259 1160 1319 
4850 338 1083 330 1218 
4851 1006 1155 1035 1290 
4852 836 1150 605 1305 
4853 462 1200 1081 1342 
4854 954 793 940 1266 
4855 789 788 666 1098 
4856 810 245 615 1291 
4857 145 144 140 1284 
4858 369 746 371 1323 
4859 832 895 1115 1243 
4860 953 944 939 1058 
4861 1060 995 1174 1331 
4862 1049 1230 1112 1309 
4863 400 260 257 1152 
4864 462 460 463 1081 
4865 106 1103 966 1349 
4866 205 1119 207 1346 
4867 1097 1157 992 1168 
4868 33 99 32 1064 
4869 745 140 139 1284 
4870 60 1068 61 1322 
4871 66 927 129 1127 
4872 690 691 56 1311 
4873 104 684 729 1130 
4874 234 1124 643 1345 
4875 50 49 83 1132 
4876 90 61 1068 1322 
4877 458 1096 457 1267 
4878 114 1053 63 1288 
4879 268 524 835 1074 
4880 522 574 525 1232 
4881 1106 1175 1040 1320 
4882 972 901 971 1171 
4883 1036 1002 1108 1169 
4884 995 1141 1096 1267 
4885 601 135 263 1282 
4886 1109 1278 1088 1333 
4887 1068 1165 1033 1326 
4888 652 245 814 1109 
4889 1076 1004 1197 1235 
4890 774 1212 861 1312 
4891 88 533 35 1173 
4892 400 1197 785 1305 
4893 647 242 1190 1340 
4894 1047 1247 1144 1271 
4895 857 251 756 1097 
4896 951 1036 952 1193 
4897 444 445 1129 1186 
4898 568 818 303 1234 
4899 1056 1119 999 1316 
4900 1098 1122 998 1298 
4901 1048 1165 1028 1272 
4902 1053 1002 1148 1231 
4903 480 492 384 1191 
4904 990 1154 1061 1325 
4905 811 1220 1086 1330 
4906 998 1081 1200 1342 
4907 711 1218 1135 1296 
4908 1078 1110 994 1332 
4909 814 1109 245 1278 
4910 565 561 1154 1213 
4911 33 32 115 1064 
4912 409 355 357 1144 
4913 216 223 218 1076 
4914 998 1187 1098 1270 
4915 504 1173 100 1276 
4916 302 303 305 1259 
4917 425 411 412 1179 
4918 512 906 932 1036 
4919 990 1106 1054 1287 
4920 434 433 1240 1278 
4921 963 950 961 1266 
4922 228 1216 186 1344 
4923 484 385 746 1323 
4924 1008 1112 1230 1309 
4925 188 791 795 1216 
4926 181 1210 639 1347 
4927 995 1096 1101 1267 
4928 1000 1135 1089 1194 
4929 362 360 367 1297 
4930 885 884 1147 1189 
4931 480 492 1191 1326 
4932 774 232 861 1212 
4933 1055 1016 1301 1312 
4934 610 1207 800 1249 
4935 940 1063 963 1266 
4936 539 1131 454 1245 
4937 943 125 1036 1289 
4938 997 1113 1059 1315 
4939 1074 992 1137 1232 
4940 1039 993 1156 1290 
4941 998 1098 1084 1270 
4942 184 183 182 1344 
4943 1067 1140 991 1217 
4944 1000 1194 1069 1292 
4945 632 166 1162 1286 
4946 1104 1222 237 1347 
4947 1013 1184 1055 1301 
4948 96 1208 1125 1311 
4949 544 1078 495 1158 
4950 399 605 372 1150 
4951 1097 1112 1008 1309 
4952 992 1112 1097 1309 
4953 991 1067 1149 1338 
4954 226 748 822 1151 
4955 416 736 1111 1225 
4956 648 201 243 1167 
4957 531 88 530 1046 
4958 1080 1222 175 1275 
4959 206 823 208 1307 
4960 1074 1137 1013 1254 
4961 793 1063 940 1266 
4962 267 282 148 1320 
4963 348 350 398 1143 
4964 108 981 964 1159 
4965 142 147 148 1175 
4966 791 795 1216 1331 
4967 993 1203 1099 1238 
4968 464 466 846 1210 
4969 900 1138 362 1297 
4970 362 900 364 1138 
4971 1174 1331 1114 1336 
4972 1120 1186 587 1329 
4973 1081 1096 1014 1242 
4974 998 1126 1142 1204 
4975 1077 1206 1006 1229 
4976 1016 1212 1091 1312 
4977 484 1125 483 1182 
4978 165 284 163 1286 
4979 1080 1000 1123 1222 
4980 334 333 335 1299 
4981 654 1079 735 1238 
4982 898 1241 415 1243 
4983 500 1058 914 1302 
4984 879 520 524 1226 
4985 1004 1050 1179 1235 
4986 269 782 742 1228 
4987 974 965 988 1279 
4988 360 359 358 1271 
4989 129 65 66 1127 
4990 1099 1211 1042 1238 
4991 825 1221 1070 1277 
4992 491 1108 321 1310 
4993 1039 1156 1077 1290 
4994 1077 1156 993 1290 
4995 205 1209 1119 1346 
4996 360 1082 367 1297 
4997 842 239 841 1242 
4998 643 421 593 1124 
4999 897 1107 1068 1256 
5000 327 633 325 1155 
5001 1114 1174 995 1331 
5002 1001 1181 1131 1245 
5003 1109 1221 1070 1307 
5004 489 1108 1246 1310 
5005 238 845 846 1210 
5006 381 840 830 1149 
5007 1055 1301 1091 1312 
5008 63 114 64 1053 
5009 1118 1147 995 1285 
5010 1003 1167 1059 1180 
5011 761 868 331 1035 
5012 409 355 1144 1330 
5013 996 1185 1085 1244 
5014 43 723 717 1204 
5015 601 263 1195 1282 
5016 1003 1059 1167 1315 
5017 949 948 1193 1280 
5018 972 973 966 1103 
5019 819 212 225 1221 
5020 94 1120 888 1183 
5021 1004 1050 1235 1306 
5022 87 883 656 1096 
5023 782 1072 555 1228 
5024 993 1203 1079 1290 
5025 327 633 1155 1334 
5026 832 895 397 1115 
5027 1001 1143 1199 1318 
5028 709 221 248 1166 
5029 1039 1077 1178 1290 
5030 409 1144 1220 1330 
5031 274 276 703 1211 
5032 909 635 636 1272 
5033 426 1179 412 1265 
5034 570 1020 872 1224 
5035 50 121 49 1132 
5036 360 1271 1082 1313 
5037 222 234 643 1345 
5038 1062 1041 1160 1319 
5039 380 356 1247 1271 
5040 90 1322 1068 1326 
5041 1060 1174 1147 1263 
5042 738 573 556 1236 
5043 491 321 744 1310 
5044 559 562 570 1163 
5045 670 796 1331 1336 
5046 463 462 1081 1342 
5047 205 206 207 1119 
5048 384 1191 488 1324 
5049 1053 1288 1148 1293 
5050 84 518 517 1244 
5051 1119 1196 823 1307 
5052 102 41 1126 1264 
5053 356 358 357 1271 
5054 1084 1098 998 1298 
5055 1067 991 1149 1217 
5056 501 453 539 1131 
5057 1098 1122 1014 1344 
5058 750 1080 174 1262 
5059 979 799 126 1279 
5060 777 566 603 1237 
5061 773 247 709 1235 
5062 476 864 1111 1241 
5063 868 331 1035 1239 
5064 488 1191 1095 1324 
5065 793 940 1063 1280 
5066 1004 1235 1076 1306 
5067 1034 1019 1172 1323 
5068 265 264 375 1324 
5069 568 1102 569 1234 
5070 390 389 391 1092 
5071 1065 1012 1126 1264 
5072 825 616 612 1277 
5073 275 655 272 1238 
5074 412 1179 388 1256 
5075 1008 1230 1049 1309 
5076 96 909 1125 1208 
5077 102 716 41 1264 
5078 528 527 526 1230 
5079 286 595 594 1073 
5080 454 1181 583 1245 
5081 1022 1174 1114 1336 
5082 996 1184 1134 1301 
5083 545 428 426 1265 
5084 1056 1003 1180 1209 
5085 1094 1161 630 1304 
5086 1062 1160 1041 1294 
5087 384 911 488 1191 
5088 1079 993 1162 1238 
5089 138 757 1176 1284 
5090 1053 1169 1002 1231 
5091 127 1127 917 1266 
5092 460 458 883 1096 
5093 456 455 1101 1267 
5094 1075 1261 1030 1294 
5095 419 295 933 1273 
5096 828 832 397 1184 
5097 742 143 144 1228 
5098 1083 1218 338 1296 
5099 741 690 905 1311 
5100 496 1088 432 1240 
5101 1014 1216 1098 1344 
5102 609 857 854 1097 
5103 356 1144 893 1247 
5104 807 1086 1199 1330 
5105 1040 1259 737 1320 
5106 1100 1193 1058 1302 
5107 396 703 804 1252 
5108 1009 1278 1109 1333 
5109 1016 1055 1168 1312 
5110 482 919 1165 1322 
5111 410 822 1151 1313 
5112 1050 1188 1076 1306 
5113 253 486 487 1149 
5114 223 1076 216 1339 
5115 1093 1268 1073 1325 
5116 974 973 1171 1257 
5117 184 788 228 1098 
5118 285 159 1121 1226 
5119 1125 1208 1078 1311 
5120 176 175 174 1080 
5121 407 774 860 1212 
5122 516 1093 514 1258 
5123 903 1172 902 1250 
5124 93 1236 1049 1300 
5125 434 432 1088 1240 
5126 681 1202 679 1247 
5127 711 1135 710 1296 
5128 943 955 125 1289 
5129 354 355 353 1330 
5130 567 1102 317 1213 
5131 131 1223 1145 1282 
5132 1058 1193 1036 1289 
5133 803 1091 809 1252 
5134 821 651 244 1209 
5135 1165 1272 904 1322 
5136 1050 1158 994 1306 
5137 156 157 155 1157 
5138 288 267 287 1205 
5139 301 317 1102 1213 
5140 839 605 399 1305 
5141 482 1165 904 1322 
5142 258 224 270 1164 
5143 899 1227 696 1297 
5144 974 1171 965 1279 
5145 835 521 523 1232 
5146 1093 1195 1073 1268 
5147 899 896 734 1082 
5148 94 53 52 1120 
5149 1070 1303 1172 1333 
5150 1087 1224 1007 1258 
5151 1113 1167 1059 1315 
5152 506 417 918 1192 
5153 542 1088 496 1269 
5154 1065 1012 1264 1308 
5155 213 215 246 1188 
5156 424 500 498 1246 
5157 1005 1041 1160 1294 
5158 744 265 375 1095 
5159 184 1098 228 1344 
5160 213 212 214 1090 
5161 561 562 559 1163 
5162 451 454 1131 1181 
5163 1026 1153 1177 1318 
5164 991 1140 1067 1338 
5165 301 568 303 1102 
5166 915 109 772 1058 
5167 318 1140 308 1217 
5168 319 312 808 1255 
5169 885 1189 1147 1285 
5170 523 521 522 1232 
5171 1079 1229 1077 1290 
5172 482 1165 919 1326 
5173 131 92 1145 1223 
5174 172 1229 765 1262 
5175 223 1197 1076 1305 
5176 614 392 1185 1328 
5177 943 1036 962 1289 
5178 431 1110 430 1240 
5179 105 52 731 1227 
5180 1034 1323 1125 1332 
5181 1097 1207 1044 1309 
5182 884 727 1147 1263 
5183 1009 1088 1278 1333 
5184 471 473 472 1069 
5185 951 1036 1193 1289 
5186 1006 1229 1206 1262 
5187 583 83 49 1052 
5188 1008 1112 1097 1327 
5189 673 1199 353 1330 
5190 1064 1010 1241 1243 
5191 18 1087 549 1224 
5192 306 318 308 1217 
5193 233 234 222 1345 
5194 599 901 935 1317 
5195 1058 1193 953 1302 
5196 1026 1190 1086 1340 
5197 620 626 622 1233 
5198 765 735 654 1079 
5199 179 177 178 1222 
5200 862 1112 527 1230 
5201 119 1133 54 1183 
5202 1088 1214 434 1278 
5203 529 555 782 1072 
5204 505 1225 1111 1276 
5205 725 727 726 1147 
5206 1140 1255 1067 1338 
5207 1018 1255 1140 1338 
5208 46 729 724 1285 
5209 114 931 548 1231 
5210 1000 1104 1089 1308 
5211 265 1095 744 1310 
5212 793 960 940 1280 
5213 456 1101 455 1348 
5214 769 160 232 1212 
5215 851 708 235 1077 
5216 1006 1178 1069 1206 
5217 20 130 21 1145 
5218 1065 1264 1089 1308 
5219 711 710 712 1296 
5220 1001 1177 1153 1318 
5221 774 861 860 1312 
5222 509 510 508 1192 
5223 186 188 187 1216 
5224 277 278 275 1099 
5225 1071 1142 1012 1299 
5226 280 291 290 1203 
5227 1008 1207 1097 1309 
5228 95 1236 27 1300 
5229 579 1089 82 1194 
5230 1024 1116 1114 1337 
5231 1006 1155 1079 1262 
5232 649 596 1195 1268 
5233 39 578 82 1194 
5234 193 194 195 1177 
5235 534 533 532 1156 
5236 935 1103 890 1273 
5237 820 828 397 1184 
5238 505 761 1225 1276 
5239 646 193 241 1153 
5240 921 125 955 1289 
5241 219 1166 709 1235 
5242 1114 1116 1022 1336 
5243 121 679 680 1202 
5244 772 1058 500 1246 
5245 1006 1079 1155 1290 
5246 194 802 805 1177 
5247 692 98 691 1250 
5248 1063 1193 1100 1280 
5249 819 225 607 1277 
5250 32 702 31 1244 
5251 82 537 40 1264 
5252 19 1224 549 1258 
5253 406 1160 779 1259 
5254 994 1150 1090 1339 
5255 1100 1192 1063 1280 
5256 851 513 708 1077 
5257 207 209 652 1109 
5258 915 489 490 1108 
5259 136 135 137 1176 
5260 138 757 136 1176 
5261 48 104 47 1245 
5262 792 966 982 1349 
5263 1099 1111 1010 1321 
5264 522 521 519 1254 
5265 19 549 122 1258 
5266 1082 1227 899 1297 
5267 827 824 441 1180 
5268 266 267 148 1106 
5269 242 197 199 1190 
5270 824 821 439 1180 
5271 522 575 1137 1254 
5272 1125 1311 1019 1323 
5273 1005 1175 1160 1320 
5274 1089 1194 579 1343 
5275 212 1090 213 1291 
5276 90 60 61 1322 
5277 529 556 555 1072 
5278 482 904 919 1322 
5279 940 949 1063 1280 
5280 29 28 574 1137 
5281 279 736 280 1225 
5282 377 293 292 1136 
5283 1018 1049 1236 1300 
5284 936 1258 1087 1279 
5285 964 981 108 920 
5286 579 875 1089 1343 
5287 903 741 912 1323 
5288 1048 1197 1152 1305 
5289 247 219 709 1235 
5290 302 305 406 1259 
5291 629 628 627 1094 
5292 322 415 289 1321 
5293 395 363 365 1303 
5294 801 794 429 1110 
5295 504 864 100 1173 
5296 280 761 291 1225 
5297 612 370 394 1277 
5298 430 431 429 1110 
5299 1125 1311 1078 1332 
5300 1127 1193 1063 1266 
5301 146 149 144 1105 
5302 771 1128 25 1261 
5303 796 1114 795 1331 
5304 887 347 352 1283 
5305 893 379 681 1202 
5306 312 311 310 1255 
5307 560 559 112 1154 
5308 272 273 274 1211 
5309 1110 1240 1009 1332 
5310 506 917 1063 1266 
5311 218 223 657 1197 
5312 493 1136 752 1288 
5313 544 1158 120 1208 
5314 366 902 1172 1303 
5315 1107 1256 1043 1274 
5316 918 508 110 1280 
5317 951 953 939 1289 
5318 1101 1131 1024 1348 
5319 1101 1267 455 1348 
5320 953 1058 951 1193 
5321 511 490 491 1108 
5322 934 867 111 1171 
5323 103 1118 45 1285 
5324 223 1305 1076 1339 
5325 62 604 907 1191 
5326 655 231 272 1238 
5327 465 1200 462 1342 
5328 1056 1003 1209 1316 
5329 1005 1160 1062 1294 
5330 242 199 648 1190 
5331 793 1063 918 1280 
5332 885 1147 725 1285 
5333 167 164 1215 1286 
5334 504 505 1111 1276 
5335 511 1036 125 1289 
5336 266 148 147 1106 
5337 207 1109 652 1346 
5338 182 180 786 1187 
5339 957 914 944 1302 
5340 554 557 555 1228 
5341 592 591 922 1100 
5342 24 551 86 1261 
5343 471 1069 472 1343 
5344 594 595 754 1073 
5345 542 55 119 1133 
5346 1023 1199 1143 1318 
5347 170 169 168 1162 
5348 493 377 752 1136 
5349 596 597 595 1073 
5350 304 790 300 1146 
5351 1068 1179 1256 1274 
5352 924 549 18 1087 
5353 1109 1214 1088 1278 
5354 884 882 727 1263 
5355 282 1175 148 1320 
5356 487 1149 840 1249 
5357 1069 1006 1206 1292 
5358 111 1171 867 1279 
5359 573 26 771 1236 
5360 176 174 750 1080 
5361 759 650 391 1156 
5362 1006 1262 1080 1292 
5363 619 569 777 1234 
5364 767 563 304 1163 
5365 445 444 442 1186 
5366 972 971 973 1171 
5367 150 149 146 1105 
5368 791 1216 672 1331 
5369 868 1198 706 1239 
5370 1078 1240 1110 1332 
5371 187 188 189 1141 
5372 1043 1256 1179 1274 
5373 364 365 363 1303 
5374 277 279 278 1099 
5375 1006 1077 1229 1290 
5376 190 795 227 1114 
5377 408 414 392 1260 
5378 37 707 704 1198 
5379 519 518 84 1254 
5380 181 238 639 1210 
5381 524 521 835 1074 
5382 1048 1272 1028 1306 
5383 1033 1324 1191 1326 
5384 497 438 436 1183 
5385 1114 1331 796 1336 
5386 596 597 1073 1268 
5387 381 830 658 1319 
5388 595 754 1073 1317 
5389 451 450 449 1181 
5390 826 825 225 1221 
5391 528 526 529 1230 
5392 569 568 567 1102 
5393 115 536 530 1260 
5394 711 877 1218 1296 
5395 702 700 698 1134 
5396 594 1073 754 1273 
5397 456 453 1101 1348 
5398 179 177 1222 1347 
5399 795 796 227 1114 
5400 349 347 887 1283 
5401 926 128 872 1224 
5402 989 1191 1107 1274 
5403 758 745 142 1175 
5404 595 1073 597 1317 
5405 463 460 883 1081 
5406 298 296 766 1146 
5407 61 897 62 1107 
5408 406 779 737 1259 
5409 1013 1134 1184 1301 
5410 1167 1180 1003 1209 
5411 616 1196 395 1303 
5412 846 466 847 1210 
5413 190 1114 227 1337 
5414 847 1104 848 1347 
5415 938 1107 503 1288 
5416 435 434 1214 1278 
5417 891 351 1143 1314 
5418 510 509 591 1100 
5419 447 886 449 1181 
5420 322 397 895 1115 
5421 1007 1268 1171 1279 
5422 881 1142 718 1204 
5423 252 152 150 1327 
5424 434 433 432 1240 
5425 416 1111 505 1225 
5426 845 842 461 1242 
5427 227 676 802 1116 
5428 535 517 518 1244 
5429 343 1174 670 1331 
5430 779 1259 1160 1320 
5431 565 790 561 1213 
5432 1073 1268 597 1317 
5433 328 874 330 1218 
5434 902 364 1138 1303 
5435 1130 1283 1143 1314 
5436 275 272 274 1211 
5437 277 1099 1211 1321 
5438 192 227 802 1116 
5439 885 352 884 1189 
5440 847 468 848 1104 
5441 1006 1079 1229 1262 
5442 119 497 541 1183 
5443 944 1058 953 1302 
5444 717 718 102 1204 
5445 535 115 517 1244 
5446 252 150 753 1249 
5447 796 227 1114 1336 
5448 900 695 1138 1297 
5449 628 808 624 1255 
5450 591 592 510 1100 
5451 277 279 1099 1321 
5452 974 975 973 1257 
5453 971 901 863 1171 
5454 964 920 1159 1251 
5455 820 397 396 1115 
5456 552 86 551 1261 
5457 652 209 245 1109 
5458 752 1148 775 1288 
5459 848 1104 237 1347 
5460 903 374 1172 1323 
5461 575 574 522 1137 
5462 431 801 429 1110 
5463 546 59 120 1265 
5464 676 1116 227 1336 
5465 754 1273 1073 1317 
5466 772 914 500 1058 
5467 1007 1258 1093 1268 
5468 205 244 1209 1346 
5469 332 330 333 1083 
5470 763 514 516 1093 
5471 401 343 670 1331 
5472 890 1273 1103 1349 
5473 339 337 340 1084 
5474 1076 1188 1050 1235 
5475 229 1123 781 1281 
5476 663 1262 1155 1334 
5477 624 623 622 1140 
5478 890 1103 106 1349 
5479 779 737 1259 1320 
5480 229 751 781 1123 
5481 562 913 570 1163 
5482 592 922 107 1302 
5483 743 1134 702 1243 
5484 634 59 60 1322 
5485 756 854 857 1097 
5486 544 85 1078 1311 
5487 23 24 91 1237 
5488 819 214 1090 1339 
5489 123 793 954 1266 
5490 586 83 739 1186 
5491 474 475 513 1178 
5492 948 953 1193 1302 
5493 614 392 414 1185 
5494 791 672 671 1331 
5495 1105 1249 1008 1338 
5496 227 1116 192 1337 
5497 382 610 611 1207 
5498 124 1020 913 1251 
5499 434 432 496 1088 
5500 778 776 699 1161 
5501 870 970 126 1087 
5502 551 550 764 1117 
5503 484 909 483 1125 
5504 950 949 948 1193 
5505 1008 1044 1207 1309 
5506 342 344 343 1174 
5507 340 1084 345 1263 
5508 84 517 31 1244 
5509 1107 1274 1191 1326 
5510 785 400 760 1197 
5511 93 573 738 1236 
5512 212 819 214 1090 
5513 965 799 79 979 
5514 636 904 1272 1322 
5515 227 1114 1336 1337 
5516 502 117 537 1264 
5517 111 77 971 985 
5518 89 61 60 1068 
5519 173 1206 637 1229 
5520 342 341 340 1263 
5521 638 175 1222 1275 
5522 505 868 761 1276 
5523 64 114 548 1231 
5524 393 1091 860 1312 
5525 286 600 596 1195 
5526 809 803 393 1091 
5527 788 789 228 1098 
5528 471 478 473 1248 
5529 783 915 490 1289 
5530 452 1131 451 1348 
5531 506 1063 123 1266 
5532 601 263 649 1195 
5533 541 496 542 1088 
5534 314 697 316 1304 
5535 230 172 765 1262 
5536 549 1224 1087 1258 
5537 878 880 335 1299 
5538 227 1336 1116 1337 
5539 869 874 328 1218 
5540 314 316 315 1201 
5541 973 1103 1171 1257 
5542 177 638 175 1222 
5543 228 672 791 1216 
5544 128 570 872 1224 
5545 456 455 453 1348 
5546 781 751 661 1123 
5547 423 498 499 1170 
5548 1011 1060 1263 1298 
5549 403 327 1219 1334 
5550 294 387 417 1192 
5551 890 798 1273 1349 
5552 212 1221 1090 1291 
5553 157 806 268 1226 
5554 920 768 1159 1251 
5555 1091 1301 1016 1312 
5556 400 785 839 1305 
5557 829 242 648 1190 
5558 750 174 230 1262 
5559 1107 1068 1274 1326 
5560 113 571 572 1169 
5561 1076 1235 1050 1306 
5562 834 241 833 1153 
5563 653 654 655 1238 
5564 830 1149 486 1319 
5565 378 697 778 1161 
5566 412 1179 494 1265 
5567 35 533 36 1173 
5568 941 947 107 1302 
5569 1092 1162 1042 1286 
5570 1015 1222 1104 1347 
5571 354 893 356 1144 
5572 630 628 1094 1304 
5573 106 966 792 1349 
5574 1056 1209 1119 1316 
5575 879 876 520 1085 
5576 154 153 152 1327 
5577 739 1129 445 1186 
5578 567 568 317 1102 
5579 92 130 131 1145 
5580 803 860 393 1091 
5581 301 317 568 1102 
5582 694 900 695 1138 
5583 689 162 769 1215 
5584 338 1083 1296 1299 
5585 380 356 893 1247 
5586 656 501 538 1101 
5587 544 543 495 1078 
5588 169 632 166 1162 
5589 388 377 420 1256 
5590 787 677 247 1235 
5591 539 451 454 1131 
5592 1131 1153 1024 1348 
5593 356 357 355 1144 
5594 367 1082 899 1297 
5595 407 688 774 1212 
5596 739 444 445 1129 
5597 653 655 275 1238 
5598 850 851 637 1206 
5599 119 54 540 1183 
5600 383 413 477 1168 
5601 763 1093 780 1282 
5602 571 64 65 1231 
5603 322 396 397 1115 
5604 329 403 327 1219 
5605 874 338 330 1218 
5606 215 217 677 1188 
5607 167 164 689 1215 
5608 98 692 693 1250 
5609 34 858 33 1241 
5610 910 904 1165 1272 
5611 975 988 986 1087 
5612 588 888 1120 1329 
5613 230 765 663 1262 
5614 754 935 890 1273 
5615 1089 1264 1012 1308 
5616 743 832 1134 1243 
5617 176 177 175 1222 
5618 438 440 439 1180 
5619 1068 1322 1165 1326 
5620 237 1222 177 1347 
5621 1024 1267 1101 1348 
5622 484 483 385 1182 
5623 787 247 773 1235 
5624 95 26 27 1236 
5625 1006 1229 1079 1290 
5626 461 464 845 1200 
5627 338 333 1083 1299 
5628 345 340 337 1084 
5629 810 1240 433 1278 
5630 107 947 592 1302 
5631 765 172 170 1229 
5632 350 349 351 1143 
5633 609 610 382 1207 
5634 41 42 102 1126 
5635 775 752 418 1148 
5636 225 1221 825 1277 
5637 472 473 474 1178 
5638 330 338 333 1083 
5639 348 349 350 1143 
5640 674 398 673 1199 
5641 1078 1009 1240 1332 
5642 1084 1263 1060 1298 
5643 476 864 504 1111 
5644 957 889 914 1302 
5645 45 46 724 1285 
5646 34 864 858 1241 
5647 1159 1257 1103 1349 
5648 633 663 1155 1334 
5649 197 1190 242 1340 
5650 465 462 576 1342 
5651 465 502 467 1065 
5652 305 658 406 1319 
5653 666 786 668 1187 
5654 127 1127 65 1231 
5655 662 750 230 1262 
5656 622 1140 621 1233 
5657 470 471 472 1343 
5658 793 506 918 1063 
5659 630 628 629 1094 
5660 264 740 376 1324 
5661 789 666 665 1270 
5662 1007 1171 1103 1257 
5663 78 985 799 965 
5664 891 1143 1283 1314 
5665 775 1148 931 1288 
5666 891 351 349 1143 
5667 138 1176 139 1284 
5668 892 683 1202 1314 
5669 608 315 383 1201 
5670 891 1143 349 1283 
5671 836 1305 223 1339 
5672 938 114 63 1288 
5673 772 109 914 1058 
5674 354 356 355 1144 
5675 395 616 617 1196 
5676 360 896 1082 1271 
5677 763 516 780 1093 
5678 433 810 431 1240 
5679 840 487 830 1149 
5680 687 1189 885 1285 
5681 979 799 79 126 
5682 236 849 1206 1275 
5683 579 1194 471 1343 
5684 913 564 784 1251 
5685 729 687 724 1285 
5686 224 1164 248 1345 
5687 876 518 520 1085 
5688 638 177 237 1222 
5689 807 1199 673 1330 
5690 581 883 87 1253 
5691 849 850 236 1206 
5692 812 409 645 1220 
5693 793 123 506 1063 
5694 671 796 795 1331 
5695 964 920 108 1159 
5696 547 1179 412 1256 
5697 902 366 364 1303 
5698 1007 1073 1268 1325 
5699 234 255 421 1124 
5700 786 788 182 1187 
5701 368 366 1172 1303 
5702 902 1138 694 1250 
5703 791 671 795 1331 
5704 1055 1184 1091 1301 
5705 978 1103 1257 1349 
5706 489 321 1108 1310 
5707 680 892 683 1202 
5708 453 452 451 1348 
5709 1019 1078 1269 1311 
5710 847 848 237 1347 
5711 304 300 298 1146 
5712 156 154 251 1157 
5713 793 123 1063 1266 
5714 495 430 428 1158 
5715 1071 1015 1187 1281 
5716 662 1262 663 1334 
5717 453 451 1131 1348 
5718 869 715 714 1239 
5719 981 969 964 1159 
5720 371 385 373 1182 
5721 220 233 222 1345 
5722 86 771 25 1261 
5723 779 1160 770 1320 
5724 1082 1271 1047 1313 
5725 39 710 101 1135 
5726 714 711 877 1218 
5727 117 42 1126 1342 
5728 416 505 736 1225 
5729 649 598 596 1268 
5730 988 970 986 1087 
5731 133 1223 131 1282 
5732 804 803 809 1252 
5733 978 1257 1159 1349 
5734 830 487 486 1149 
5735 285 806 159 1226 
5736 99 743 702 1243 
5737 1103 1171 1007 1317 
5738 496 432 543 1240 
5739 1007 1268 1093 1325 
5740 502 576 117 1342 
5741 275 274 277 1211 
5742 838 455 1267 1348 
5743 179 237 177 1347 
5744 367 896 899 1082 
5745 85 1269 1078 1311 
5746 721 718 881 1142 
5747 380 1247 734 1271 
5748 640 845 238 1122 
5749 674 807 805 1199 
5750 724 103 45 1285 
5751 134 132 133 1223 
5752 813 223 216 1339 
5753 528 529 782 1230 
5754 884 342 882 1263 
5755 372 605 394 1150 
5756 897 1068 89 1256 
5757 377 292 752 1136 
5758 409 1220 675 1330 
5759 815 1160 406 1319 
5760 678 679 121 1132 
5761 654 735 655 1238 
5762 480 482 919 1326 
5763 279 289 736 1321 
5764 477 859 857 1168 
5765 544 57 85 1311 
5766 932 125 512 1036 
5767 181 639 179 1347 
5768 806 524 268 1226 
5769 649 780 598 1268 
5770 677 217 247 1235 
5771 543 1078 85 1269 
5772 811 675 1220 1330 
5773 806 157 159 1226 
5774 606 394 605 1150 
5775 127 925 1127 1266 
5776 976 1251 1159 1257 
5777 332 660 329 1219 
5778 33 858 99 1241 
5779 886 447 739 1129 
5780 153 1112 862 1327 
5781 302 301 303 1259 
5782 1009 1088 1240 1278 
5783 732 899 734 1227 
5784 1021 1246 1108 1310 
5785 898 99 1241 1243 
5786 834 646 241 1153 
5787 640 1122 183 1344 
5788 127 66 65 1127 
5789 771 26 25 1128 
5790 831 242 829 1190 
5791 164 163 1215 1286 
5792 877 338 1218 1296 
5793 41 117 1126 1264 
5794 205 207 244 1346 
5795 705 1198 868 1276 
5796 445 1186 442 1329 
5797 490 489 321 1108 
5798 779 770 282 1320 
5799 1073 1007 1268 1317 
5800 936 1087 126 1279 
5801 785 1197 223 1305 
5802 528 862 527 1230 
5803 609 854 610 1207 
5804 666 788 786 1187 
5805 692 741 903 1250 
5806 381 307 309 1217 
5807 409 811 675 1220 
5808 416 504 505 1111 
5809 161 285 1121 1328 
5810 807 673 675 1330 
5811 935 106 890 1103 
5812 127 871 925 1266 
5813 209 208 210 1307 
5814 940 954 15 793 
5815 96 1125 905 1311 
5816 934 597 1268 1317 
5817 905 1125 484 1323 
5818 723 719 717 1204 
5819 890 106 792 1349 
5820 187 189 644 1141 
5821 903 374 902 1172 
5822 786 668 1187 1281 
5823 512 125 511 1036 
5824 832 828 701 1184 
5825 942 66 1 958 
5826 985 111 78 799 
5827 168 169 166 1162 
5828 538 45 87 1118 
5829 1061 1258 1093 1325 
5830 1007 1093 1258 1325 
5831 120 1158 545 1265 
5832 945 925 871 1266 
5833 1007 1258 1061 1325 
5834 343 346 670 1174 
5835 260 843 866 1152 
5836 32 517 115 1244 
5837 278 280 290 1203 
5838 300 317 301 1213 
5839 161 285 159 1121 
5840 615 213 246 1291 
5841 862 1112 1230 1327 
5842 684 1130 685 1283 
5843 815 779 406 1160 
5844 1033 1191 1274 1326 
5845 1171 1268 1007 1317 
5846 26 625 25 1128 
5847 86 553 771 1261 
5848 582 454 583 1245 
5849 793 110 960 1280 
5850 579 875 82 1089 
5851 813 836 223 1339 
5852 897 61 89 1068 
5853 221 1166 220 1345 
5854 934 598 867 1268 
5855 1017 1286 1092 1295 
5856 816 410 822 1151 
5857 768 108 920 1159 
5858 575 29 574 1137 
5859 405 653 290 1203 
5860 868 706 715 1239 
5861 966 1103 978 1349 
5862 705 704 1198 1276 
5863 883 458 656 1096 
5864 540 94 888 1183 
5865 633 663 405 1155 
5866 687 885 725 1285 
5867 506 123 917 1266 
5868 171 173 637 1229 
5869 96 635 909 1208 
5870 853 527 862 1112 
5871 759 532 650 1156 
5872 403 1219 661 1334 
5873 912 741 905 1323 
5874 579 469 875 1343 
5875 261 256 259 1139 
5876 415 898 476 1241 
5877 435 817 814 1214 
5878 610 854 800 1207 
5879 1075 1284 1062 1294 
5880 24 86 25 1261 
5881 618 625 620 1233 
5882 733 734 894 1247 
5883 685 1130 683 1314 
5884 131 133 132 1223 
5885 260 400 843 1152 
5886 856 1178 473 1248 
5887 733 894 679 1247 
5888 230 174 172 1262 
5889 647 197 242 1340 
5890 508 510 110 1280 
5891 639 846 847 1210 
5892 103 44 45 1118 
5893 489 915 772 1246 
5894 132 550 92 1223 
5895 375 488 1095 1324 
5896 853 862 153 1112 
5897 367 360 896 1082 
5898 639 1210 847 1347 
5899 41 117 42 1126 
5900 905 96 909 1125 
5901 409 675 355 1330 
5902 224 222 643 1345 
5903 841 644 838 1267 
5904 471 579 478 1194 
5905 582 539 454 1245 
5906 156 155 154 1157 
5907 1031 1227 1082 1297 
5908 863 111 971 1171 
5909 27 1236 93 1300 
5910 700 743 832 1134 
5911 262 248 258 1164 
5912 161 159 160 1121 
5913 672 401 671 1331 
5914 178 177 176 1222 
5915 480 384 376 1324 
5916 1011 1263 1084 1298 
5917 261 265 320 1310 
5918 295 1205 479 1273 
5919 378 701 828 1184 
5920 544 120 58 1208 
5921 640 238 183 1122 
5922 195 1177 196 1340 
5923 490 321 491 1108 
5924 456 457 455 1267 
5925 285 879 806 1226 
5926 613 161 163 1328 
5927 426 412 494 1265 
5928 194 196 195 1177 
5929 705 100 704 1276 
5930 402 668 659 1281 
5931 511 125 921 1289 
5932 21 130 92 1145 
5933 768 855 108 1159 
5934 299 301 302 1259 
5935 494 412 547 1179 
5936 823 1196 617 1307 
5937 838 837 455 1348 
5938 928 867 598 1268 
5939 544 85 543 1078 
5940 194 805 196 1177 
5941 435 433 434 1278 
5942 444 447 446 1129 
5943 685 1283 1130 1314 
5944 1033 1274 1068 1326 
5945 23 603 22 1237 
5946 531 530 536 1260 
5947 643 234 421 1124 
5948 223 785 657 1197 
5949 221 224 248 1345 
5950 632 165 166 1286 
5951 203 204 205 1209 
5952 307 306 308 1217 
5953 261 259 264 1139 
5954 186 228 791 1216 
5955 560 561 559 1154 
5956 678 121 50 1132 
5957 131 132 92 1223 
5958 127 548 930 1231 
5959 819 813 214 1339 
5960 100 35 36 1173 
5961 55 98 54 1133 
5962 793 918 110 1280 
5963 482 481 852 1165 
5964 109 915 783 1289 
5965 938 503 929 1288 
5966 452 837 834 1348 
5967 1090 1221 1009 1291 
5968 934 1171 863 1317 
5969 725 885 727 1147 
5970 523 526 527 1232 
5971 478 1194 578 1248 
5972 867 928 865 1279 
5973 324 828 820 1184 
5974 897 420 1107 1256 
5975 94 52 587 1120 
5976 366 369 368 1172 
5977 435 1214 814 1278 
5978 184 228 186 1344 
5979 277 274 703 1211 
5980 807 675 811 1330 
5981 1023 1086 1199 1318 
5982 1023 1199 1086 1330 
5983 622 318 621 1140 
5984 379 892 1202 1314 
5985 869 714 874 1218 
5986 960 923 946 1280 
5987 588 888 94 1120 
5988 546 494 89 1265 
5989 727 882 728 1263 
5990 673 353 675 1330 
5991 835 523 527 1232 
5992 985 974 971 1171 
5993 905 909 484 1125 
5994 759 534 532 1156 
5995 633 405 325 1155 
5996 523 525 526 1232 
5997 819 606 813 1339 
5998 282 758 148 1175 
5999 59 635 58 1208 
6000 978 1103 973 1257 
6001 324 378 828 1184 
6002 101 710 711 1135 
6003 120 59 58 1208 
6004 55 542 56 1269 
6005 871 127 917 1266 
6006 124 980 968 1251 
6007 906 512 572 1169 
6008 855 916 108 1159 
6009 488 744 375 1095 
6010 375 384 488 1324 
6011 651 205 244 1209 
6012 861 755 859 1312 
6013 307 308 309 1217 
6014 219 220 221 1166 
6015 140 138 139 1284 
6016 338 1296 722 1299 
6017 638 848 849 1275 
6018 434 436 435 1214 
6019 897 420 503 1107 
6020 164 165 163 1286 
6021 211 1221 212 1291 
6022 1159 1251 1020 1257 
6023 684 104 683 1130 
6024 314 312 319 1304 
6025 705 706 868 1198 
6026 1087 1258 1007 1279 
6027 688 769 774 1212 
6028 966 973 978 1103 
6029 721 881 880 1142 
6030 365 616 395 1303 
6031 298 766 304 1146 
6032 931 930 548 1231 
6033 894 681 679 1247 
6034 416 476 504 1111 
6035 826 1221 210 1307 
6036 859 1168 413 1312 
6037 144 143 140 1284 
6038 217 219 247 1235 
6039 943 955 5 125 
6040 278 290 653 1203 
6041 368 616 365 1303 
6042 684 683 685 1130 
6043 18 2 983 967 
6044 95 27 631 1300 
6045 910 1165 852 1272 
6046 487 840 800 1249 
6047 695 899 696 1297 
6048 662 230 663 1262 
6049 248 224 258 1164 
6050 27 573 93 1236 
6051 1092 1286 1042 1295 
6052 799 111 867 1279 
6053 369 1172 374 1323 
6054 856 577 116 1248 
6055 655 735 231 1238 
6056 422 585 424 1246 
6057 786 229 668 1281 
6058 885 884 727 1147 
6059 453 451 539 1131 
6060 201 202 203 1167 
6061 671 670 796 1331 
6062 61 907 90 1326 
6063 343 344 346 1174 
6064 636 634 904 1322 
6065 313 314 315 1201 
6066 598 780 928 1268 
6067 874 877 338 1218 
6068 413 859 477 1168 
6069 697 630 1161 1304 
6070 737 299 302 1259 
6071 700 702 743 1134 
6072 645 359 410 1313 
6073 579 82 578 1194 
6074 1119 1209 1056 1346 
6075 734 380 894 1247 
6076 941 10 957 1302 
6077 821 244 817 1346 
6078 747 631 28 1300 
6079 500 914 889 1302 
6080 541 434 496 1088 
6081 432 430 543 1240 
6082 563 767 564 1163 
6083 437 817 435 1214 
6084 1012 1296 1083 1299 
6085 921 5 955 125 
6086 608 313 315 1201 
6087 100 864 35 1173 
6088 728 882 345 1263 
6089 445 587 1186 1329 
6090 1028 1272 1165 1322 
6091 318 623 308 1140 
6092 582 118 539 1245 
6093 456 453 501 1101 
6094 633 662 663 1334 
6095 552 553 86 1261 
6096 816 822 748 1151 
6097 287 479 295 1205 
6098 191 192 193 1337 
6099 196 198 197 1340 
6100 784 124 913 1251 
6101 269 528 782 1230 
6102 14 940 793 960 
6103 387 509 508 1192 
6104 544 495 120 1158 
6105 656 456 501 1101 
6106 842 841 459 1242 
6107 908 572 512 1169 
6108 669 398 676 1336 
6109 211 210 212 1221 
6110 128 558 570 1224 
6111 475 473 856 1178 
6112 114 775 931 1288 
6113 769 232 774 1212 
6114 815 770 779 1160 
6115 138 137 139 1176 
6116 933 890 798 1273 
6117 679 681 680 1202 
6118 970 870 924 1087 
6119 476 858 864 1241 
6120 58 635 96 1208 
6121 567 317 565 1213 
6122 214 813 216 1339 
6123 940 963 954 1266 
6124 562 564 913 1163 
6125 522 525 523 1232 
6126 794 246 677 1188 
6127 339 665 336 1270 
6128 1010 1211 1099 1321 
6129 451 449 454 1181 
6130 621 619 1233 1234 
6131 48 582 583 1245 
6132 903 902 694 1250 
6133 902 900 694 1138 
6134 516 515 936 1258 
6135 288 295 296 1205 
6136 386 1182 483 1272 
6137 186 791 188 1216 
6138 560 565 561 1154 
6139 105 731 732 1227 
6140 588 1120 587 1329 
6141 9 944 957 914 
6142 516 514 515 1258 
6143 360 358 896 1271 
6144 461 462 464 1200 
6145 601 649 600 1195 
6146 87 1118 44 1253 
6147 189 190 191 1337 
6148 957 889 9 914 
6149 1068 1256 1107 1274 
6150 185 640 183 1344 
6151 1008 1230 1112 1327 
6152 903 912 374 1323 
6153 600 649 596 1195 
6154 410 361 641 1313 
6155 590 593 499 1170 
6156 954 123 15 793 
6157 938 929 114 1288 
6158 577 478 578 1248 
6159 814 245 810 1278 
6160 724 725 103 1285 
6161 245 211 615 1291 
6162 117 580 42 1342 
6163 454 886 583 1181 
6164 742 557 143 1228 
6165 978 976 1159 1257 
6166 785 760 657 1197 
6167 796 670 669 1336 
6168 910 904 482 1165 
6169 617 823 642 1196 
6170 403 661 662 1334 
6171 238 846 639 1210 
6172 90 919 1322 1326 
6173 263 763 780 1282 
6174 374 366 902 1172 
6175 586 587 51 1186 
6176 950 951 952 1193 
6177 210 826 225 1221 
6178 110 923 960 1280 
6179 593 423 499 1170 
6180 1116 1336 1114 1337 
6181 440 441 1180 1329 
6182 706 704 707 1198 
6183 128 19 558 1224 
6184 681 379 892 1202 
6185 135 133 263 1282 
6186 368 365 366 1303 
6187 356 380 358 1271 
6188 703 276 804 1252 
6189 16 954 945 1266 
6190 201 203 243 1167 
6191 1026 1086 1318 1340 
6192 436 437 435 1214 
6193 910 636 904 1272 
6194 898 99 858 1241 
6195 18 549 19 1224 
6196 94 587 588 1120 
6197 894 893 681 1247 
6198 402 665 666 1270 
6199 517 32 31 1244 
6200 693 692 694 1250 
6201 167 166 164 1286 
6202 630 778 697 1161 
6203 945 963 961 1266 
6204 709 219 221 1166 
6205 964 1159 976 1251 
6206 946 960 13 923 
6207 784 564 768 1251 
6208 582 47 118 1245 
6209 236 637 173 1206 
6210 1026 1318 1177 1340 
6211 618 620 619 1233 
6212 127 65 548 1231 
6213 588 440 888 1329 
6214 878 722 721 1299 
6215 826 823 617 1307 
6216 490 511 783 1289 
6217 413 393 860 1312 
6218 782 555 557 1228 
6219 684 685 686 1283 
6220 365 364 366 1303 
6221 522 519 575 1254 
6222 830 486 815 1319 
6223 444 739 447 1129 
6224 267 762 282 1320 
6225 758 142 148 1175 
6226 775 418 507 1148 
6227 920 980 784 1251 
6228 813 606 836 1339 
6229 674 673 807 1199 
6230 876 614 414 1185 
6231 806 879 524 1226 
6232 955 943 962 1289 
6233 895 898 415 1243 
6234 276 407 803 1252 
6235 464 462 465 1200 
6236 30 575 84 1254 
6237 406 737 302 1259 
6238 124 784 980 1251 
6239 975 977 976 1257 
6240 483 386 385 1182 
6241 696 732 731 1227 
6242 891 349 887 1283 
6243 1177 1199 1086 1318 
6244 503 493 929 1288 
6245 800 252 753 1249 
6246 978 964 969 1159 
6247 912 905 484 1323 
6248 504 100 705 1276 
6249 127 925 66 1127 
6250 1177 1318 1086 1340 
6251 460 461 459 1242 
6252 55 54 119 1133 
6253 921 955 6 1289 
6254 696 899 732 1227 
6255 902 364 900 1138 
6256 295 479 933 1273 
6257 839 836 605 1305 
6258 888 438 497 1183 
6259 479 594 754 1273 
6260 612 394 607 1277 
6261 408 531 536 1260 
6262 221 220 222 1345 
6263 172 171 170 1229 
6264 90 919 904 1322 
6265 561 563 562 1163 
6266 719 881 718 1204 
6267 143 757 138 1284 
6268 927 66 1 942 
6269 969 978 1159 1349 
6270 973 971 974 1171 
6271 793 110 14 960 
6272 907 1191 492 1326 
6273 44 87 45 1118 
6274 675 353 355 1330 
6275 64 548 65 1231 
6276 876 414 535 1185 
6277 492 907 604 1191 
6278 746 369 374 1323 
6279 138 136 137 1176 
6280 936 870 126 1087 
6281 333 878 335 1299 
6282 547 412 388 1256 
6283 705 704 706 1198 
6284 960 110 13 923 
6285 572 571 906 1169 
6286 18 128 926 1224 
6287 889 957 10 1302 
6288 322 289 281 1321 
6289 41 716 40 1264 
6290 483 909 636 1272 
6291 775 507 931 1148 
6292 26 573 27 1236 
6293 495 545 120 1158 
6294 119 540 497 1183 
6295 386 373 385 1182 
6296 955 939 6 1289 
6297 882 340 345 1263 
6298 336 665 402 1270 
6299 586 739 445 1186 
6300 125 4 943 959 
6301 468 469 470 1343 
6302 568 569 818 1234 
6303 318 622 623 1140 
6304 441 824 439 1180 
6305 408 536 414 1260 
6306 225 825 607 1277 
6307 164 163 162 1215 
6308 111 77 863 971 
6309 417 508 918 1192 
6310 897 938 62 1107 
6311 56 1269 85 1311 
6312 660 661 403 1219 
6313 659 668 781 1281 
6314 897 503 938 1107 
6315 495 428 545 1158 
6316 910 852 386 1272 
6317 891 1283 685 1314 
6318 203 205 651 1209 
6319 956 944 8 914 
6320 964 978 976 1159 
6321 463 576 462 1342 
6322 500 889 498 1302 
6323 934 863 597 1317 
6324 620 622 621 1233 
6325 246 215 677 1188 
6326 424 772 500 1246 
6327 122 515 514 1258 
6328 43 580 581 1253 
6329 76 972 901 971 
6330 161 613 285 1328 
6331 776 778 630 1161 
6332 623 624 808 1255 
6333 617 642 395 1196 
6334 934 597 598 1268 
6335 614 613 392 1328 
6336 171 172 173 1229 
6337 96 905 690 1311 
6338 379 351 891 1314 
6339 852 910 482 1165 
6340 818 621 318 1234 
6341 493 752 775 1288 
6342 668 229 781 1281 
6343 152 151 150 1327 
6344 496 543 85 1269 
6345 331 869 326 1239 
6346 56 85 57 1311 
6347 742 782 557 1228 
6348 487 800 753 1249 
6349 48 47 582 1245 
6350 948 951 950 1193 
6351 342 340 882 1263 
6352 435 814 433 1278 
6353 868 715 331 1239 
6354 489 320 321 1310 
6355 338 722 878 1299 
6356 964 976 987 1251 
6357 72 108 797 981 
6358 505 705 868 1276 
6359 686 885 687 1189 
6360 478 856 473 1248 
6361 982 969 73 1349 
6362 504 705 505 1276 
6363 982 73 792 1349 
6364 658 815 406 1319 
6365 133 131 763 1282 
6366 671 401 670 1331 
6367 714 877 874 1218 
6368 312 310 808 1255 
6369 981 797 72 969 
6370 123 954 16 1266 
6371 236 175 638 1275 
6372 579 578 478 1194 
6373 620 621 619 1233 
6374 749 811 812 1220 
6375 948 953 951 1193 
6376 599 597 863 1317 
6377 277 281 279 1321 
6378 945 17 925 958 
6379 687 725 724 1285 
6380 964 980 920 1251 
6381 785 223 836 1305 
6382 877 711 712 1296 
6383 433 431 432 1240 
6384 841 838 457 1267 
6385 380 893 894 1247 
6386 4 125 873 959 
6387 603 91 777 1237 
6388 475 474 473 1178 
6389 863 76 901 971 
6390 492 604 911 1191 
6391 832 743 895 1243 
6392 982 966 978 1349 
6393 366 374 369 1172 
6394 492 911 384 1191 
6395 457 838 455 1267 
6396 41 537 117 1264 
6397 968 980 987 1251 
6398 923 110 510 1280 
6399 236 850 637 1206 
6400 211 212 213 1291 
6401 784 920 70 980 
6402 717 719 718 1204 
6403 432 431 430 1240 
6404 19 128 18 1224 
6405 18 2 967 926 
6406 43 44 723 1253 
6407 870 549 924 1087 
6408 210 225 212 1221 
6409 338 878 333 1299 
6410 981 71 108 920 
6411 779 762 737 1320 
6412 197 647 195 1340 
6413 288 287 295 1205 
6414 896 380 734 1271 
6415 441 439 440 1180 
6416 871 16 945 1266 
6417 563 564 562 1163 
6418 862 528 269 1230 
6419 96 690 57 1311 
6420 790 317 300 1213 
6421 861 859 413 1312 
6422 164 162 689 1215 
6423 686 352 885 1189 
6424 208 826 210 1307 
6425 153 862 151 1327 
6426 916 798 797 1349 
6427 877 722 338 1296 
6428 613 614 285 1328 
6429 387 508 417 1192 
6430 111 863 934 1171 
6431 783 6 939 1289 
6432 940 960 949 1280 
6433 761 280 736 1225 
6434 630 319 628 1304 
6435 445 588 587 1329 
6436 361 359 360 1313 
6437 12 946 923 947 
6438 790 565 317 1213 
6439 621 569 619 1234 
6440 814 810 433 1278 
6441 935 754 599 1317 
6442 941 107 10 1302 
6443 479 754 890 1273 
6444 197 195 196 1340 
6445 660 403 329 1219 
6446 903 694 692 1250 
6447 93 28 27 1300 
6448 968 124 69 980 
6449 951 939 962 1289 
6450 796 676 227 1336 
6451 480 919 492 1326 
6452 190 227 192 1337 
6453 957 944 953 1302 
6454 221 222 224 1345 
6455 603 23 91 1237 
6456 184 186 185 1344 
6457 73 969 797 1349 
6458 244 207 652 1346 
6459 772 585 489 1246 
6460 797 792 73 1349 
6461 461 842 459 1242 
6462 519 84 575 1254 
6463 892 685 683 1314 
6464 498 107 922 1302 
6465 403 633 327 1334 
6466 898 858 476 1241 
6467 970 81 983 924 
6468 321 265 744 1310 
6469 946 948 949 1280 
6470 695 367 899 1297 
6471 811 409 812 1220 
6472 56 57 690 1311 
6473 976 973 975 1257 
6474 276 803 804 1252 
6475 166 165 164 1286 
6476 865 126 799 1279 
6477 623 808 310 1255 
6478 236 638 849 1275 
6479 122 549 515 1258 
6480 784 69 124 980 
6481 925 1 66 958 
6482 897 89 547 1256 
6483 825 612 607 1277 
6484 41 40 537 1264 
6485 440 442 441 1329 
6486 375 264 376 1324 
6487 798 890 792 1349 
6488 956 8 109 914 
6489 867 865 799 1279 
6490 592 12 923 947 
6491 586 445 587 1186 
6492 208 823 826 1307 
6493 581 87 44 1253 
6494 185 183 184 1344 
6495 546 120 545 1265 
6496 71 981 964 920 
6497 463 580 576 1342 
6498 244 652 817 1346 
6499 658 830 815 1319 
6500 454 449 886 1181 
6501 140 143 138 1284 
6502 941 953 948 1302 
6503 900 362 367 1297 
6504 877 712 722 1296 
6505 90 634 60 1322 
6506 945 925 17 871 
6507 680 681 892 1202 
6508 799 79 78 965 
6509 761 736 505 1225 
6510 123 16 871 1266 
6511 891 887 685 1283 
6512 898 743 99 1243 
6513 11 107 941 947 
6514 865 936 126 1279 
6515 386 483 910 1272 
6516 746 912 484 1323 
6517 375 376 384 1324 
6518 413 860 861 1312 
6519 545 426 494 1265 
6520 897 547 420 1256 
6521 596 598 597 1268 
6522 263 133 763 1282 
6523 498 889 107 1302 
6524 90 907 919 1326 
6525 152 153 151 1327 
6526 921 6 783 1289 
6527 5 4 943 125 
6528 621 818 569 1234 
6529 211 213 615 1291 
6530 889 10 107 1302 
6531 785 836 839 1305 
6532 478 577 856 1248 
6533 281 289 279 1321 
6534 2 18 983 924 
6535 469 579 471 1343 
6536 639 847 237 1347 
6537 978 973 976 1257 
6538 483 636 910 1272 
6539 321 320 265 1310 
6540 779 282 762 1320 
6541 6 7 783 939 
6542 595 599 754 1317 
6543 639 237 179 1347 
6544 28 631 27 1300 
6545 331 715 869 1239 
6546 775 114 929 1288 
6547 959 927 3 942 
6548 43 581 44 1253 
6549 85 542 496 1269 
6550 920 964 70 980 
6551 453 455 452 1348 
6552 107 11 592 947 
6553 361 410 359 1313 
6554 772 424 585 1246 
6555 190 192 191 1337 
6556 479 890 933 1273 
6557 796 669 676 1336 
6558 892 891 685 1314 
6559 455 837 452 1348 
6560 1 3 927 942 
6561 403 662 633 1334 
6562 920 784 768 1251 
6563 540 888 497 1183 
6564 697 319 630 1304 
6565 898 895 743 1243 
6566 697 314 319 1304 
6567 863 77 76 971 
6568 941 957 953 1302 
6569 929 493 775 1288 
6570 784 70 69 980 
6571 982 73 74 792 
6572 576 580 117 1342 
6573 74 106 75 966 
6574 900 367 695 1297 
6575 904 634 90 1322 
6576 979 79 80 126 
6577 379 891 892 1314 
6578 896 358 380 1271 
6579 984 967 67 926 
6580 108 72 71 981 
6581 9 8 944 914 
6582 870 81 970 924 
6583 921 783 511 1289 
6584 595 597 599 1317 
6585 889 9 10 957 
6586 445 442 588 1329 
6587 945 954 963 1266 
6588 85 56 542 1269 
6589 110 13 14 960 
6590 912 746 374 1323 
6591 919 907 492 1326 
6592 685 887 686 1283 
6593 123 15 16 954 
6594 545 494 546 1265 
6595 940 15 14 793 
6596 547 388 420 1256 
6597 967 2 67 926 
6598 960 946 949 1280 
6599 470 469 471 1343 
6600 870 81 80 970 
6601 946 13 12 923 
6602 945 17 16 871 
6603 123 871 917 1266 
6604 980 964 987 1251 
6605 73 72 797 969 
6606 77 111 78 985 
6607 10 11 107 941 
6608 962 939 955 1289 
6609 67 68 984 872 
6610 17 1 925 958 
6611 926 67 984 872 
6612 440 588 442 1329 
6613 3 873 927 959 
6614 797 798 792 1349 
6615 969 982 978 1349 
6616 964 70 71 920 
6617 69 68 124 968 
6618 592 11 12 947 
6619 983 81 2 924 
6620 7 8 109 956 
6621 6 5 955 921 
6622 873 3 4 959 
6623 75 76 972 901 
6624 1207 1201 382 609 
6625 1207 382 1201 1044 
6626 1224 977 984 967 
6627 1224 984 977 1020 
6628 1281 178 180 229 
6629 1281 180 178 1015 
6630 255 1139 254 256 
6631 254 1139 255 1124 
6632 1157 158 755 156 
6633 1157 755 158 1016 
6634 1273 1159 916 1038 
6635 1124 584 422 1021 
6636 1124 422 584 255 
6637 1246 1100 1002 1058 
6638 1246 1002 1100 1170 
6639 1241 530 1064 33 
6640 1241 1064 530 1046 
6641 1224 18 983 967 
6642 983 18 1224 1087 
6643 983 986 1224 967 
6644 1224 986 983 1087 
6645 1349 916 1273 1159 
6646 1349 1273 916 798 
6647 1248 1006 1039 1178 
6648 1248 1039 1006 1025 
6649 1139 254 257 1057 
6650 1139 257 254 256 
6651 1204 345 1142 1084 
6652 1204 1142 345 881 
6653 299 1146 297 298 
6654 297 1146 299 1040 
6655 1162 708 235 632 
6656 1162 235 708 1077 
6657 1257 974 1279 1171 
6658 1257 1279 974 975 
6659 1253 1011 726 723 
6660 726 1011 1253 1118 
6661 726 103 1253 723 
6662 1253 103 726 1118 
6663 1256 1265 1068 89 
6664 1068 1265 1256 1179 
6665 1165 844 1272 1048 
6666 1165 1272 844 852 
6667 1183 440 1329 888 
6668 1183 1329 440 1180 
6669 1261 554 1228 1075 
6670 1261 1228 554 553 
6671 1138 1333 1303 999 
6672 1303 1333 1138 1172 
6673 1327 269 862 151 
6674 1327 862 269 1230 
6675 1244 702 1243 32 
6676 1244 1243 702 1134 
6677 1168 609 857 477 
6678 1168 857 609 1097 
6679 1213 299 1146 1040 
6680 1213 1146 299 300 
6681 1243 1244 996 1134 
6682 996 1244 1243 1064 
6683 1286 168 1042 167 
6684 1286 1042 168 1162 
6685 1279 516 936 1258 
6686 1279 936 516 865 
6687 1280 1302 1193 1100 
6688 1193 1302 1280 948 
6689 1199 802 805 674 
6690 1199 805 802 1177 
6691 1284 1005 1175 1062 
6692 1284 1175 1005 1176 
6693 629 1161 747 776 
6694 747 1161 629 1094 
6695 1301 1055 992 1016 
6696 992 1055 1301 1013 
6697 992 1074 1301 1016 
6698 1301 1074 992 1013 
6699 1347 180 178 179 
6700 1347 178 180 1015 
6701 1248 1292 1194 1025 
6702 1194 1292 1248 1069 
6703 1323 385 371 1182 
6704 1323 371 385 746 
6705 1339 1305 1048 1150 
6706 1048 1305 1339 1076 
6707 1048 1306 1339 1150 
6708 1339 1306 1048 1076 
6709 1201 323 316 315 
6710 1201 316 323 1055 
6711 1227 730 53 731 
6712 1227 53 730 1031 
6713 1222 751 1080 176 
6714 1222 1080 751 1123 
6715 1322 546 59 60 
6716 1322 59 546 1028 
6717 1268 516 780 928 
6718 1268 780 516 1093 
6719 678 1247 1032 733 
6720 1032 1247 678 1132 
6721 1273 1325 1205 1073 
6722 1205 1325 1273 1038 
6723 1214 541 434 436 
6724 1214 434 541 1088 
6725 1322 546 1068 1265 
6726 1322 1068 546 60 
6727 1180 243 1209 1167 
6728 1180 1209 243 824 
6729 1089 502 467 875 
6730 1089 467 502 1065 
6731 1176 1294 1117 1005 
6732 1117 1294 1176 1075 
6733 1295 1215 1286 1042 
6734 1295 1286 1215 1017 
6735 1282 514 1145 131 
6736 1282 1145 514 1093 
6737 1343 467 468 469 
6738 1343 468 467 1104 
6739 1292 1135 1194 1025 
6740 1292 1194 1135 1000 
6741 541 1133 542 119 
6742 542 1133 541 1088 
6743 1277 616 368 1070 
6744 1277 368 616 612 
6745 1275 472 470 849 
6746 1275 470 472 1069 
6747 1074 1232 268 1112 
6748 1074 268 1232 835 
6749 853 268 1232 1112 
6750 853 1232 268 835 
6751 173 1262 172 174 
6752 172 1262 173 1229 
6753 1251 977 1257 987 
6754 1251 1257 977 1020 
6755 1189 344 347 352 
6756 1189 347 344 1174 
6757 1333 1133 1250 1019 
6758 1333 1250 1133 999 
6759 1203 325 405 1155 
6760 1203 405 325 290 
6761 1236 1338 1128 1072 
6762 1128 1338 1236 1018 
6763 1320 297 288 762 
6764 1320 288 297 1040 
6765 688 1215 271 689 
6766 271 1215 688 1066 
6767 922 1170 591 499 
6768 591 1170 922 1100 
6769 1131 501 118 539 
6770 1131 118 501 1101 
6771 758 1160 1320 770 
6772 1320 1160 758 1175 
6773 1320 282 758 770 
6774 758 282 1320 1175 
6775 1315 1132 1247 1032 
6776 1315 1247 1132 997 
6777 1231 507 931 930 
6778 1231 931 507 1148 
6779 1330 997 1220 1086 
6780 1330 1220 997 1144 
6781 1265 428 1050 1158 
6782 1265 1050 428 426 
6783 427 428 1050 426 
6784 1205 266 267 287 
6785 1205 267 266 1106 
6786 25 1233 625 618 
6787 625 1233 25 1128 
6788 1303 1045 999 1196 
6789 1303 999 1045 1138 
6790 901 966 75 106 
6791 901 75 966 972 
6792 1285 1335 1101 1029 
6793 1101 1335 1285 995 
6794 1252 273 1211 276 
6795 1252 1211 273 1066 
6796 1307 825 1221 1070 
6797 1307 1221 825 826 
6798 1186 50 83 1132 
6799 1186 83 50 586 
6800 1193 961 1266 1127 
6801 1193 1266 961 950 
6802 1310 585 489 320 
6803 1310 489 585 1246 
6804 1264 875 82 537 
6805 1264 82 875 1089 
6806 1295 1241 1111 1046 
6807 1295 1111 1241 1010 
6808 1319 307 381 1217 
6809 1319 381 307 658 
6810 1252 396 820 804 
6811 1252 820 396 1115 
6812 1253 463 883 1081 
6813 1253 883 463 581 
6814 1206 474 472 850 
6815 1206 472 474 1178 
6816 1207 1338 1249 1067 
6817 1249 1338 1207 1008 
6818 1209 243 203 1167 
6819 1209 203 243 651 
6820 1300 629 627 1094 
6821 1300 627 629 631 
6822 1223 764 550 1117 
6823 1223 550 764 132 
6824 1321 703 277 281 
6825 1321 277 703 1211 
6826 1343 875 467 469 
6827 1343 467 875 1089 
6828 1343 848 468 1104 
6829 1343 468 848 470 
6830 1191 488 937 911 
6831 1191 937 488 1095 
6832 1260 1341 1185 1017 
6833 1185 1341 1260 1064 
6834 1271 1315 1082 1047 
6835 1082 1315 1271 1032 
6836 1010 1341 1252 1115 
6837 1252 1211 1010 1115 
6838 1276 761 1035 868 
6839 1276 1035 761 1225 
6840 1342 502 465 1065 
6841 1342 465 502 576 
6842 1210 464 845 846 
6843 1210 845 464 1200 
6844 1275 1292 1206 1080 
6845 1206 1292 1275 1069 
6846 126 970 80 979 
6847 80 970 126 870 
6848 1198 1290 1276 1039 
6849 1276 1290 1198 1035 
6850 966 792 74 106 
6851 966 74 792 982 
6852 1260 535 414 1185 
6853 1260 414 535 536 
6854 1289 956 783 109 
6855 1289 783 956 939 
6856 7 783 956 109 
6857 7 956 783 939 
6858 1273 935 1317 754 
6859 1273 1317 935 1103 
6860 1294 1234 1233 1030 
6861 1294 1233 1234 1041 
6862 1034 1333 1277 1070 
6863 1034 1277 1333 1009 
6864 1221 1277 1333 1070 
6865 1221 1333 1277 1009 
6866 1299 880 721 878 
6867 1299 721 880 1142 
6868 1349 108 916 1159 
6869 1349 916 108 797 
6870 1211 1341 1252 1010 
6871 1252 1341 1211 1066 
6872 872 968 68 984 
6873 68 968 872 124 
6874 125 959 1036 873 
6875 1036 959 125 943 
6876 914 956 1058 109 
6877 914 1058 956 944 
6878 1317 863 901 1171 
6879 1317 901 863 599 
6880 352 1283 686 887 
6881 686 1283 352 1189 
6882 124 570 1020 872 
6883 1020 570 124 913 
6884 1087 870 1258 936 
6885 1087 1258 870 549 
6886 515 1258 870 936 
6887 515 870 1258 549 
6888 428 1050 1110 427 
6889 428 1110 1050 1158 
$EndElements
