$MeshFormat
4.1 0 8
$EndMeshFormat
$PhysicalNames
4
2 1 "inlet"
2 2 "wall"
2 3 "outlet"
3 4 "fluid"
$EndPhysicalNames
$Entities
2 4 3 1
1 5.551115123125783e-18 0 -0.05 0 
2 1 0 -0.05 0 
1 -1.000000000055511e-07 -0.05000010000000001 -0.05000010000000001 1.000000000055511e-07 0.05000010000000001 0.05000010000000001 0 2 1 -1 
2 -9.999999994736442e-08 -1e-07 -0.05000010000000001 1.0000001 1e-07 -0.0499999 0 2 1 -2 
3 0.9999999000000001 -0.05000010000000001 -0.05000010000000001 1.0000001 0.05000010000000001 0.05000010000000001 0 2 2 -2 
444444 0 0 0 0 0 0 0 0 
1 -1.000000000055511e-07 -0.05000010000000001 -0.05000010000000001 1.000000000055511e-07 0.05000010000000001 0.05000010000000001 1 1 1 1 
2 -1.000000000583867e-07 -0.05000010000000001 -0.05000010000000001 1.0000001 0.05000010000000001 0.05000010000000012 1 2 4 2 3 -2 -1 
3 0.9999999000000001 -0.05000010000000001 -0.05000010000000001 1.0000001 0.05000010000000001 0.05000010000000001 1 3 1 3 
1 -1.000000000583867e-07 -0.05000010000000001 -0.05000010000000001 1.0000001 0.05000010000000001 0.05000010000000012 1 4 3 -2 -1 3 
$EndEntities
$Nodes
9 4972 1 4972
0 1 0 1
1
5.551115123125783e-18 0 -0.05
0 2 0 1
2
1 0 -0.05
1 1 0 15
3
4
5
6
7
8
9
10
11
12
13
14
15
16
17
5.128561644869785e-18 0.01913417161825444 -0.04619397662556436
3.925231146709445e-18 0.03535533905932731 -0.03535533905932744
2.124319788771547e-18 0.04619397662556429 -0.01913417161825462
1.882883523447919e-32 0.05 -1.695950706916419e-16
-2.124319788771507e-18 0.04619397662556443 0.01913417161825426
-3.925231146709414e-18 0.03535533905932758 0.03535533905932717
-5.128561644869769e-18 0.01913417161825478 0.04619397662556422
-5.551115123125783e-18 3.613946018757869e-16 0.05
-5.128561644869799e-18 -0.01913417161825411 0.04619397662556449
-3.925231146709463e-18 -0.03535533905932715 0.0353553390593276
-2.124319788771559e-18 -0.04619397662556424 0.01913417161825472
-2.567162659324179e-32 -0.05 2.312294559186365e-16
2.124319788771511e-18 -0.04619397662556442 -0.0191341716182543
3.92523114670943e-18 -0.03535533905932745 -0.03535533905932731
5.128561644869781e-18 -0.01913417161825452 -0.04619397662556433
1 2 0 20
18
19
20
21
22
23
24
25
26
27
28
29
30
31
32
33
34
35
36
37
0.04761904761904762 0 -0.05
0.09523809523809523 0 -0.05
0.1428571428571428 0 -0.05
0.1904761904761905 0 -0.05
0.2380952380952381 0 -0.05
0.2857142857142857 0 -0.05
0.3333333333333333 0 -0.05
0.3809523809523809 0 -0.05
0.4285714285714285 0 -0.05
0.4761904761904762 0 -0.05
0.5238095238095238 0 -0.05
0.5714285714285714 0 -0.05
0.6190476190476191 0 -0.05
0.6666666666666666 0 -0.05
0.7142857142857143 0 -0.05
0.7619047619047619 0 -0.05
0.8095238095238095 0 -0.05
0.8571428571428571 0 -0.05
0.9047619047619048 0 -0.05
0.9523809523809523 0 -0.05
1 3 0 15
38
39
40
41
42
43
44
45
46
47
48
49
50
51
52
1 0.01913417161825444 -0.04619397662556436
1 0.03535533905932731 -0.03535533905932744
1 0.04619397662556429 -0.01913417161825462
1 0.05 -1.695950706916419e-16
1 0.04619397662556443 0.01913417161825426
1 0.03535533905932758 0.03535533905932717
1 0.01913417161825478 0.04619397662556422
1 3.613946018757869e-16 0.05
1 -0.01913417161825411 0.04619397662556449
1 -0.03535533905932715 0.0353553390593276
1 -0.04619397662556424 0.01913417161825472
1 -0.05 2.312294559186365e-16
1 -0.04619397662556442 -0.0191341716182543
1 -0.03535533905932745 -0.03535533905932731
1 -0.01913417161825452 -0.04619397662556433
2 1 0 210
53
54
55
56
57
58
59
60
61
62
63
64
65
66
67
68
69
70
71
72
73
74
75
76
77
78
79
80
81
82
83
84
85
86
87
88
89
90
91
92
93
94
95
96
97
98
99
100
101
102
103
104
105
106
107
108
109
110
111
112
113
114
115
116
117
118
119
120
121
122
123
124
125
126
127
128
129
130
131
132
133
134
135
136
137
138
139
140
141
142
143
144
145
146
147
148
149
150
151
152
153
154
155
156
157
158
159
160
161
162
163
164
165
166
167
168
169
170
171
172
173
174
175
176
177
178
179
180
181
182
183
184
185
186
187
188
189
190
191
192
193
194
195
196
197
198
199
200
201
202
203
204
205
206
207
208
209
210
211
212
213
214
215
216
217
218
219
220
221
222
223
224
225
226
227
228
229
230
231
232
233
234
235
236
237
238
239
240
241
242
243
244
245
246
247
248
249
250
251
252
253
254
255
256
257
258
259
260
261
262
-1.853226953053886e-34 -2.018001907755239e-06 -0.04796081868210436
-1.853226953053886e-34 -4.439604197061525e-06 -0.04551380110062959
-1.853226953053886e-34 -7.345526944229068e-06 -0.04257738000285986
-1.853226953053886e-34 -1.083263424083012e-05 -0.03905367468553618
-1.853226953053886e-34 -1.501716299675138e-05 -0.03482522830474778
-1.853226953053886e-34 -2.00385975038569e-05 -0.02975109264780169
-1.853226953053886e-34 -0.03391199317854109 -0.0339148470642078
-1.853226953053886e-34 -0.03217997812159746 -0.03218625667006439
-1.853226953053886e-34 -0.03010156005326511 -0.0301119481970923
-1.853226953053886e-34 -0.02760745837126629 -0.02762277802952579
-1.853226953053886e-34 -0.0246145363528677 -0.02463577382844599
-1.853226953053886e-34 -0.02102302993078939 -0.02105136878715021
-1.853226953053886e-34 0.04796081868210435 2.018001907593511e-06
-1.853226953053886e-34 0.04551380110062959 4.439604196909238e-06
-1.853226953053886e-34 0.04257738000285986 7.34552694408811e-06
-1.853226953053886e-34 0.03905367468553618 1.083263424070275e-05
-1.853226953053886e-34 0.03482522830474778 1.501716299664033e-05
-1.853226953053886e-34 0.02975109264780168 2.003859750376542e-05
-1.853226953053886e-34 0.01835567510296652 -0.0443092464869846
-1.853226953053886e-34 0.017421479284621 -0.0420475703206889
-1.853226953053886e-34 0.01630044430260639 -0.03933355892113404
-1.853226953053886e-34 0.01495520232418886 -0.03607674524166822
-1.853226953053886e-34 0.01334091195008781 -0.03216856882630924
-1.853226953053886e-34 0.01140376350116656 -0.02747875712787845
-1.853226953053886e-34 -2.018001907409549e-06 0.04796081868210436
-1.853226953053886e-34 -4.439604196734681e-06 0.04551380110062959
-1.853226953053886e-34 -7.34552694392484e-06 0.04257738000285986
-1.853226953053886e-34 -1.083263424055303e-05 0.03905367468553618
-1.853226953053886e-34 -1.501716299650686e-05 0.03482522830474778
-1.853226953053886e-34 -2.003859750365145e-05 0.02975109264780169
-1.853226953053886e-34 0.01835194632164855 0.04431079099877763
-1.853226953053886e-34 0.01741327596572108 0.04205096824663371
-1.853226953053886e-34 0.01628687153860811 0.03933918094406102
-1.853226953053886e-34 0.01493518622607254 0.03608503618097379
-1.853226953053886e-34 0.01331316385102987 0.0321800624652691
-1.853226953053886e-34 0.01136673700097865 0.02749409400642349
-1.853226953053886e-34 -0.0183519463216483 -0.04431079099877773
-1.853226953053886e-34 -0.01741327596572084 -0.04205096824663381
-1.853226953053886e-34 -0.01628687153860789 -0.03933918094406111
-1.853226953053886e-34 -0.01493518622607234 -0.03608503618097387
-1.853226953053886e-34 -0.01331316385102968 -0.03218006246526917
-1.853226953053886e-34 -0.01136673700097849 -0.02749409400642355
-1.853226953053886e-34 -0.0183556751029662 0.04430924648698473
-1.853226953053886e-34 -0.0174214792846207 0.04204757032068902
-1.853226953053886e-34 -0.01630044430260611 0.03933355892113415
-1.853226953053886e-34 -0.01495520232418859 0.03607674524166832
-1.853226953053886e-34 -0.01334091195008757 0.03216856882630932
-1.853226953053886e-34 -0.01140376350116635 0.02747875712787853
-1.853226953053886e-34 -0.03391484706420765 0.03391199317854124
-1.853226953053886e-34 -0.03218625667006425 0.0321799781215976
-1.853226953053886e-34 -0.03011194819709218 0.03010156005326525
-1.853226953053886e-34 -0.02762277802952568 0.02760745837126641
-1.853226953053886e-34 -0.02463577382844588 0.0246145363528678
-1.853226953053886e-34 -0.02105136878715013 0.02102302993078949
-1.853226953053886e-34 -0.04431079099877765 0.0183519463216485
-1.853226953053886e-34 -0.04205096824663374 0.01741327596572102
-1.853226953053886e-34 -0.03933918094406104 0.01628687153860806
-1.853226953053886e-34 -0.03608503618097381 0.0149351862260725
-1.853226953053886e-34 -0.03218006246526912 0.01331316385102982
-1.853226953053886e-34 -0.02749409400642351 0.01136673700097862
-1.853226953053886e-34 0.0339148470642078 -0.03391199317854109
-1.853226953053886e-34 0.0321862566700644 -0.03217997812159746
-1.853226953053886e-34 0.0301119481970923 -0.0301015600532651
-1.853226953053886e-34 0.0276227780295258 -0.02760745837126628
-1.853226953053886e-34 0.02463577382844599 -0.02461453635286769
-1.853226953053886e-34 0.02105136878715022 -0.02102302993078939
-1.853226953053886e-34 0.04430924648698467 0.01835567510296634
-1.853226953053886e-34 0.04204757032068896 0.01742147928462084
-1.853226953053886e-34 0.0393335589211341 0.01630044430260623
-1.853226953053886e-34 0.03607674524166828 0.01495520232418871
-1.853226953053886e-34 0.03216856882630928 0.01334091195008768
-1.853226953053886e-34 0.02747875712787849 0.01140376350116645
-1.853226953053886e-34 -0.04796081868210435 -2.018001907534547e-06
-1.853226953053886e-34 -0.04551380110062959 -4.439604196853477e-06
-1.853226953053886e-34 -0.04257738000285986 -7.345526944036193e-06
-1.853226953053886e-34 -0.03905367468553618 -1.083263424065546e-05
-1.853226953053886e-34 -0.03482522830474778 -1.501716299659857e-05
-1.853226953053886e-34 -0.02975109264780169 -2.00385975037303e-05
-1.853226953053886e-34 0.03391199317854122 0.03391484706420766
-1.853226953053886e-34 0.03217997812159759 0.03218625667006426
-1.853226953053886e-34 0.03010156005326522 0.03011194819709218
-1.853226953053886e-34 0.02760745837126639 0.02762277802952569
-1.853226953053886e-34 0.02461453635286779 0.02463577382844589
-1.853226953053886e-34 0.02102302993078948 0.02105136878715013
-1.853226953053886e-34 -0.04430924648698466 -0.01835567510296638
-1.853226953053886e-34 -0.04204757032068895 -0.01742147928462087
-1.853226953053886e-34 -0.0393335589211341 -0.01630044430260626
-1.853226953053886e-34 -0.03607674524166827 -0.01495520232418873
-1.853226953053886e-34 -0.03216856882630927 -0.0133409119500877
-1.853226953053886e-34 -0.02747875712787849 -0.01140376350116646
-1.853226953053886e-34 0.0443107909987777 -0.01835194632164839
-1.853226953053886e-34 0.04205096824663378 -0.01741327596572093
-1.853226953053886e-34 0.03933918094406108 -0.01628687153860797
-1.853226953053886e-34 0.03608503618097384 -0.01493518622607241
-1.853226953053886e-34 0.03218006246526915 -0.01331316385102975
-1.853226953053886e-34 0.02749409400642352 -0.01136673700097855
-1.853226953053886e-34 -0.001023411814320024 -0.02004676204298585
-1.853226953053886e-34 -0.04447571591838387 -0.009692354661886957
-1.853226953053886e-34 -0.04344445750790368 -0.009072331206764952
-1.853226953053886e-34 0.04183133822427169 -0.01461575918267932
-1.853226953053886e-34 0.04299601893633948 -0.007769160192829311
-1.853226953053886e-34 0.005039000806798713 -0.04090723926031176
-1.853226953053886e-34 0.005685917295762804 -0.03854867570584167
-1.853226953053886e-34 0.007372857512566789 0.0417015959928957
-1.853226953053886e-34 0.008595208808359327 0.03888662319124506
-1.853226953053886e-34 0.01488663258576405 0.01848543402506802
-1.853226953053886e-34 -0.02127654837130416 -0.0006873227414624569
-1.853226953053886e-34 0.01738438148724257 -0.01298601508038374
-1.853226953053886e-34 0.03686373788591388 -0.004198630407974603
-1.853226953053886e-34 -0.0348509393357683 -0.01070920075484717
-1.853226953053886e-34 0.02084302313646661 0.004116368183911114
-1.853226953053886e-34 0.04441301326635459 -0.002500970630165105
-1.853226953053886e-34 -0.04253290157463063 -0.01332685136530778
-1.853226953053886e-34 -0.04531136075469302 -0.005722058060938513
-1.853226953053886e-34 -0.005220701813432085 0.02026820770769584
-1.853226953053886e-34 0.03738527050058035 -0.01224248529285829
-1.853226953053886e-34 -0.04147206222947215 -0.003937751032534785
-1.853226953053886e-34 -0.01661953690619037 -0.01195001221002822
-1.853226953053886e-34 0.009074569380624101 -0.04076855741266646
-1.853226953053886e-34 0.004907315410693152 -0.03337907413565522
-1.853226953053886e-34 0.009622147831911777 0.03306770264208744
-1.853226953053886e-34 0.003609923180588821 0.04030634818663867
-1.853226953053886e-34 0.01099787979279366 0.0410937711909158
-1.853226953053886e-34 0.009943684755310505 -0.03420711259536564
-1.853226953053886e-34 0.002955270820978595 0.0360907420040794
-1.853226953053886e-34 0.03092571636040881 -0.008362665992501288
-1.853226953053886e-34 -0.03441307067354617 -0.003714729857729447
-1.853226953053886e-34 0.02167063337489676 -0.00287868872082372
-1.853226953053886e-34 0.01295356575611617 -0.001724794564064428
-1.853226953053886e-34 0.005372686625960562 -0.02601671322797361
-1.853226953053886e-34 0.005924787470760672 0.02789516253988863
-1.853226953053886e-34 -0.02982525496937695 -0.00487367581087836
-1.853226953053886e-34 0.01317006812855154 0.006208180073355789
-1.853226953053886e-34 0.008833466230642831 0.00315191615871931
-1.853226953053886e-34 0.006951349273754485 -0.006793960973863129
-1.853226953053886e-34 0.002800859480645161 -0.001239980980676873
-1.853226953053886e-34 -0.001231533515204979 0.00442673357954367
-1.853226953053886e-34 -0.005655760233221338 0.001032655353830475
-1.853226953053886e-34 -0.004666042346143485 -0.006440134850291499
-1.853226953053886e-34 0.01143684115606324 0.03640371261028488
-1.853226953053886e-34 0.003450536701303021 -0.03627392699699989
-1.853226953053886e-34 0.03968736998565266 -0.00334080423688622
-1.853226953053886e-34 0.0378321993874079 -0.006401793080577651
-1.853226953053886e-34 -0.03803291772560624 -0.01229866220178462
-1.853226953053886e-34 -0.03734953418300677 -0.008434049616162367
-1.853226953053886e-34 0.01431180725754893 -0.01671843470669212
-1.853226953053886e-34 0.03425231962107814 -0.01052521222629877
-1.853226953053886e-34 -0.03803517245825723 -0.003322956809007413
-1.853226953053886e-34 0.04242767165641201 -0.002955320218410617
-1.853226953053886e-34 0.04475717341123473 -0.005781995018865872
-1.853226953053886e-34 0.04272578138717735 -0.005764030441994143
-1.853226953053886e-34 -0.04118190691338421 -0.01351711278690723
-1.853226953053886e-34 -0.04168923540037529 -0.01150870834942466
-1.853226953053886e-34 0.03227117675341473 -0.003763714687138979
-1.853226953053886e-34 -0.006036823688275454 0.009549984068001645
-1.853226953053886e-34 -0.03185299965509478 -0.008412761427476118
-1.853226953053886e-34 0.007823887512435545 -0.03027317391678962
-1.853226953053886e-34 0.009779743058257316 -0.0217090900384241
-1.853226953053886e-34 0.004114105617207014 0.03235418034750355
-1.853226953053886e-34 0.003540509241310105 -0.03955096756246151
-1.853226953053886e-34 0.04002459704986533 -0.01355127602443296
-1.853226953053886e-34 0.04356573953877564 -0.01174445229436608
-1.853226953053886e-34 0.0409991799747435 -0.01100902275277243
-1.853226953053886e-34 0.03874929334991277 -0.009696709971793673
-1.853226953053886e-34 0.01199192105354188 0.03906785320163553
-1.853226953053886e-34 0.01078149573995566 -0.01198035206182793
-1.853226953053886e-34 -0.0444588935198981 -0.00386778789231662
-1.853226953053886e-34 -0.04388786575022432 -0.006495892587505026
-1.853226953053886e-34 -0.03929734552592269 -0.006395795495345781
-1.853226953053886e-34 0.01116369230613316 -0.03820471509528232
-1.853226953053886e-34 0.002134098318194476 0.03855471883191555
-1.853226953053886e-34 0.03398936312443205 -0.005891879773736276
-1.853226953053886e-34 -0.03533688752830695 -0.00652542493496601
-1.853226953053886e-34 0.007202530278225705 -0.03603309664429548
-1.853226953053886e-34 0.007200806554254749 0.03505785884505481
-1.853226953053886e-34 0.006379194581317537 -0.01715635768636907
-1.853226953053886e-34 0.001929971177405026 -0.0126911246748868
-1.853226953053886e-34 0.005522360077210153 -0.03715712734482345
-1.853226953053886e-34 0.007809084522379555 -0.03871835140012507
-1.853226953053886e-34 0.00911806256248047 0.03682122179853579
-1.853226953053886e-34 0.005659720518170191 0.03760006861520542
-1.853226953053886e-34 -0.01359495012320178 -0.003795261882739034
-1.853226953053886e-34 0.02726093081105323 -0.00463902829675223
-1.853226953053886e-34 0.01637626058492548 -0.006767107055252631
-1.853226953053886e-34 0.001544940201613212 0.02418266179259484
-1.853226953053886e-34 0.0001250260115194618 0.01411785143748726
-1.853226953053886e-34 0.004640183053639235 0.008271748383783516
-1.853226953053886e-34 0.04203182450855939 -0.009095732385277507
-1.853226953053886e-34 -0.04086489423646632 -0.007380909385914406
-1.853226953053886e-34 0.04308548585658317 -0.009783527294771112
-1.853226953053886e-34 -0.008386891904134849 -0.0165979920002886
-1.853226953053886e-34 -0.01249974011671382 0.01458237844200144
-1.853226953053886e-34 0.04335511853160028 -0.008133199235246726
-1.853226953053886e-34 -0.04295600357788496 -0.006416340744980729
-1.853226953053886e-34 -0.04241763233233862 -0.01120712878428507
-1.853226953053886e-34 0.008686179916794443 0.02312745162782834
-1.853226953053886e-34 0.01160613392382829 0.02282617233094797
-1.853226953053886e-34 0.01835572077568463 0.01133602568316201
-1.853226953053886e-34 -0.02387545391820966 -0.00757072990875544
-1.853226953053886e-34 0.003633537024229293 -0.0212909166553358
-1.853226953053886e-34 0.02282202474461345 -0.009832872800532699
-1.853226953053886e-34 0.0401612837397454 -0.006852809771158519
-1.853226953053886e-34 -0.01056231320716658 0.003465164159204899
-1.853226953053886e-34 0.02009511202345384 -0.01361407048461459
-1.853226953053886e-34 -0.04026303334669534 -0.009712138534550807
-1.853226953053886e-34 -0.01786334361506266 0.007115081837849873
-1.853226953053886e-34 0.0363018224339124 -0.008075842791555338
-1.853226953053886e-34 -0.0376056794341583 -0.005426860210106898
-1.853226953053886e-34 0.007250945114465371 0.01819773578578927
-1.853226953053886e-34 0.01100422391962318 0.01072850297764608
2 2 0 300
263
264
265
266
267
268
269
270
271
272
273
274
275
276
277
278
279
280
281
282
283
284
285
286
287
288
289
290
291
292
293
294
295
296
297
298
299
300
301
302
303
304
305
306
307
308
309
310
311
312
313
314
315
316
317
318
319
320
321
322
323
324
325
326
327
328
329
330
331
332
333
334
335
336
337
338
339
340
341
342
343
344
345
346
347
348
349
350
351
352
353
354
355
356
357
358
359
360
361
362
363
364
365
366
367
368
369
370
371
372
373
374
375
376
377
378
379
380
381
382
383
384
385
386
387
388
389
390
391
392
393
394
395
396
397
398
399
400
401
402
403
404
405
406
407
408
409
410
411
412
413
414
415
416
417
418
419
420
421
422
423
424
425
426
427
428
429
430
431
432
433
434
435
436
437
438
439
440
441
442
443
444
445
446
447
448
449
450
451
452
453
454
455
456
457
458
459
460
461
462
463
464
465
466
467
468
469
470
471
472
473
474
475
476
477
478
479
480
481
482
483
484
485
486
487
488
489
490
491
492
493
494
495
496
497
498
499
500
501
502
503
504
505
506
507
508
509
510
511
512
513
514
515
516
517
518
519
520
521
522
523
524
525
526
527
528
529
530
531
532
533
534
535
536
537
538
539
540
541
542
543
544
545
546
547
548
549
550
551
552
553
554
555
556
557
558
559
560
561
562
0.04761904761904762 0.01913417161825444 -0.04619397662556436
0.09523809523809523 0.01913417161825444 -0.04619397662556436
0.1428571428571428 0.01913417161825444 -0.04619397662556436
0.1904761904761905 0.01913417161825444 -0.04619397662556436
0.2380952380952381 0.01913417161825444 -0.04619397662556436
0.2857142857142857 0.01913417161825444 -0.04619397662556436
0.3333333333333333 0.01913417161825444 -0.04619397662556436
0.3809523809523809 0.01913417161825444 -0.04619397662556436
0.4285714285714285 0.01913417161825444 -0.04619397662556436
0.4761904761904762 0.01913417161825444 -0.04619397662556436
0.5238095238095238 0.01913417161825444 -0.04619397662556436
0.5714285714285714 0.01913417161825444 -0.04619397662556436
0.6190476190476191 0.01913417161825444 -0.04619397662556436
0.6666666666666666 0.01913417161825444 -0.04619397662556436
0.7142857142857143 0.01913417161825444 -0.04619397662556436
0.7619047619047619 0.01913417161825444 -0.04619397662556436
0.8095238095238095 0.01913417161825444 -0.04619397662556436
0.8571428571428571 0.01913417161825444 -0.04619397662556436
0.9047619047619048 0.01913417161825444 -0.04619397662556436
0.9523809523809523 0.01913417161825444 -0.04619397662556436
0.04761904761904762 0.03535533905932731 -0.03535533905932744
0.09523809523809523 0.03535533905932731 -0.03535533905932744
0.1428571428571428 0.03535533905932731 -0.03535533905932744
0.1904761904761905 0.03535533905932731 -0.03535533905932744
0.2380952380952381 0.03535533905932731 -0.03535533905932744
0.2857142857142857 0.03535533905932731 -0.03535533905932744
0.3333333333333333 0.03535533905932731 -0.03535533905932744
0.3809523809523809 0.03535533905932731 -0.03535533905932744
0.4285714285714285 0.03535533905932731 -0.03535533905932744
0.4761904761904762 0.03535533905932731 -0.03535533905932744
0.5238095238095238 0.03535533905932731 -0.03535533905932744
0.5714285714285714 0.03535533905932731 -0.03535533905932744
0.6190476190476191 0.03535533905932731 -0.03535533905932744
0.6666666666666666 0.03535533905932731 -0.03535533905932744
0.7142857142857143 0.03535533905932731 -0.03535533905932744
0.7619047619047619 0.03535533905932731 -0.03535533905932744
0.8095238095238095 0.03535533905932731 -0.03535533905932744
0.8571428571428571 0.03535533905932731 -0.03535533905932744
0.9047619047619048 0.03535533905932731 -0.03535533905932744
0.9523809523809523 0.03535533905932731 -0.03535533905932744
0.04761904761904762 0.04619397662556429 -0.01913417161825462
0.09523809523809523 0.04619397662556429 -0.01913417161825462
0.1428571428571428 0.04619397662556429 -0.01913417161825462
0.1904761904761905 0.04619397662556429 -0.01913417161825462
0.2380952380952381 0.04619397662556429 -0.01913417161825462
0.2857142857142857 0.04619397662556429 -0.01913417161825462
0.3333333333333333 0.04619397662556429 -0.01913417161825462
0.3809523809523809 0.04619397662556429 -0.01913417161825462
0.4285714285714285 0.04619397662556429 -0.01913417161825462
0.4761904761904762 0.04619397662556429 -0.01913417161825462
0.5238095238095238 0.04619397662556429 -0.01913417161825462
0.5714285714285714 0.04619397662556429 -0.01913417161825462
0.6190476190476191 0.04619397662556429 -0.01913417161825462
0.6666666666666666 0.04619397662556429 -0.01913417161825462
0.7142857142857143 0.04619397662556429 -0.01913417161825462
0.7619047619047619 0.04619397662556429 -0.01913417161825462
0.8095238095238095 0.04619397662556429 -0.01913417161825462
0.8571428571428571 0.04619397662556429 -0.01913417161825462
0.9047619047619048 0.04619397662556429 -0.01913417161825462
0.9523809523809523 0.04619397662556429 -0.01913417161825462
0.04761904761904762 0.05 -1.695950706916419e-16
0.09523809523809523 0.05 -1.695950706916419e-16
0.1428571428571428 0.05 -1.695950706916419e-16
0.1904761904761905 0.05 -1.695950706916419e-16
0.2380952380952381 0.05 -1.695950706916419e-16
0.2857142857142857 0.05 -1.695950706916419e-16
0.3333333333333333 0.05 -1.695950706916419e-16
0.3809523809523809 0.05 -1.695950706916419e-16
0.4285714285714285 0.05 -1.695950706916419e-16
0.4761904761904762 0.05 -1.695950706916419e-16
0.5238095238095238 0.05 -1.695950706916419e-16
0.5714285714285714 0.05 -1.695950706916419e-16
0.6190476190476191 0.05 -1.695950706916419e-16
0.6666666666666666 0.05 -1.695950706916419e-16
0.7142857142857143 0.05 -1.695950706916419e-16
0.7619047619047619 0.05 -1.695950706916419e-16
0.8095238095238095 0.05 -1.695950706916419e-16
0.8571428571428571 0.05 -1.695950706916419e-16
0.9047619047619048 0.05 -1.695950706916419e-16
0.9523809523809523 0.05 -1.695950706916419e-16
0.04761904761904762 0.04619397662556443 0.01913417161825426
0.09523809523809523 0.04619397662556443 0.01913417161825426
0.1428571428571428 0.04619397662556443 0.01913417161825426
0.1904761904761905 0.04619397662556443 0.01913417161825426
0.2380952380952381 0.04619397662556443 0.01913417161825426
0.2857142857142857 0.04619397662556443 0.01913417161825426
0.3333333333333333 0.04619397662556443 0.01913417161825426
0.3809523809523809 0.04619397662556443 0.01913417161825426
0.4285714285714285 0.04619397662556443 0.01913417161825426
0.4761904761904762 0.04619397662556443 0.01913417161825426
0.5238095238095238 0.04619397662556443 0.01913417161825426
0.5714285714285714 0.04619397662556443 0.01913417161825426
0.6190476190476191 0.04619397662556443 0.01913417161825426
0.6666666666666666 0.04619397662556443 0.01913417161825426
0.7142857142857143 0.04619397662556443 0.01913417161825426
0.7619047619047619 0.04619397662556443 0.01913417161825426
0.8095238095238095 0.04619397662556443 0.01913417161825426
0.8571428571428571 0.04619397662556443 0.01913417161825426
0.9047619047619048 0.04619397662556443 0.01913417161825426
0.9523809523809523 0.04619397662556443 0.01913417161825426
0.04761904761904761 0.03535533905932758 0.03535533905932717
0.09523809523809523 0.03535533905932758 0.03535533905932717
0.1428571428571428 0.03535533905932758 0.03535533905932717
0.1904761904761905 0.03535533905932758 0.03535533905932717
0.2380952380952381 0.03535533905932758 0.03535533905932717
0.2857142857142857 0.03535533905932758 0.03535533905932717
0.3333333333333333 0.03535533905932758 0.03535533905932717
0.3809523809523809 0.03535533905932758 0.03535533905932717
0.4285714285714285 0.03535533905932758 0.03535533905932717
0.4761904761904762 0.03535533905932758 0.03535533905932717
0.5238095238095238 0.03535533905932758 0.03535533905932717
0.5714285714285714 0.03535533905932758 0.03535533905932717
0.6190476190476191 0.03535533905932758 0.03535533905932717
0.6666666666666666 0.03535533905932758 0.03535533905932717
0.7142857142857143 0.03535533905932758 0.03535533905932717
0.7619047619047619 0.03535533905932758 0.03535533905932717
0.8095238095238095 0.03535533905932758 0.03535533905932717
0.8571428571428571 0.03535533905932758 0.03535533905932717
0.9047619047619048 0.03535533905932758 0.03535533905932717
0.9523809523809523 0.03535533905932758 0.03535533905932717
0.04761904761904761 0.01913417161825478 0.04619397662556422
0.09523809523809523 0.01913417161825478 0.04619397662556422
0.1428571428571428 0.01913417161825478 0.04619397662556422
0.1904761904761905 0.01913417161825478 0.04619397662556422
0.2380952380952381 0.01913417161825478 0.04619397662556422
0.2857142857142857 0.01913417161825478 0.04619397662556422
0.3333333333333333 0.01913417161825478 0.04619397662556422
0.3809523809523809 0.01913417161825478 0.04619397662556422
0.4285714285714285 0.01913417161825478 0.04619397662556422
0.4761904761904762 0.01913417161825478 0.04619397662556422
0.5238095238095238 0.01913417161825478 0.04619397662556422
0.5714285714285714 0.01913417161825478 0.04619397662556422
0.6190476190476191 0.01913417161825478 0.04619397662556422
0.6666666666666666 0.01913417161825478 0.04619397662556422
0.7142857142857143 0.01913417161825478 0.04619397662556422
0.7619047619047619 0.01913417161825478 0.04619397662556422
0.8095238095238095 0.01913417161825478 0.04619397662556422
0.8571428571428571 0.01913417161825478 0.04619397662556422
0.9047619047619048 0.01913417161825478 0.04619397662556422
0.9523809523809523 0.01913417161825478 0.04619397662556422
0.04761904761904761 3.613946018757869e-16 0.05
0.09523809523809523 3.613946018757869e-16 0.05
0.1428571428571428 3.613946018757869e-16 0.05
0.1904761904761905 3.613946018757869e-16 0.05
0.2380952380952381 3.613946018757869e-16 0.05
0.2857142857142857 3.613946018757869e-16 0.05
0.3333333333333333 3.613946018757869e-16 0.05
0.3809523809523809 3.613946018757869e-16 0.05
0.4285714285714285 3.613946018757869e-16 0.05
0.4761904761904762 3.613946018757869e-16 0.05
0.5238095238095238 3.613946018757869e-16 0.05
0.5714285714285714 3.613946018757869e-16 0.05
0.6190476190476191 3.613946018757869e-16 0.05
0.6666666666666666 3.613946018757869e-16 0.05
0.7142857142857143 3.613946018757869e-16 0.05
0.7619047619047619 3.613946018757869e-16 0.05
0.8095238095238095 3.613946018757869e-16 0.05
0.8571428571428571 3.613946018757869e-16 0.05
0.9047619047619048 3.613946018757869e-16 0.05
0.9523809523809523 3.613946018757869e-16 0.05
0.04761904761904761 -0.01913417161825411 0.04619397662556449
0.09523809523809523 -0.01913417161825411 0.04619397662556449
0.1428571428571428 -0.01913417161825411 0.04619397662556449
0.1904761904761905 -0.01913417161825411 0.04619397662556449
0.2380952380952381 -0.01913417161825411 0.04619397662556449
0.2857142857142857 -0.01913417161825411 0.04619397662556449
0.3333333333333333 -0.01913417161825411 0.04619397662556449
0.3809523809523809 -0.01913417161825411 0.04619397662556449
0.4285714285714285 -0.01913417161825411 0.04619397662556449
0.4761904761904762 -0.01913417161825411 0.04619397662556449
0.5238095238095238 -0.01913417161825411 0.04619397662556449
0.5714285714285714 -0.01913417161825411 0.04619397662556449
0.6190476190476191 -0.01913417161825411 0.04619397662556449
0.6666666666666666 -0.01913417161825411 0.04619397662556449
0.7142857142857143 -0.01913417161825411 0.04619397662556449
0.7619047619047619 -0.01913417161825411 0.04619397662556449
0.8095238095238095 -0.01913417161825411 0.04619397662556449
0.8571428571428571 -0.01913417161825411 0.04619397662556449
0.9047619047619048 -0.01913417161825411 0.04619397662556449
0.9523809523809523 -0.01913417161825411 0.04619397662556449
0.04761904761904761 -0.03535533905932715 0.0353553390593276
0.09523809523809523 -0.03535533905932715 0.0353553390593276
0.1428571428571428 -0.03535533905932715 0.0353553390593276
0.1904761904761905 -0.03535533905932715 0.0353553390593276
0.2380952380952381 -0.03535533905932715 0.0353553390593276
0.2857142857142857 -0.03535533905932715 0.0353553390593276
0.3333333333333333 -0.03535533905932715 0.0353553390593276
0.3809523809523809 -0.03535533905932715 0.0353553390593276
0.4285714285714285 -0.03535533905932715 0.0353553390593276
0.4761904761904762 -0.03535533905932715 0.0353553390593276
0.5238095238095238 -0.03535533905932715 0.0353553390593276
0.5714285714285714 -0.03535533905932715 0.0353553390593276
0.6190476190476191 -0.03535533905932715 0.0353553390593276
0.6666666666666666 -0.03535533905932715 0.0353553390593276
0.7142857142857143 -0.03535533905932715 0.0353553390593276
0.7619047619047619 -0.03535533905932715 0.0353553390593276
0.8095238095238095 -0.03535533905932715 0.0353553390593276
0.8571428571428571 -0.03535533905932715 0.0353553390593276
0.9047619047619048 -0.03535533905932715 0.0353553390593276
0.9523809523809523 -0.03535533905932715 0.0353553390593276
0.04761904761904762 -0.04619397662556424 0.01913417161825472
0.09523809523809523 -0.04619397662556424 0.01913417161825472
0.1428571428571428 -0.04619397662556424 0.01913417161825472
0.1904761904761905 -0.04619397662556424 0.01913417161825472
0.2380952380952381 -0.04619397662556424 0.01913417161825472
0.2857142857142857 -0.04619397662556424 0.01913417161825472
0.3333333333333333 -0.04619397662556424 0.01913417161825472
0.3809523809523809 -0.04619397662556424 0.01913417161825472
0.4285714285714285 -0.04619397662556424 0.01913417161825472
0.4761904761904762 -0.04619397662556424 0.01913417161825472
0.5238095238095238 -0.04619397662556424 0.01913417161825472
0.5714285714285714 -0.04619397662556424 0.01913417161825472
0.6190476190476191 -0.04619397662556424 0.01913417161825472
0.6666666666666666 -0.04619397662556424 0.01913417161825472
0.7142857142857143 -0.04619397662556424 0.01913417161825472
0.7619047619047619 -0.04619397662556424 0.01913417161825472
0.8095238095238095 -0.04619397662556424 0.01913417161825472
0.8571428571428571 -0.04619397662556424 0.01913417161825472
0.9047619047619048 -0.04619397662556424 0.01913417161825472
0.9523809523809523 -0.04619397662556424 0.01913417161825472
0.04761904761904762 -0.05 2.312294559186365e-16
0.09523809523809523 -0.05 2.312294559186365e-16
0.1428571428571428 -0.05 2.312294559186365e-16
0.1904761904761905 -0.05 2.312294559186365e-16
0.2380952380952381 -0.05 2.312294559186365e-16
0.2857142857142857 -0.05 2.312294559186365e-16
0.3333333333333333 -0.05 2.312294559186365e-16
0.3809523809523809 -0.05 2.312294559186365e-16
0.4285714285714285 -0.05 2.312294559186365e-16
0.4761904761904762 -0.05 2.312294559186365e-16
0.5238095238095238 -0.05 2.312294559186365e-16
0.5714285714285714 -0.05 2.312294559186365e-16
0.6190476190476191 -0.05 2.312294559186365e-16
0.6666666666666666 -0.05 2.312294559186365e-16
0.7142857142857143 -0.05 2.312294559186365e-16
0.7619047619047619 -0.05 2.312294559186365e-16
0.8095238095238095 -0.05 2.312294559186365e-16
0.8571428571428571 -0.05 2.312294559186365e-16
0.9047619047619048 -0.05 2.312294559186365e-16
0.9523809523809523 -0.05 2.312294559186365e-16
0.04761904761904762 -0.04619397662556442 -0.0191341716182543
0.09523809523809523 -0.04619397662556442 -0.0191341716182543
0.1428571428571428 -0.04619397662556442 -0.0191341716182543
0.1904761904761905 -0.04619397662556442 -0.0191341716182543
0.2380952380952381 -0.04619397662556442 -0.0191341716182543
0.2857142857142857 -0.04619397662556442 -0.0191341716182543
0.3333333333333333 -0.04619397662556442 -0.0191341716182543
0.3809523809523809 -0.04619397662556442 -0.0191341716182543
0.4285714285714285 -0.04619397662556442 -0.0191341716182543
0.4761904761904762 -0.04619397662556442 -0.0191341716182543
0.5238095238095238 -0.04619397662556442 -0.0191341716182543
0.5714285714285714 -0.04619397662556442 -0.0191341716182543
0.6190476190476191 -0.04619397662556442 -0.0191341716182543
0.6666666666666666 -0.04619397662556442 -0.0191341716182543
0.7142857142857143 -0.04619397662556442 -0.0191341716182543
0.7619047619047619 -0.04619397662556442 -0.0191341716182543
0.8095238095238095 -0.04619397662556442 -0.0191341716182543
0.8571428571428571 -0.04619397662556442 -0.0191341716182543
0.9047619047619048 -0.04619397662556442 -0.0191341716182543
0.9523809523809523 -0.04619397662556442 -0.0191341716182543
0.04761904761904762 -0.03535533905932745 -0.03535533905932731
0.09523809523809523 -0.03535533905932745 -0.03535533905932731
0.1428571428571428 -0.03535533905932745 -0.03535533905932731
0.1904761904761905 -0.03535533905932745 -0.03535533905932731
0.2380952380952381 -0.03535533905932745 -0.03535533905932731
0.2857142857142857 -0.03535533905932745 -0.03535533905932731
0.3333333333333333 -0.03535533905932745 -0.03535533905932731
0.3809523809523809 -0.03535533905932745 -0.03535533905932731
0.4285714285714285 -0.03535533905932745 -0.03535533905932731
0.4761904761904762 -0.03535533905932745 -0.03535533905932731
0.5238095238095238 -0.03535533905932745 -0.03535533905932731
0.5714285714285714 -0.03535533905932745 -0.03535533905932731
0.6190476190476191 -0.03535533905932745 -0.03535533905932731
0.6666666666666666 -0.03535533905932745 -0.03535533905932731
0.7142857142857143 -0.03535533905932745 -0.03535533905932731
0.7619047619047619 -0.03535533905932745 -0.03535533905932731
0.8095238095238095 -0.03535533905932745 -0.03535533905932731
0.8571428571428571 -0.03535533905932745 -0.03535533905932731
0.9047619047619048 -0.03535533905932745 -0.03535533905932731
0.9523809523809523 -0.03535533905932745 -0.03535533905932731
0.04761904761904762 -0.01913417161825452 -0.04619397662556433
0.09523809523809523 -0.01913417161825452 -0.04619397662556433
0.1428571428571428 -0.01913417161825452 -0.04619397662556433
0.1904761904761905 -0.01913417161825452 -0.04619397662556433
0.2380952380952381 -0.01913417161825452 -0.04619397662556433
0.2857142857142857 -0.01913417161825452 -0.04619397662556433
0.3333333333333333 -0.01913417161825452 -0.04619397662556433
0.3809523809523809 -0.01913417161825452 -0.04619397662556433
0.4285714285714285 -0.01913417161825452 -0.04619397662556433
0.4761904761904762 -0.01913417161825452 -0.04619397662556433
0.5238095238095238 -0.01913417161825452 -0.04619397662556433
0.5714285714285714 -0.01913417161825452 -0.04619397662556433
0.6190476190476191 -0.01913417161825452 -0.04619397662556433
0.6666666666666666 -0.01913417161825452 -0.04619397662556433
0.7142857142857143 -0.01913417161825452 -0.04619397662556433
0.7619047619047619 -0.01913417161825452 -0.04619397662556433
0.8095238095238095 -0.01913417161825452 -0.04619397662556433
0.8571428571428571 -0.01913417161825452 -0.04619397662556433
0.9047619047619048 -0.01913417161825452 -0.04619397662556433
0.9523809523809523 -0.01913417161825452 -0.04619397662556433
2 3 0 210
563
564
565
566
567
568
569
570
571
572
573
574
575
576
577
578
579
580
581
582
583
584
585
586
587
588
589
590
591
592
593
594
595
596
597
598
599
600
601
602
603
604
605
606
607
608
609
610
611
612
613
614
615
616
617
618
619
620
621
622
623
624
625
626
627
628
629
630
631
632
633
634
635
636
637
638
639
640
641
642
643
644
645
646
647
648
649
650
651
652
653
654
655
656
657
658
659
660
661
662
663
664
665
666
667
668
669
670
671
672
673
674
675
676
677
678
679
680
681
682
683
684
685
686
687
688
689
690
691
692
693
694
695
696
697
698
699
700
701
702
703
704
705
706
707
708
709
710
711
712
713
714
715
716
717
718
719
720
721
722
723
724
725
726
727
728
729
730
731
732
733
734
735
736
737
738
739
740
741
742
743
744
745
746
747
748
749
750
751
752
753
754
755
756
757
758
759
760
761
762
763
764
765
766
767
768
769
770
771
772
1 -2.018001907755239e-06 -0.04796081868210436
1 -4.439604197061525e-06 -0.04551380110062959
1 -7.345526944229068e-06 -0.04257738000285986
1 -1.083263424083012e-05 -0.03905367468553618
1 -1.501716299675138e-05 -0.03482522830474778
1 -2.00385975038569e-05 -0.02975109264780169
1 -0.03391199317854109 -0.0339148470642078
1 -0.03217997812159746 -0.03218625667006439
1 -0.03010156005326511 -0.0301119481970923
1 -0.02760745837126629 -0.02762277802952579
1 -0.0246145363528677 -0.02463577382844599
1 -0.02102302993078939 -0.02105136878715021
1 0.04796081868210435 2.018001907593511e-06
1 0.04551380110062959 4.439604196909238e-06
1 0.04257738000285986 7.34552694408811e-06
1 0.03905367468553618 1.083263424070275e-05
1 0.03482522830474778 1.501716299664033e-05
1 0.02975109264780168 2.003859750376542e-05
1 0.01835567510296652 -0.0443092464869846
1 0.017421479284621 -0.0420475703206889
1 0.01630044430260639 -0.03933355892113404
1 0.01495520232418886 -0.03607674524166822
1 0.01334091195008781 -0.03216856882630924
1 0.01140376350116656 -0.02747875712787845
1 -2.018001907409549e-06 0.04796081868210436
1 -4.439604196734681e-06 0.04551380110062959
1 -7.34552694392484e-06 0.04257738000285986
1 -1.083263424055303e-05 0.03905367468553618
1 -1.501716299650686e-05 0.03482522830474778
1 -2.003859750365145e-05 0.02975109264780169
1 0.01835194632164855 0.04431079099877763
1 0.01741327596572108 0.04205096824663371
1 0.01628687153860811 0.03933918094406102
1 0.01493518622607254 0.03608503618097379
1 0.01331316385102987 0.0321800624652691
1 0.01136673700097865 0.02749409400642349
1 -0.0183519463216483 -0.04431079099877773
1 -0.01741327596572084 -0.04205096824663381
1 -0.01628687153860789 -0.03933918094406111
1 -0.01493518622607234 -0.03608503618097387
1 -0.01331316385102968 -0.03218006246526917
1 -0.01136673700097849 -0.02749409400642355
1 -0.0183556751029662 0.04430924648698473
1 -0.0174214792846207 0.04204757032068902
1 -0.01630044430260611 0.03933355892113415
1 -0.01495520232418859 0.03607674524166832
1 -0.01334091195008757 0.03216856882630932
1 -0.01140376350116635 0.02747875712787853
1 -0.03391484706420765 0.03391199317854124
1 -0.03218625667006425 0.0321799781215976
1 -0.03011194819709218 0.03010156005326525
1 -0.02762277802952568 0.02760745837126641
1 -0.02463577382844588 0.0246145363528678
1 -0.02105136878715013 0.02102302993078949
1 -0.04431079099877765 0.0183519463216485
1 -0.04205096824663374 0.01741327596572102
1 -0.03933918094406104 0.01628687153860806
1 -0.03608503618097381 0.0149351862260725
1 -0.03218006246526912 0.01331316385102982
1 -0.02749409400642351 0.01136673700097862
1 0.0339148470642078 -0.03391199317854109
1 0.0321862566700644 -0.03217997812159746
1 0.0301119481970923 -0.0301015600532651
1 0.0276227780295258 -0.02760745837126628
1 0.02463577382844599 -0.02461453635286769
1 0.02105136878715022 -0.02102302993078939
1 0.04430924648698467 0.01835567510296634
1 0.04204757032068896 0.01742147928462084
1 0.0393335589211341 0.01630044430260623
1 0.03607674524166828 0.01495520232418871
1 0.03216856882630928 0.01334091195008768
1 0.02747875712787849 0.01140376350116645
1 -0.04796081868210435 -2.018001907534547e-06
1 -0.04551380110062959 -4.439604196853477e-06
1 -0.04257738000285986 -7.345526944036193e-06
1 -0.03905367468553618 -1.083263424065546e-05
1 -0.03482522830474778 -1.501716299659857e-05
1 -0.02975109264780169 -2.00385975037303e-05
1 0.03391199317854122 0.03391484706420766
1 0.03217997812159759 0.03218625667006426
1 0.03010156005326522 0.03011194819709218
1 0.02760745837126639 0.02762277802952569
1 0.02461453635286779 0.02463577382844589
1 0.02102302993078948 0.02105136878715013
1 -0.04430924648698466 -0.01835567510296638
1 -0.04204757032068895 -0.01742147928462087
1 -0.0393335589211341 -0.01630044430260626
1 -0.03607674524166827 -0.01495520232418873
1 -0.03216856882630927 -0.0133409119500877
1 -0.02747875712787849 -0.01140376350116646
1 0.0443107909987777 -0.01835194632164839
1 0.04205096824663378 -0.01741327596572093
1 0.03933918094406108 -0.01628687153860797
1 0.03608503618097384 -0.01493518622607241
1 0.03218006246526915 -0.01331316385102975
1 0.02749409400642352 -0.01136673700097855
1 -0.001023411814320024 -0.02004676204298585
1 -0.04447571591838387 -0.009692354661886957
1 -0.04344445750790368 -0.009072331206764952
1 0.04183133822427169 -0.01461575918267932
1 0.04299601893633948 -0.007769160192829311
1 0.005039000806798713 -0.04090723926031176
1 0.005685917295762804 -0.03854867570584167
1 0.007372857512566789 0.0417015959928957
1 0.008595208808359327 0.03888662319124506
1 0.01488663258576405 0.01848543402506802
1 -0.02127654837130416 -0.0006873227414624569
1 0.01738438148724257 -0.01298601508038374
1 0.03686373788591388 -0.004198630407974603
1 -0.0348509393357683 -0.01070920075484717
1 0.02084302313646661 0.004116368183911114
1 0.04441301326635459 -0.002500970630165105
1 -0.04253290157463063 -0.01332685136530778
1 -0.04531136075469302 -0.005722058060938513
1 -0.005220701813432085 0.02026820770769584
1 0.03738527050058035 -0.01224248529285829
1 -0.04147206222947215 -0.003937751032534785
1 -0.01661953690619037 -0.01195001221002822
1 0.009074569380624101 -0.04076855741266646
1 0.004907315410693152 -0.03337907413565522
1 0.009622147831911777 0.03306770264208744
1 0.003609923180588821 0.04030634818663867
1 0.01099787979279366 0.0410937711909158
1 0.009943684755310505 -0.03420711259536564
1 0.002955270820978595 0.0360907420040794
1 0.03092571636040881 -0.008362665992501288
1 -0.03441307067354617 -0.003714729857729447
1 0.02167063337489676 -0.00287868872082372
1 0.01295356575611617 -0.001724794564064428
1 0.005372686625960562 -0.02601671322797361
1 0.005924787470760672 0.02789516253988863
1 -0.02982525496937695 -0.00487367581087836
1 0.01317006812855154 0.006208180073355789
1 0.008833466230642831 0.00315191615871931
1 0.006951349273754485 -0.006793960973863129
1 0.002800859480645161 -0.001239980980676873
1 -0.001231533515204979 0.00442673357954367
1 -0.005655760233221338 0.001032655353830475
1 -0.004666042346143485 -0.006440134850291499
1 0.01143684115606324 0.03640371261028488
1 0.003450536701303021 -0.03627392699699989
1 0.03968736998565266 -0.00334080423688622
1 0.0378321993874079 -0.006401793080577651
1 -0.03803291772560624 -0.01229866220178462
1 -0.03734953418300677 -0.008434049616162367
1 0.01431180725754893 -0.01671843470669212
1 0.03425231962107814 -0.01052521222629877
1 -0.03803517245825723 -0.003322956809007413
1 0.04242767165641201 -0.002955320218410617
1 0.04475717341123473 -0.005781995018865872
1 0.04272578138717735 -0.005764030441994143
1 -0.04118190691338421 -0.01351711278690723
1 -0.04168923540037529 -0.01150870834942466
1 0.03227117675341473 -0.003763714687138979
1 -0.006036823688275454 0.009549984068001645
1 -0.03185299965509478 -0.008412761427476118
1 0.007823887512435545 -0.03027317391678962
1 0.009779743058257316 -0.0217090900384241
1 0.004114105617207014 0.03235418034750355
1 0.003540509241310105 -0.03955096756246151
1 0.04002459704986533 -0.01355127602443296
1 0.04356573953877564 -0.01174445229436608
1 0.0409991799747435 -0.01100902275277243
1 0.03874929334991277 -0.009696709971793673
1 0.01199192105354188 0.03906785320163553
1 0.01078149573995566 -0.01198035206182793
1 -0.0444588935198981 -0.00386778789231662
1 -0.04388786575022432 -0.006495892587505026
1 -0.03929734552592269 -0.006395795495345781
1 0.01116369230613316 -0.03820471509528232
1 0.002134098318194476 0.03855471883191555
1 0.03398936312443205 -0.005891879773736276
1 -0.03533688752830695 -0.00652542493496601
1 0.007202530278225705 -0.03603309664429548
1 0.007200806554254749 0.03505785884505481
1 0.006379194581317537 -0.01715635768636907
1 0.001929971177405026 -0.0126911246748868
1 0.005522360077210153 -0.03715712734482345
1 0.007809084522379555 -0.03871835140012507
1 0.00911806256248047 0.03682122179853579
1 0.005659720518170191 0.03760006861520542
1 -0.01359495012320178 -0.003795261882739034
1 0.02726093081105323 -0.00463902829675223
1 0.01637626058492548 -0.006767107055252631
1 0.001544940201613212 0.02418266179259484
1 0.0001250260115194618 0.01411785143748726
1 0.004640183053639235 0.008271748383783516
1 0.04203182450855939 -0.009095732385277507
1 -0.04086489423646632 -0.007380909385914406
1 0.04308548585658317 -0.009783527294771112
1 -0.008386891904134849 -0.0165979920002886
1 -0.01249974011671382 0.01458237844200144
1 0.04335511853160028 -0.008133199235246726
1 -0.04295600357788496 -0.006416340744980729
1 -0.04241763233233862 -0.01120712878428507
1 0.008686179916794443 0.02312745162782834
1 0.01160613392382829 0.02282617233094797
1 0.01835572077568463 0.01133602568316201
1 -0.02387545391820966 -0.00757072990875544
1 0.003633537024229293 -0.0212909166553358
1 0.02282202474461345 -0.009832872800532699
1 0.0401612837397454 -0.006852809771158519
1 -0.01056231320716658 0.003465164159204899
1 0.02009511202345384 -0.01361407048461459
1 -0.04026303334669534 -0.009712138534550807
1 -0.01786334361506266 0.007115081837849873
1 0.0363018224339124 -0.008075842791555338
1 -0.0376056794341583 -0.005426860210106898
1 0.007250945114465371 0.01819773578578927
1 0.01100422391962318 0.01072850297764608
3 1 0 4200
773
774
775
776
777
778
779
780
781
782
783
784
785
786
787
788
789
790
791
792
793
794
795
796
797
798
799
800
801
802
803
804
805
806
807
808
809
810
811
812
813
814
815
816
817
818
819
820
821
822
823
824
825
826
827
828
829
830
831
832
833
834
835
836
837
838
839
840
841
842
843
844
845
846
847
848
849
850
851
852
853
854
855
856
857
858
859
860
861
862
863
864
865
866
867
868
869
870
871
872
873
874
875
876
877
878
879
880
881
882
883
884
885
886
887
888
889
890
891
892
893
894
895
896
897
898
899
900
901
902
903
904
905
906
907
908
909
910
911
912
913
914
915
916
917
918
919
920
921
922
923
924
925
926
927
928
929
930
931
932
933
934
935
936
937
938
939
940
941
942
943
944
945
946
947
948
949
950
951
952
953
954
955
956
957
958
959
960
961
962
963
964
965
966
967
968
969
970
971
972
973
974
975
976
977
978
979
980
981
982
983
984
985
986
987
988
989
990
991
992
993
994
995
996
997
998
999
1000
1001
1002
1003
1004
1005
1006
1007
1008
1009
1010
1011
1012
1013
1014
1015
1016
1017
1018
1019
1020
1021
1022
1023
1024
1025
1026
1027
1028
1029
1030
1031
1032
1033
1034
1035
1036
1037
1038
1039
1040
1041
1042
1043
1044
1045
1046
1047
1048
1049
1050
1051
1052
1053
1054
1055
1056
1057
1058
1059
1060
1061
1062
1063
1064
1065
1066
1067
1068
1069
1070
1071
1072
1073
1074
1075
1076
1077
1078
1079
1080
1081
1082
1083
1084
1085
1086
1087
1088
1089
1090
1091
1092
1093
1094
1095
1096
1097
1098
1099
1100
1101
1102
1103
1104
1105
1106
1107
1108
1109
1110
1111
1112
1113
1114
1115
1116
1117
1118
1119
1120
1121
1122
1123
1124
1125
1126
1127
1128
1129
1130
1131
1132
1133
1134
1135
1136
1137
1138
1139
1140
1141
1142
1143
1144
1145
1146
1147
1148
1149
1150
1151
1152
1153
1154
1155
1156
1157
1158
1159
1160
1161
1162
1163
1164
1165
1166
1167
1168
1169
1170
1171
1172
1173
1174
1175
1176
1177
1178
1179
1180
1181
1182
1183
1184
1185
1186
1187
1188
1189
1190
1191
1192
1193
1194
1195
1196
1197
1198
1199
1200
1201
1202
1203
1204
1205
1206
1207
1208
1209
1210
1211
1212
1213
1214
1215
1216
1217
1218
1219
1220
1221
1222
1223
1224
1225
1226
1227
1228
1229
1230
1231
1232
1233
1234
1235
1236
1237
1238
1239
1240
1241
1242
1243
1244
1245
1246
1247
1248
1249
1250
1251
1252
1253
1254
1255
1256
1257
1258
1259
1260
1261
1262
1263
1264
1265
1266
1267
1268
1269
1270
1271
1272
1273
1274
1275
1276
1277
1278
1279
1280
1281
1282
1283
1284
1285
1286
1287
1288
1289
1290
1291
1292
1293
1294
1295
1296
1297
1298
1299
1300
1301
1302
1303
1304
1305
1306
1307
1308
1309
1310
1311
1312
1313
1314
1315
1316
1317
1318
1319
1320
1321
1322
1323
1324
1325
1326
1327
1328
1329
1330
1331
1332
1333
1334
1335
1336
1337
1338
1339
1340
1341
1342
1343
1344
1345
1346
1347
1348
1349
1350
1351
1352
1353
1354
1355
1356
1357
1358
1359
1360
1361
1362
1363
1364
1365
1366
1367
1368
1369
1370
1371
1372
1373
1374
1375
1376
1377
1378
1379
1380
1381
1382
1383
1384
1385
1386
1387
1388
1389
1390
1391
1392
1393
1394
1395
1396
1397
1398
1399
1400
1401
1402
1403
1404
1405
1406
1407
1408
1409
1410
1411
1412
1413
1414
1415
1416
1417
1418
1419
1420
1421
1422
1423
1424
1425
1426
1427
1428
1429
1430
1431
1432
1433
1434
1435
1436
1437
1438
1439
1440
1441
1442
1443
1444
1445
1446
1447
1448
1449
1450
1451
1452
1453
1454
1455
1456
1457
1458
1459
1460
1461
1462
1463
1464
1465
1466
1467
1468
1469
1470
1471
1472
1473
1474
1475
1476
1477
1478
1479
1480
1481
1482
1483
1484
1485
1486
1487
1488
1489
1490
1491
1492
1493
1494
1495
1496
1497
1498
1499
1500
1501
1502
1503
1504
1505
1506
1507
1508
1509
1510
1511
1512
1513
1514
1515
1516
1517
1518
1519
1520
1521
1522
1523
1524
1525
1526
1527
1528
1529
1530
1531
1532
1533
1534
1535
1536
1537
1538
1539
1540
1541
1542
1543
1544
1545
1546
1547
1548
1549
1550
1551
1552
1553
1554
1555
1556
1557
1558
1559
1560
1561
1562
1563
1564
1565
1566
1567
1568
1569
1570
1571
1572
1573
1574
1575
1576
1577
1578
1579
1580
1581
1582
1583
1584
1585
1586
1587
1588
1589
1590
1591
1592
1593
1594
1595
1596
1597
1598
1599
1600
1601
1602
1603
1604
1605
1606
1607
1608
1609
1610
1611
1612
1613
1614
1615
1616
1617
1618
1619
1620
1621
1622
1623
1624
1625
1626
1627
1628
1629
1630
1631
1632
1633
1634
1635
1636
1637
1638
1639
1640
1641
1642
1643
1644
1645
1646
1647
1648
1649
1650
1651
1652
1653
1654
1655
1656
1657
1658
1659
1660
1661
1662
1663
1664
1665
1666
1667
1668
1669
1670
1671
1672
1673
1674
1675
1676
1677
1678
1679
1680
1681
1682
1683
1684
1685
1686
1687
1688
1689
1690
1691
1692
1693
1694
1695
1696
1697
1698
1699
1700
1701
1702
1703
1704
1705
1706
1707
1708
1709
1710
1711
1712
1713
1714
1715
1716
1717
1718
1719
1720
1721
1722
1723
1724
1725
1726
1727
1728
1729
1730
1731
1732
1733
1734
1735
1736
1737
1738
1739
1740
1741
1742
1743
1744
1745
1746
1747
1748
1749
1750
1751
1752
1753
1754
1755
1756
1757
1758
1759
1760
1761
1762
1763
1764
1765
1766
1767
1768
1769
1770
1771
1772
1773
1774
1775
1776
1777
1778
1779
1780
1781
1782
1783
1784
1785
1786
1787
1788
1789
1790
1791
1792
1793
1794
1795
1796
1797
1798
1799
1800
1801
1802
1803
1804
1805
1806
1807
1808
1809
1810
1811
1812
1813
1814
1815
1816
1817
1818
1819
1820
1821
1822
1823
1824
1825
1826
1827
1828
1829
1830
1831
1832
1833
1834
1835
1836
1837
1838
1839
1840
1841
1842
1843
1844
1845
1846
1847
1848
1849
1850
1851
1852
1853
1854
1855
1856
1857
1858
1859
1860
1861
1862
1863
1864
1865
1866
1867
1868
1869
1870
1871
1872
1873
1874
1875
1876
1877
1878
1879
1880
1881
1882
1883
1884
1885
1886
1887
1888
1889
1890
1891
1892
1893
1894
1895
1896
1897
1898
1899
1900
1901
1902
1903
1904
1905
1906
1907
1908
1909
1910
1911
1912
1913
1914
1915
1916
1917
1918
1919
1920
1921
1922
1923
1924
1925
1926
1927
1928
1929
1930
1931
1932
1933
1934
1935
1936
1937
1938
1939
1940
1941
1942
1943
1944
1945
1946
1947
1948
1949
1950
1951
1952
1953
1954
1955
1956
1957
1958
1959
1960
1961
1962
1963
1964
1965
1966
1967
1968
1969
1970
1971
1972
1973
1974
1975
1976
1977
1978
1979
1980
1981
1982
1983
1984
1985
1986
1987
1988
1989
1990
1991
1992
1993
1994
1995
1996
1997
1998
1999
2000
2001
2002
2003
2004
2005
2006
2007
2008
2009
2010
2011
2012
2013
2014
2015
2016
2017
2018
2019
2020
2021
2022
2023
2024
2025
2026
2027
2028
2029
2030
2031
2032
2033
2034
2035
2036
2037
2038
2039
2040
2041
2042
2043
2044
2045
2046
2047
2048
2049
2050
2051
2052
2053
2054
2055
2056
2057
2058
2059
2060
2061
2062
2063
2064
2065
2066
2067
2068
2069
2070
2071
2072
2073
2074
2075
2076
2077
2078
2079
2080
2081
2082
2083
2084
2085
2086
2087
2088
2089
2090
2091
2092
2093
2094
2095
2096
2097
2098
2099
2100
2101
2102
2103
2104
2105
2106
2107
2108
2109
2110
2111
2112
2113
2114
2115
2116
2117
2118
2119
2120
2121
2122
2123
2124
2125
2126
2127
2128
2129
2130
2131
2132
2133
2134
2135
2136
2137
2138
2139
2140
2141
2142
2143
2144
2145
2146
2147
2148
2149
2150
2151
2152
2153
2154
2155
2156
2157
2158
2159
2160
2161
2162
2163
2164
2165
2166
2167
2168
2169
2170
2171
2172
2173
2174
2175
2176
2177
2178
2179
2180
2181
2182
2183
2184
2185
2186
2187
2188
2189
2190
2191
2192
2193
2194
2195
2196
2197
2198
2199
2200
2201
2202
2203
2204
2205
2206
2207
2208
2209
2210
2211
2212
2213
2214
2215
2216
2217
2218
2219
2220
2221
2222
2223
2224
2225
2226
2227
2228
2229
2230
2231
2232
2233
2234
2235
2236
2237
2238
2239
2240
2241
2242
2243
2244
2245
2246
2247
2248
2249
2250
2251
2252
2253
2254
2255
2256
2257
2258
2259
2260
2261
2262
2263
2264
2265
2266
2267
2268
2269
2270
2271
2272
2273
2274
2275
2276
2277
2278
2279
2280
2281
2282
2283
2284
2285
2286
2287
2288
2289
2290
2291
2292
2293
2294
2295
2296
2297
2298
2299
2300
2301
2302
2303
2304
2305
2306
2307
2308
2309
2310
2311
2312
2313
2314
2315
2316
2317
2318
2319
2320
2321
2322
2323
2324
2325
2326
2327
2328
2329
2330
2331
2332
2333
2334
2335
2336
2337
2338
2339
2340
2341
2342
2343
2344
2345
2346
2347
2348
2349
2350
2351
2352
2353
2354
2355
2356
2357
2358
2359
2360
2361
2362
2363
2364
2365
2366
2367
2368
2369
2370
2371
2372
2373
2374
2375
2376
2377
2378
2379
2380
2381
2382
2383
2384
2385
2386
2387
2388
2389
2390
2391
2392
2393
2394
2395
2396
2397
2398
2399
2400
2401
2402
2403
2404
2405
2406
2407
2408
2409
2410
2411
2412
2413
2414
2415
2416
2417
2418
2419
2420
2421
2422
2423
2424
2425
2426
2427
2428
2429
2430
2431
2432
2433
2434
2435
2436
2437
2438
2439
2440
2441
2442
2443
2444
2445
2446
2447
2448
2449
2450
2451
2452
2453
2454
2455
2456
2457
2458
2459
2460
2461
2462
2463
2464
2465
2466
2467
2468
2469
2470
2471
2472
2473
2474
2475
2476
2477
2478
2479
2480
2481
2482
2483
2484
2485
2486
2487
2488
2489
2490
2491
2492
2493
2494
2495
2496
2497
2498
2499
2500
2501
2502
2503
2504
2505
2506
2507
2508
2509
2510
2511
2512
2513
2514
2515
2516
2517
2518
2519
2520
2521
2522
2523
2524
2525
2526
2527
2528
2529
2530
2531
2532
2533
2534
2535
2536
2537
2538
2539
2540
2541
2542
2543
2544
2545
2546
2547
2548
2549
2550
2551
2552
2553
2554
2555
2556
2557
2558
2559
2560
2561
2562
2563
2564
2565
2566
2567
2568
2569
2570
2571
2572
2573
2574
2575
2576
2577
2578
2579
2580
2581
2582
2583
2584
2585
2586
2587
2588
2589
2590
2591
2592
2593
2594
2595
2596
2597
2598
2599
2600
2601
2602
2603
2604
2605
2606
2607
2608
2609
2610
2611
2612
2613
2614
2615
2616
2617
2618
2619
2620
2621
2622
2623
2624
2625
2626
2627
2628
2629
2630
2631
2632
2633
2634
2635
2636
2637
2638
2639
2640
2641
2642
2643
2644
2645
2646
2647
2648
2649
2650
2651
2652
2653
2654
2655
2656
2657
2658
2659
2660
2661
2662
2663
2664
2665
2666
2667
2668
2669
2670
2671
2672
2673
2674
2675
2676
2677
2678
2679
2680
2681
2682
2683
2684
2685
2686
2687
2688
2689
2690
2691
2692
2693
2694
2695
2696
2697
2698
2699
2700
2701
2702
2703
2704
2705
2706
2707
2708
2709
2710
2711
2712
2713
2714
2715
2716
2717
2718
2719
2720
2721
2722
2723
2724
2725
2726
2727
2728
2729
2730
2731
2732
2733
2734
2735
2736
2737
2738
2739
2740
2741
2742
2743
2744
2745
2746
2747
2748
2749
2750
2751
2752
2753
2754
2755
2756
2757
2758
2759
2760
2761
2762
2763
2764
2765
2766
2767
2768
2769
2770
2771
2772
2773
2774
2775
2776
2777
2778
2779
2780
2781
2782
2783
2784
2785
2786
2787
2788
2789
2790
2791
2792
2793
2794
2795
2796
2797
2798
2799
2800
2801
2802
2803
2804
2805
2806
2807
2808
2809
2810
2811
2812
2813
2814
2815
2816
2817
2818
2819
2820
2821
2822
2823
2824
2825
2826
2827
2828
2829
2830
2831
2832
2833
2834
2835
2836
2837
2838
2839
2840
2841
2842
2843
2844
2845
2846
2847
2848
2849
2850
2851
2852
2853
2854
2855
2856
2857
2858
2859
2860
2861
2862
2863
2864
2865
2866
2867
2868
2869
2870
2871
2872
2873
2874
2875
2876
2877
2878
2879
2880
2881
2882
2883
2884
2885
2886
2887
2888
2889
2890
2891
2892
2893
2894
2895
2896
2897
2898
2899
2900
2901
2902
2903
2904
2905
2906
2907
2908
2909
2910
2911
2912
2913
2914
2915
2916
2917
2918
2919
2920
2921
2922
2923
2924
2925
2926
2927
2928
2929
2930
2931
2932
2933
2934
2935
2936
2937
2938
2939
2940
2941
2942
2943
2944
2945
2946
2947
2948
2949
2950
2951
2952
2953
2954
2955
2956
2957
2958
2959
2960
2961
2962
2963
2964
2965
2966
2967
2968
2969
2970
2971
2972
2973
2974
2975
2976
2977
2978
2979
2980
2981
2982
2983
2984
2985
2986
2987
2988
2989
2990
2991
2992
2993
2994
2995
2996
2997
2998
2999
3000
3001
3002
3003
3004
3005
3006
3007
3008
3009
3010
3011
3012
3013
3014
3015
3016
3017
3018
3019
3020
3021
3022
3023
3024
3025
3026
3027
3028
3029
3030
3031
3032
3033
3034
3035
3036
3037
3038
3039
3040
3041
3042
3043
3044
3045
3046
3047
3048
3049
3050
3051
3052
3053
3054
3055
3056
3057
3058
3059
3060
3061
3062
3063
3064
3065
3066
3067
3068
3069
3070
3071
3072
3073
3074
3075
3076
3077
3078
3079
3080
3081
3082
3083
3084
3085
3086
3087
3088
3089
3090
3091
3092
3093
3094
3095
3096
3097
3098
3099
3100
3101
3102
3103
3104
3105
3106
3107
3108
3109
3110
3111
3112
3113
3114
3115
3116
3117
3118
3119
3120
3121
3122
3123
3124
3125
3126
3127
3128
3129
3130
3131
3132
3133
3134
3135
3136
3137
3138
3139
3140
3141
3142
3143
3144
3145
3146
3147
3148
3149
3150
3151
3152
3153
3154
3155
3156
3157
3158
3159
3160
3161
3162
3163
3164
3165
3166
3167
3168
3169
3170
3171
3172
3173
3174
3175
3176
3177
3178
3179
3180
3181
3182
3183
3184
3185
3186
3187
3188
3189
3190
3191
3192
3193
3194
3195
3196
3197
3198
3199
3200
3201
3202
3203
3204
3205
3206
3207
3208
3209
3210
3211
3212
3213
3214
3215
3216
3217
3218
3219
3220
3221
3222
3223
3224
3225
3226
3227
3228
3229
3230
3231
3232
3233
3234
3235
3236
3237
3238
3239
3240
3241
3242
3243
3244
3245
3246
3247
3248
3249
3250
3251
3252
3253
3254
3255
3256
3257
3258
3259
3260
3261
3262
3263
3264
3265
3266
3267
3268
3269
3270
3271
3272
3273
3274
3275
3276
3277
3278
3279
3280
3281
3282
3283
3284
3285
3286
3287
3288
3289
3290
3291
3292
3293
3294
3295
3296
3297
3298
3299
3300
3301
3302
3303
3304
3305
3306
3307
3308
3309
3310
3311
3312
3313
3314
3315
3316
3317
3318
3319
3320
3321
3322
3323
3324
3325
3326
3327
3328
3329
3330
3331
3332
3333
3334
3335
3336
3337
3338
3339
3340
3341
3342
3343
3344
3345
3346
3347
3348
3349
3350
3351
3352
3353
3354
3355
3356
3357
3358
3359
3360
3361
3362
3363
3364
3365
3366
3367
3368
3369
3370
3371
3372
3373
3374
3375
3376
3377
3378
3379
3380
3381
3382
3383
3384
3385
3386
3387
3388
3389
3390
3391
3392
3393
3394
3395
3396
3397
3398
3399
3400
3401
3402
3403
3404
3405
3406
3407
3408
3409
3410
3411
3412
3413
3414
3415
3416
3417
3418
3419
3420
3421
3422
3423
3424
3425
3426
3427
3428
3429
3430
3431
3432
3433
3434
3435
3436
3437
3438
3439
3440
3441
3442
3443
3444
3445
3446
3447
3448
3449
3450
3451
3452
3453
3454
3455
3456
3457
3458
3459
3460
3461
3462
3463
3464
3465
3466
3467
3468
3469
3470
3471
3472
3473
3474
3475
3476
3477
3478
3479
3480
3481
3482
3483
3484
3485
3486
3487
3488
3489
3490
3491
3492
3493
3494
3495
3496
3497
3498
3499
3500
3501
3502
3503
3504
3505
3506
3507
3508
3509
3510
3511
3512
3513
3514
3515
3516
3517
3518
3519
3520
3521
3522
3523
3524
3525
3526
3527
3528
3529
3530
3531
3532
3533
3534
3535
3536
3537
3538
3539
3540
3541
3542
3543
3544
3545
3546
3547
3548
3549
3550
3551
3552
3553
3554
3555
3556
3557
3558
3559
3560
3561
3562
3563
3564
3565
3566
3567
3568
3569
3570
3571
3572
3573
3574
3575
3576
3577
3578
3579
3580
3581
3582
3583
3584
3585
3586
3587
3588
3589
3590
3591
3592
3593
3594
3595
3596
3597
3598
3599
3600
3601
3602
3603
3604
3605
3606
3607
3608
3609
3610
3611
3612
3613
3614
3615
3616
3617
3618
3619
3620
3621
3622
3623
3624
3625
3626
3627
3628
3629
3630
3631
3632
3633
3634
3635
3636
3637
3638
3639
3640
3641
3642
3643
3644
3645
3646
3647
3648
3649
3650
3651
3652
3653
3654
3655
3656
3657
3658
3659
3660
3661
3662
3663
3664
3665
3666
3667
3668
3669
3670
3671
3672
3673
3674
3675
3676
3677
3678
3679
3680
3681
3682
3683
3684
3685
3686
3687
3688
3689
3690
3691
3692
3693
3694
3695
3696
3697
3698
3699
3700
3701
3702
3703
3704
3705
3706
3707
3708
3709
3710
3711
3712
3713
3714
3715
3716
3717
3718
3719
3720
3721
3722
3723
3724
3725
3726
3727
3728
3729
3730
3731
3732
3733
3734
3735
3736
3737
3738
3739
3740
3741
3742
3743
3744
3745
3746
3747
3748
3749
3750
3751
3752
3753
3754
3755
3756
3757
3758
3759
3760
3761
3762
3763
3764
3765
3766
3767
3768
3769
3770
3771
3772
3773
3774
3775
3776
3777
3778
3779
3780
3781
3782
3783
3784
3785
3786
3787
3788
3789
3790
3791
3792
3793
3794
3795
3796
3797
3798
3799
3800
3801
3802
3803
3804
3805
3806
3807
3808
3809
3810
3811
3812
3813
3814
3815
3816
3817
3818
3819
3820
3821
3822
3823
3824
3825
3826
3827
3828
3829
3830
3831
3832
3833
3834
3835
3836
3837
3838
3839
3840
3841
3842
3843
3844
3845
3846
3847
3848
3849
3850
3851
3852
3853
3854
3855
3856
3857
3858
3859
3860
3861
3862
3863
3864
3865
3866
3867
3868
3869
3870
3871
3872
3873
3874
3875
3876
3877
3878
3879
3880
3881
3882
3883
3884
3885
3886
3887
3888
3889
3890
3891
3892
3893
3894
3895
3896
3897
3898
3899
3900
3901
3902
3903
3904
3905
3906
3907
3908
3909
3910
3911
3912
3913
3914
3915
3916
3917
3918
3919
3920
3921
3922
3923
3924
3925
3926
3927
3928
3929
3930
3931
3932
3933
3934
3935
3936
3937
3938
3939
3940
3941
3942
3943
3944
3945
3946
3947
3948
3949
3950
3951
3952
3953
3954
3955
3956
3957
3958
3959
3960
3961
3962
3963
3964
3965
3966
3967
3968
3969
3970
3971
3972
3973
3974
3975
3976
3977
3978
3979
3980
3981
3982
3983
3984
3985
3986
3987
3988
3989
3990
3991
3992
3993
3994
3995
3996
3997
3998
3999
4000
4001
4002
4003
4004
4005
4006
4007
4008
4009
4010
4011
4012
4013
4014
4015
4016
4017
4018
4019
4020
4021
4022
4023
4024
4025
4026
4027
4028
4029
4030
4031
4032
4033
4034
4035
4036
4037
4038
4039
4040
4041
4042
4043
4044
4045
4046
4047
4048
4049
4050
4051
4052
4053
4054
4055
4056
4057
4058
4059
4060
4061
4062
4063
4064
4065
4066
4067
4068
4069
4070
4071
4072
4073
4074
4075
4076
4077
4078
4079
4080
4081
4082
4083
4084
4085
4086
4087
4088
4089
4090
4091
4092
4093
4094
4095
4096
4097
4098
4099
4100
4101
4102
4103
4104
4105
4106
4107
4108
4109
4110
4111
4112
4113
4114
4115
4116
4117
4118
4119
4120
4121
4122
4123
4124
4125
4126
4127
4128
4129
4130
4131
4132
4133
4134
4135
4136
4137
4138
4139
4140
4141
4142
4143
4144
4145
4146
4147
4148
4149
4150
4151
4152
4153
4154
4155
4156
4157
4158
4159
4160
4161
4162
4163
4164
4165
4166
4167
4168
4169
4170
4171
4172
4173
4174
4175
4176
4177
4178
4179
4180
4181
4182
4183
4184
4185
4186
4187
4188
4189
4190
4191
4192
4193
4194
4195
4196
4197
4198
4199
4200
4201
4202
4203
4204
4205
4206
4207
4208
4209
4210
4211
4212
4213
4214
4215
4216
4217
4218
4219
4220
4221
4222
4223
4224
4225
4226
4227
4228
4229
4230
4231
4232
4233
4234
4235
4236
4237
4238
4239
4240
4241
4242
4243
4244
4245
4246
4247
4248
4249
4250
4251
4252
4253
4254
4255
4256
4257
4258
4259
4260
4261
4262
4263
4264
4265
4266
4267
4268
4269
4270
4271
4272
4273
4274
4275
4276
4277
4278
4279
4280
4281
4282
4283
4284
4285
4286
4287
4288
4289
4290
4291
4292
4293
4294
4295
4296
4297
4298
4299
4300
4301
4302
4303
4304
4305
4306
4307
4308
4309
4310
4311
4312
4313
4314
4315
4316
4317
4318
4319
4320
4321
4322
4323
4324
4325
4326
4327
4328
4329
4330
4331
4332
4333
4334
4335
4336
4337
4338
4339
4340
4341
4342
4343
4344
4345
4346
4347
4348
4349
4350
4351
4352
4353
4354
4355
4356
4357
4358
4359
4360
4361
4362
4363
4364
4365
4366
4367
4368
4369
4370
4371
4372
4373
4374
4375
4376
4377
4378
4379
4380
4381
4382
4383
4384
4385
4386
4387
4388
4389
4390
4391
4392
4393
4394
4395
4396
4397
4398
4399
4400
4401
4402
4403
4404
4405
4406
4407
4408
4409
4410
4411
4412
4413
4414
4415
4416
4417
4418
4419
4420
4421
4422
4423
4424
4425
4426
4427
4428
4429
4430
4431
4432
4433
4434
4435
4436
4437
4438
4439
4440
4441
4442
4443
4444
4445
4446
4447
4448
4449
4450
4451
4452
4453
4454
4455
4456
4457
4458
4459
4460
4461
4462
4463
4464
4465
4466
4467
4468
4469
4470
4471
4472
4473
4474
4475
4476
4477
4478
4479
4480
4481
4482
4483
4484
4485
4486
4487
4488
4489
4490
4491
4492
4493
4494
4495
4496
4497
4498
4499
4500
4501
4502
4503
4504
4505
4506
4507
4508
4509
4510
4511
4512
4513
4514
4515
4516
4517
4518
4519
4520
4521
4522
4523
4524
4525
4526
4527
4528
4529
4530
4531
4532
4533
4534
4535
4536
4537
4538
4539
4540
4541
4542
4543
4544
4545
4546
4547
4548
4549
4550
4551
4552
4553
4554
4555
4556
4557
4558
4559
4560
4561
4562
4563
4564
4565
4566
4567
4568
4569
4570
4571
4572
4573
4574
4575
4576
4577
4578
4579
4580
4581
4582
4583
4584
4585
4586
4587
4588
4589
4590
4591
4592
4593
4594
4595
4596
4597
4598
4599
4600
4601
4602
4603
4604
4605
4606
4607
4608
4609
4610
4611
4612
4613
4614
4615
4616
4617
4618
4619
4620
4621
4622
4623
4624
4625
4626
4627
4628
4629
4630
4631
4632
4633
4634
4635
4636
4637
4638
4639
4640
4641
4642
4643
4644
4645
4646
4647
4648
4649
4650
4651
4652
4653
4654
4655
4656
4657
4658
4659
4660
4661
4662
4663
4664
4665
4666
4667
4668
4669
4670
4671
4672
4673
4674
4675
4676
4677
4678
4679
4680
4681
4682
4683
4684
4685
4686
4687
4688
4689
4690
4691
4692
4693
4694
4695
4696
4697
4698
4699
4700
4701
4702
4703
4704
4705
4706
4707
4708
4709
4710
4711
4712
4713
4714
4715
4716
4717
4718
4719
4720
4721
4722
4723
4724
4725
4726
4727
4728
4729
4730
4731
4732
4733
4734
4735
4736
4737
4738
4739
4740
4741
4742
4743
4744
4745
4746
4747
4748
4749
4750
4751
4752
4753
4754
4755
4756
4757
4758
4759
4760
4761
4762
4763
4764
4765
4766
4767
4768
4769
4770
4771
4772
4773
4774
4775
4776
4777
4778
4779
4780
4781
4782
4783
4784
4785
4786
4787
4788
4789
4790
4791
4792
4793
4794
4795
4796
4797
4798
4799
4800
4801
4802
4803
4804
4805
4806
4807
4808
4809
4810
4811
4812
4813
4814
4815
4816
4817
4818
4819
4820
4821
4822
4823
4824
4825
4826
4827
4828
4829
4830
4831
4832
4833
4834
4835
4836
4837
4838
4839
4840
4841
4842
4843
4844
4845
4846
4847
4848
4849
4850
4851
4852
4853
4854
4855
4856
4857
4858
4859
4860
4861
4862
4863
4864
4865
4866
4867
4868
4869
4870
4871
4872
4873
4874
4875
4876
4877
4878
4879
4880
4881
4882
4883
4884
4885
4886
4887
4888
4889
4890
4891
4892
4893
4894
4895
4896
4897
4898
4899
4900
4901
4902
4903
4904
4905
4906
4907
4908
4909
4910
4911
4912
4913
4914
4915
4916
4917
4918
4919
4920
4921
4922
4923
4924
4925
4926
4927
4928
4929
4930
4931
4932
4933
4934
4935
4936
4937
4938
4939
4940
4941
4942
4943
4944
4945
4946
4947
4948
4949
4950
4951
4952
4953
4954
4955
4956
4957
4958
4959
4960
4961
4962
4963
4964
4965
4966
4967
4968
4969
4970
4971
4972
0.04761904761904762 -2.018001907755239e-06 -0.04796081868210436
0.09523809523809523 -2.018001907755239e-06 -0.04796081868210436
0.1428571428571428 -2.018001907755239e-06 -0.04796081868210436
0.1904761904761905 -2.018001907755239e-06 -0.04796081868210436
0.2380952380952381 -2.018001907755239e-06 -0.04796081868210436
0.2857142857142857 -2.018001907755239e-06 -0.04796081868210436
0.3333333333333333 -2.018001907755239e-06 -0.04796081868210436
0.3809523809523809 -2.018001907755239e-06 -0.04796081868210436
0.4285714285714285 -2.018001907755239e-06 -0.04796081868210436
0.4761904761904762 -2.018001907755239e-06 -0.04796081868210436
0.5238095238095238 -2.018001907755239e-06 -0.04796081868210436
0.5714285714285714 -2.018001907755239e-06 -0.04796081868210436
0.6190476190476191 -2.018001907755239e-06 -0.04796081868210436
0.6666666666666666 -2.018001907755239e-06 -0.04796081868210436
0.7142857142857143 -2.018001907755239e-06 -0.04796081868210436
0.7619047619047619 -2.018001907755239e-06 -0.04796081868210436
0.8095238095238095 -2.018001907755239e-06 -0.04796081868210436
0.8571428571428571 -2.018001907755239e-06 -0.04796081868210436
0.9047619047619048 -2.018001907755239e-06 -0.04796081868210436
0.9523809523809523 -2.018001907755239e-06 -0.04796081868210436
0.04761904761904762 -4.439604197061525e-06 -0.04551380110062959
0.09523809523809523 -4.439604197061525e-06 -0.04551380110062959
0.1428571428571428 -4.439604197061525e-06 -0.04551380110062959
0.1904761904761905 -4.439604197061525e-06 -0.04551380110062959
0.2380952380952381 -4.439604197061525e-06 -0.04551380110062959
0.2857142857142857 -4.439604197061525e-06 -0.04551380110062959
0.3333333333333333 -4.439604197061525e-06 -0.04551380110062959
0.3809523809523809 -4.439604197061525e-06 -0.04551380110062959
0.4285714285714285 -4.439604197061525e-06 -0.04551380110062959
0.4761904761904762 -4.439604197061525e-06 -0.04551380110062959
0.5238095238095238 -4.439604197061525e-06 -0.04551380110062959
0.5714285714285714 -4.439604197061525e-06 -0.04551380110062959
0.6190476190476191 -4.439604197061525e-06 -0.04551380110062959
0.6666666666666666 -4.439604197061525e-06 -0.04551380110062959
0.7142857142857143 -4.439604197061525e-06 -0.04551380110062959
0.7619047619047619 -4.439604197061525e-06 -0.04551380110062959
0.8095238095238095 -4.439604197061525e-06 -0.04551380110062959
0.8571428571428571 -4.439604197061525e-06 -0.04551380110062959
0.9047619047619048 -4.439604197061525e-06 -0.04551380110062959
0.9523809523809523 -4.439604197061525e-06 -0.04551380110062959
0.04761904761904762 -7.345526944229068e-06 -0.04257738000285986
0.09523809523809523 -7.345526944229068e-06 -0.04257738000285986
0.1428571428571428 -7.345526944229068e-06 -0.04257738000285986
0.1904761904761905 -7.345526944229068e-06 -0.04257738000285986
0.2380952380952381 -7.345526944229068e-06 -0.04257738000285986
0.2857142857142857 -7.345526944229068e-06 -0.04257738000285986
0.3333333333333333 -7.345526944229068e-06 -0.04257738000285986
0.3809523809523809 -7.345526944229068e-06 -0.04257738000285986
0.4285714285714285 -7.345526944229068e-06 -0.04257738000285986
0.4761904761904762 -7.345526944229068e-06 -0.04257738000285986
0.5238095238095238 -7.345526944229068e-06 -0.04257738000285986
0.5714285714285714 -7.345526944229068e-06 -0.04257738000285986
0.6190476190476191 -7.345526944229068e-06 -0.04257738000285986
0.6666666666666666 -7.345526944229068e-06 -0.04257738000285986
0.7142857142857143 -7.345526944229068e-06 -0.04257738000285986
0.7619047619047619 -7.345526944229068e-06 -0.04257738000285986
0.8095238095238095 -7.345526944229068e-06 -0.04257738000285986
0.8571428571428571 -7.345526944229068e-06 -0.04257738000285986
0.9047619047619048 -7.345526944229068e-06 -0.04257738000285986
0.9523809523809523 -7.345526944229068e-06 -0.04257738000285986
0.04761904761904762 -1.083263424083012e-05 -0.03905367468553618
0.09523809523809523 -1.083263424083012e-05 -0.03905367468553618
0.1428571428571428 -1.083263424083012e-05 -0.03905367468553618
0.1904761904761905 -1.083263424083012e-05 -0.03905367468553618
0.2380952380952381 -1.083263424083012e-05 -0.03905367468553618
0.2857142857142857 -1.083263424083012e-05 -0.03905367468553618
0.3333333333333333 -1.083263424083012e-05 -0.03905367468553618
0.3809523809523809 -1.083263424083012e-05 -0.03905367468553618
0.4285714285714285 -1.083263424083012e-05 -0.03905367468553618
0.4761904761904762 -1.083263424083012e-05 -0.03905367468553618
0.5238095238095238 -1.083263424083012e-05 -0.03905367468553618
0.5714285714285714 -1.083263424083012e-05 -0.03905367468553618
0.6190476190476191 -1.083263424083012e-05 -0.03905367468553618
0.6666666666666666 -1.083263424083012e-05 -0.03905367468553618
0.7142857142857143 -1.083263424083012e-05 -0.03905367468553618
0.7619047619047619 -1.083263424083012e-05 -0.03905367468553618
0.8095238095238095 -1.083263424083012e-05 -0.03905367468553618
0.8571428571428571 -1.083263424083012e-05 -0.03905367468553618
0.9047619047619048 -1.083263424083012e-05 -0.03905367468553618
0.9523809523809523 -1.083263424083012e-05 -0.03905367468553618
0.04761904761904762 -1.501716299675138e-05 -0.03482522830474778
0.09523809523809523 -1.501716299675138e-05 -0.03482522830474778
0.1428571428571428 -1.501716299675138e-05 -0.03482522830474778
0.1904761904761905 -1.501716299675138e-05 -0.03482522830474778
0.2380952380952381 -1.501716299675138e-05 -0.03482522830474778
0.2857142857142857 -1.501716299675138e-05 -0.03482522830474778
0.3333333333333333 -1.501716299675138e-05 -0.03482522830474778
0.3809523809523809 -1.501716299675138e-05 -0.03482522830474778
0.4285714285714285 -1.501716299675138e-05 -0.03482522830474778
0.4761904761904762 -1.501716299675138e-05 -0.03482522830474778
0.5238095238095238 -1.501716299675138e-05 -0.03482522830474778
0.5714285714285714 -1.501716299675138e-05 -0.03482522830474778
0.6190476190476191 -1.501716299675138e-05 -0.03482522830474778
0.6666666666666666 -1.501716299675138e-05 -0.03482522830474778
0.7142857142857143 -1.501716299675138e-05 -0.03482522830474778
0.7619047619047619 -1.501716299675138e-05 -0.03482522830474778
0.8095238095238095 -1.501716299675138e-05 -0.03482522830474778
0.8571428571428571 -1.501716299675138e-05 -0.03482522830474778
0.9047619047619048 -1.501716299675138e-05 -0.03482522830474778
0.9523809523809523 -1.501716299675138e-05 -0.03482522830474778
0.04761904761904762 -2.00385975038569e-05 -0.02975109264780169
0.09523809523809523 -2.00385975038569e-05 -0.02975109264780169
0.1428571428571428 -2.00385975038569e-05 -0.02975109264780169
0.1904761904761905 -2.00385975038569e-05 -0.02975109264780169
0.2380952380952381 -2.00385975038569e-05 -0.02975109264780169
0.2857142857142857 -2.00385975038569e-05 -0.02975109264780169
0.3333333333333333 -2.00385975038569e-05 -0.02975109264780169
0.3809523809523809 -2.00385975038569e-05 -0.02975109264780169
0.4285714285714285 -2.00385975038569e-05 -0.02975109264780169
0.4761904761904762 -2.00385975038569e-05 -0.02975109264780169
0.5238095238095238 -2.00385975038569e-05 -0.02975109264780169
0.5714285714285714 -2.00385975038569e-05 -0.02975109264780169
0.6190476190476191 -2.00385975038569e-05 -0.02975109264780169
0.6666666666666666 -2.00385975038569e-05 -0.02975109264780169
0.7142857142857143 -2.00385975038569e-05 -0.02975109264780169
0.7619047619047619 -2.00385975038569e-05 -0.02975109264780169
0.8095238095238095 -2.00385975038569e-05 -0.02975109264780169
0.8571428571428571 -2.00385975038569e-05 -0.02975109264780169
0.9047619047619048 -2.00385975038569e-05 -0.02975109264780169
0.9523809523809523 -2.00385975038569e-05 -0.02975109264780169
0.04761904761904762 -0.03391199317854109 -0.0339148470642078
0.09523809523809523 -0.03391199317854109 -0.0339148470642078
0.1428571428571428 -0.03391199317854109 -0.0339148470642078
0.1904761904761905 -0.03391199317854109 -0.0339148470642078
0.2380952380952381 -0.03391199317854109 -0.0339148470642078
0.2857142857142857 -0.03391199317854109 -0.0339148470642078
0.3333333333333333 -0.03391199317854109 -0.0339148470642078
0.3809523809523809 -0.03391199317854109 -0.0339148470642078
0.4285714285714285 -0.03391199317854109 -0.0339148470642078
0.4761904761904762 -0.03391199317854109 -0.0339148470642078
0.5238095238095238 -0.03391199317854109 -0.0339148470642078
0.5714285714285714 -0.03391199317854109 -0.0339148470642078
0.6190476190476191 -0.03391199317854109 -0.0339148470642078
0.6666666666666666 -0.03391199317854109 -0.0339148470642078
0.7142857142857143 -0.03391199317854109 -0.0339148470642078
0.7619047619047619 -0.03391199317854109 -0.0339148470642078
0.8095238095238095 -0.03391199317854109 -0.0339148470642078
0.8571428571428571 -0.03391199317854109 -0.0339148470642078
0.9047619047619048 -0.03391199317854109 -0.0339148470642078
0.9523809523809523 -0.03391199317854109 -0.0339148470642078
0.04761904761904762 -0.03217997812159746 -0.03218625667006439
0.09523809523809523 -0.03217997812159746 -0.03218625667006439
0.1428571428571428 -0.03217997812159746 -0.03218625667006439
0.1904761904761905 -0.03217997812159746 -0.03218625667006439
0.2380952380952381 -0.03217997812159746 -0.03218625667006439
0.2857142857142857 -0.03217997812159746 -0.03218625667006439
0.3333333333333333 -0.03217997812159746 -0.03218625667006439
0.3809523809523809 -0.03217997812159746 -0.03218625667006439
0.4285714285714285 -0.03217997812159746 -0.03218625667006439
0.4761904761904762 -0.03217997812159746 -0.03218625667006439
0.5238095238095238 -0.03217997812159746 -0.03218625667006439
0.5714285714285714 -0.03217997812159746 -0.03218625667006439
0.6190476190476191 -0.03217997812159746 -0.03218625667006439
0.6666666666666666 -0.03217997812159746 -0.03218625667006439
0.7142857142857143 -0.03217997812159746 -0.03218625667006439
0.7619047619047619 -0.03217997812159746 -0.03218625667006439
0.8095238095238095 -0.03217997812159746 -0.03218625667006439
0.8571428571428571 -0.03217997812159746 -0.03218625667006439
0.9047619047619048 -0.03217997812159746 -0.03218625667006439
0.9523809523809523 -0.03217997812159746 -0.03218625667006439
0.04761904761904762 -0.03010156005326511 -0.0301119481970923
0.09523809523809523 -0.03010156005326511 -0.0301119481970923
0.1428571428571428 -0.03010156005326511 -0.0301119481970923
0.1904761904761905 -0.03010156005326511 -0.0301119481970923
0.2380952380952381 -0.03010156005326511 -0.0301119481970923
0.2857142857142857 -0.03010156005326511 -0.0301119481970923
0.3333333333333333 -0.03010156005326511 -0.0301119481970923
0.3809523809523809 -0.03010156005326511 -0.0301119481970923
0.4285714285714285 -0.03010156005326511 -0.0301119481970923
0.4761904761904762 -0.03010156005326511 -0.0301119481970923
0.5238095238095238 -0.03010156005326511 -0.0301119481970923
0.5714285714285714 -0.03010156005326511 -0.0301119481970923
0.6190476190476191 -0.03010156005326511 -0.0301119481970923
0.6666666666666666 -0.03010156005326511 -0.0301119481970923
0.7142857142857143 -0.03010156005326511 -0.0301119481970923
0.7619047619047619 -0.03010156005326511 -0.0301119481970923
0.8095238095238095 -0.03010156005326511 -0.0301119481970923
0.8571428571428571 -0.03010156005326511 -0.0301119481970923
0.9047619047619048 -0.03010156005326511 -0.0301119481970923
0.9523809523809523 -0.03010156005326511 -0.0301119481970923
0.04761904761904762 -0.02760745837126629 -0.02762277802952579
0.09523809523809523 -0.02760745837126629 -0.02762277802952579
0.1428571428571428 -0.02760745837126629 -0.02762277802952579
0.1904761904761905 -0.02760745837126629 -0.02762277802952579
0.2380952380952381 -0.02760745837126629 -0.02762277802952579
0.2857142857142857 -0.02760745837126629 -0.02762277802952579
0.3333333333333333 -0.02760745837126629 -0.02762277802952579
0.3809523809523809 -0.02760745837126629 -0.02762277802952579
0.4285714285714285 -0.02760745837126629 -0.02762277802952579
0.4761904761904762 -0.02760745837126629 -0.02762277802952579
0.5238095238095238 -0.02760745837126629 -0.02762277802952579
0.5714285714285714 -0.02760745837126629 -0.02762277802952579
0.6190476190476191 -0.02760745837126629 -0.02762277802952579
0.6666666666666666 -0.02760745837126629 -0.02762277802952579
0.7142857142857143 -0.02760745837126629 -0.02762277802952579
0.7619047619047619 -0.02760745837126629 -0.02762277802952579
0.8095238095238095 -0.02760745837126629 -0.02762277802952579
0.8571428571428571 -0.02760745837126629 -0.02762277802952579
0.9047619047619048 -0.02760745837126629 -0.02762277802952579
0.9523809523809523 -0.02760745837126629 -0.02762277802952579
0.04761904761904762 -0.0246145363528677 -0.02463577382844599
0.09523809523809523 -0.0246145363528677 -0.02463577382844599
0.1428571428571428 -0.0246145363528677 -0.02463577382844599
0.1904761904761905 -0.0246145363528677 -0.02463577382844599
0.2380952380952381 -0.0246145363528677 -0.02463577382844599
0.2857142857142857 -0.0246145363528677 -0.02463577382844599
0.3333333333333333 -0.0246145363528677 -0.02463577382844599
0.3809523809523809 -0.0246145363528677 -0.02463577382844599
0.4285714285714285 -0.0246145363528677 -0.02463577382844599
0.4761904761904762 -0.0246145363528677 -0.02463577382844599
0.5238095238095238 -0.0246145363528677 -0.02463577382844599
0.5714285714285714 -0.0246145363528677 -0.02463577382844599
0.6190476190476191 -0.0246145363528677 -0.02463577382844599
0.6666666666666666 -0.0246145363528677 -0.02463577382844599
0.7142857142857143 -0.0246145363528677 -0.02463577382844599
0.7619047619047619 -0.0246145363528677 -0.02463577382844599
0.8095238095238095 -0.0246145363528677 -0.02463577382844599
0.8571428571428571 -0.0246145363528677 -0.02463577382844599
0.9047619047619048 -0.0246145363528677 -0.02463577382844599
0.9523809523809523 -0.0246145363528677 -0.02463577382844599
0.04761904761904762 -0.02102302993078939 -0.02105136878715021
0.09523809523809523 -0.02102302993078939 -0.02105136878715021
0.1428571428571428 -0.02102302993078939 -0.02105136878715021
0.1904761904761905 -0.02102302993078939 -0.02105136878715021
0.2380952380952381 -0.02102302993078939 -0.02105136878715021
0.2857142857142857 -0.02102302993078939 -0.02105136878715021
0.3333333333333333 -0.02102302993078939 -0.02105136878715021
0.3809523809523809 -0.02102302993078939 -0.02105136878715021
0.4285714285714285 -0.02102302993078939 -0.02105136878715021
0.4761904761904762 -0.02102302993078939 -0.02105136878715021
0.5238095238095238 -0.02102302993078939 -0.02105136878715021
0.5714285714285714 -0.02102302993078939 -0.02105136878715021
0.6190476190476191 -0.02102302993078939 -0.02105136878715021
0.6666666666666666 -0.02102302993078939 -0.02105136878715021
0.7142857142857143 -0.02102302993078939 -0.02105136878715021
0.7619047619047619 -0.02102302993078939 -0.02105136878715021
0.8095238095238095 -0.02102302993078939 -0.02105136878715021
0.8571428571428571 -0.02102302993078939 -0.02105136878715021
0.9047619047619048 -0.02102302993078939 -0.02105136878715021
0.9523809523809523 -0.02102302993078939 -0.02105136878715021
0.04761904761904762 0.04796081868210435 2.018001907593511e-06
0.09523809523809523 0.04796081868210435 2.018001907593511e-06
0.1428571428571428 0.04796081868210435 2.018001907593511e-06
0.1904761904761905 0.04796081868210435 2.018001907593511e-06
0.2380952380952381 0.04796081868210435 2.018001907593511e-06
0.2857142857142857 0.04796081868210435 2.018001907593511e-06
0.3333333333333333 0.04796081868210435 2.018001907593511e-06
0.3809523809523809 0.04796081868210435 2.018001907593511e-06
0.4285714285714285 0.04796081868210435 2.018001907593511e-06
0.4761904761904762 0.04796081868210435 2.018001907593511e-06
0.5238095238095238 0.04796081868210435 2.018001907593511e-06
0.5714285714285714 0.04796081868210435 2.018001907593511e-06
0.6190476190476191 0.04796081868210435 2.018001907593511e-06
0.6666666666666666 0.04796081868210435 2.018001907593511e-06
0.7142857142857143 0.04796081868210435 2.018001907593511e-06
0.7619047619047619 0.04796081868210435 2.018001907593511e-06
0.8095238095238095 0.04796081868210435 2.018001907593511e-06
0.8571428571428571 0.04796081868210435 2.018001907593511e-06
0.9047619047619048 0.04796081868210435 2.018001907593511e-06
0.9523809523809523 0.04796081868210435 2.018001907593511e-06
0.04761904761904762 0.04551380110062959 4.439604196909238e-06
0.09523809523809523 0.04551380110062959 4.439604196909238e-06
0.1428571428571428 0.04551380110062959 4.439604196909238e-06
0.1904761904761905 0.04551380110062959 4.439604196909238e-06
0.2380952380952381 0.04551380110062959 4.439604196909238e-06
0.2857142857142857 0.04551380110062959 4.439604196909238e-06
0.3333333333333333 0.04551380110062959 4.439604196909238e-06
0.3809523809523809 0.04551380110062959 4.439604196909238e-06
0.4285714285714285 0.04551380110062959 4.439604196909238e-06
0.4761904761904762 0.04551380110062959 4.439604196909238e-06
0.5238095238095238 0.04551380110062959 4.439604196909238e-06
0.5714285714285714 0.04551380110062959 4.439604196909238e-06
0.6190476190476191 0.04551380110062959 4.439604196909238e-06
0.6666666666666666 0.04551380110062959 4.439604196909238e-06
0.7142857142857143 0.04551380110062959 4.439604196909238e-06
0.7619047619047619 0.04551380110062959 4.439604196909238e-06
0.8095238095238095 0.04551380110062959 4.439604196909238e-06
0.8571428571428571 0.04551380110062959 4.439604196909238e-06
0.9047619047619048 0.04551380110062959 4.439604196909238e-06
0.9523809523809523 0.04551380110062959 4.439604196909238e-06
0.04761904761904762 0.04257738000285986 7.34552694408811e-06
0.09523809523809523 0.04257738000285986 7.34552694408811e-06
0.1428571428571428 0.04257738000285986 7.34552694408811e-06
0.1904761904761905 0.04257738000285986 7.34552694408811e-06
0.2380952380952381 0.04257738000285986 7.34552694408811e-06
0.2857142857142857 0.04257738000285986 7.34552694408811e-06
0.3333333333333333 0.04257738000285986 7.34552694408811e-06
0.3809523809523809 0.04257738000285986 7.34552694408811e-06
0.4285714285714285 0.04257738000285986 7.34552694408811e-06
0.4761904761904762 0.04257738000285986 7.34552694408811e-06
0.5238095238095238 0.04257738000285986 7.34552694408811e-06
0.5714285714285714 0.04257738000285986 7.34552694408811e-06
0.6190476190476191 0.04257738000285986 7.34552694408811e-06
0.6666666666666666 0.04257738000285986 7.34552694408811e-06
0.7142857142857143 0.04257738000285986 7.34552694408811e-06
0.7619047619047619 0.04257738000285986 7.34552694408811e-06
0.8095238095238095 0.04257738000285986 7.34552694408811e-06
0.8571428571428571 0.04257738000285986 7.34552694408811e-06
0.9047619047619048 0.04257738000285986 7.34552694408811e-06
0.9523809523809523 0.04257738000285986 7.34552694408811e-06
0.04761904761904762 0.03905367468553618 1.083263424070275e-05
0.09523809523809523 0.03905367468553618 1.083263424070275e-05
0.1428571428571428 0.03905367468553618 1.083263424070275e-05
0.1904761904761905 0.03905367468553618 1.083263424070275e-05
0.2380952380952381 0.03905367468553618 1.083263424070275e-05
0.2857142857142857 0.03905367468553618 1.083263424070275e-05
0.3333333333333333 0.03905367468553618 1.083263424070275e-05
0.3809523809523809 0.03905367468553618 1.083263424070275e-05
0.4285714285714285 0.03905367468553618 1.083263424070275e-05
0.4761904761904762 0.03905367468553618 1.083263424070275e-05
0.5238095238095238 0.03905367468553618 1.083263424070275e-05
0.5714285714285714 0.03905367468553618 1.083263424070275e-05
0.6190476190476191 0.03905367468553618 1.083263424070275e-05
0.6666666666666666 0.03905367468553618 1.083263424070275e-05
0.7142857142857143 0.03905367468553618 1.083263424070275e-05
0.7619047619047619 0.03905367468553618 1.083263424070275e-05
0.8095238095238095 0.03905367468553618 1.083263424070275e-05
0.8571428571428571 0.03905367468553618 1.083263424070275e-05
0.9047619047619048 0.03905367468553618 1.083263424070275e-05
0.9523809523809523 0.03905367468553618 1.083263424070275e-05
0.04761904761904762 0.03482522830474778 1.501716299664033e-05
0.09523809523809523 0.03482522830474778 1.501716299664033e-05
0.1428571428571428 0.03482522830474778 1.501716299664033e-05
0.1904761904761905 0.03482522830474778 1.501716299664033e-05
0.2380952380952381 0.03482522830474778 1.501716299664033e-05
0.2857142857142857 0.03482522830474778 1.501716299664033e-05
0.3333333333333333 0.03482522830474778 1.501716299664033e-05
0.3809523809523809 0.03482522830474778 1.501716299664033e-05
0.4285714285714285 0.03482522830474778 1.501716299664033e-05
0.4761904761904762 0.03482522830474778 1.501716299664033e-05
0.5238095238095238 0.03482522830474778 1.501716299664033e-05
0.5714285714285714 0.03482522830474778 1.501716299664033e-05
0.6190476190476191 0.03482522830474778 1.501716299664033e-05
0.6666666666666666 0.03482522830474778 1.501716299664033e-05
0.7142857142857143 0.03482522830474778 1.501716299664033e-05
0.7619047619047619 0.03482522830474778 1.501716299664033e-05
0.8095238095238095 0.03482522830474778 1.501716299664033e-05
0.8571428571428571 0.03482522830474778 1.501716299664033e-05
0.9047619047619048 0.03482522830474778 1.501716299664033e-05
0.9523809523809523 0.03482522830474778 1.501716299664033e-05
0.04761904761904762 0.02975109264780168 2.003859750376542e-05
0.09523809523809523 0.02975109264780168 2.003859750376542e-05
0.1428571428571428 0.02975109264780168 2.003859750376542e-05
0.1904761904761905 0.02975109264780168 2.003859750376542e-05
0.2380952380952381 0.02975109264780168 2.003859750376542e-05
0.2857142857142857 0.02975109264780168 2.003859750376542e-05
0.3333333333333333 0.02975109264780168 2.003859750376542e-05
0.3809523809523809 0.02975109264780168 2.003859750376542e-05
0.4285714285714285 0.02975109264780168 2.003859750376542e-05
0.4761904761904762 0.02975109264780168 2.003859750376542e-05
0.5238095238095238 0.02975109264780168 2.003859750376542e-05
0.5714285714285714 0.02975109264780168 2.003859750376542e-05
0.6190476190476191 0.02975109264780168 2.003859750376542e-05
0.6666666666666666 0.02975109264780168 2.003859750376542e-05
0.7142857142857143 0.02975109264780168 2.003859750376542e-05
0.7619047619047619 0.02975109264780168 2.003859750376542e-05
0.8095238095238095 0.02975109264780168 2.003859750376542e-05
0.8571428571428571 0.02975109264780168 2.003859750376542e-05
0.9047619047619048 0.02975109264780168 2.003859750376542e-05
0.9523809523809523 0.02975109264780168 2.003859750376542e-05
0.04761904761904762 0.01835567510296652 -0.0443092464869846
0.09523809523809523 0.01835567510296652 -0.0443092464869846
0.1428571428571428 0.01835567510296652 -0.0443092464869846
0.1904761904761905 0.01835567510296652 -0.0443092464869846
0.2380952380952381 0.01835567510296652 -0.0443092464869846
0.2857142857142857 0.01835567510296652 -0.0443092464869846
0.3333333333333333 0.01835567510296652 -0.0443092464869846
0.3809523809523809 0.01835567510296652 -0.0443092464869846
0.4285714285714285 0.01835567510296652 -0.0443092464869846
0.4761904761904762 0.01835567510296652 -0.0443092464869846
0.5238095238095238 0.01835567510296652 -0.0443092464869846
0.5714285714285714 0.01835567510296652 -0.0443092464869846
0.6190476190476191 0.01835567510296652 -0.0443092464869846
0.6666666666666666 0.01835567510296652 -0.0443092464869846
0.7142857142857143 0.01835567510296652 -0.0443092464869846
0.7619047619047619 0.01835567510296652 -0.0443092464869846
0.8095238095238095 0.01835567510296652 -0.0443092464869846
0.8571428571428571 0.01835567510296652 -0.0443092464869846
0.9047619047619048 0.01835567510296652 -0.0443092464869846
0.9523809523809523 0.01835567510296652 -0.0443092464869846
0.04761904761904762 0.017421479284621 -0.0420475703206889
0.09523809523809523 0.017421479284621 -0.0420475703206889
0.1428571428571428 0.017421479284621 -0.0420475703206889
0.1904761904761905 0.017421479284621 -0.0420475703206889
0.2380952380952381 0.017421479284621 -0.0420475703206889
0.2857142857142857 0.017421479284621 -0.0420475703206889
0.3333333333333333 0.017421479284621 -0.0420475703206889
0.3809523809523809 0.017421479284621 -0.0420475703206889
0.4285714285714285 0.017421479284621 -0.0420475703206889
0.4761904761904762 0.017421479284621 -0.0420475703206889
0.5238095238095238 0.017421479284621 -0.0420475703206889
0.5714285714285714 0.017421479284621 -0.0420475703206889
0.6190476190476191 0.017421479284621 -0.0420475703206889
0.6666666666666666 0.017421479284621 -0.0420475703206889
0.7142857142857143 0.017421479284621 -0.0420475703206889
0.7619047619047619 0.017421479284621 -0.0420475703206889
0.8095238095238095 0.017421479284621 -0.0420475703206889
0.8571428571428571 0.017421479284621 -0.0420475703206889
0.9047619047619048 0.017421479284621 -0.0420475703206889
0.9523809523809523 0.017421479284621 -0.0420475703206889
0.04761904761904762 0.01630044430260639 -0.03933355892113404
0.09523809523809523 0.01630044430260639 -0.03933355892113404
0.1428571428571428 0.01630044430260639 -0.03933355892113404
0.1904761904761905 0.01630044430260639 -0.03933355892113404
0.2380952380952381 0.01630044430260639 -0.03933355892113404
0.2857142857142857 0.01630044430260639 -0.03933355892113404
0.3333333333333333 0.01630044430260639 -0.03933355892113404
0.3809523809523809 0.01630044430260639 -0.03933355892113404
0.4285714285714285 0.01630044430260639 -0.03933355892113404
0.4761904761904762 0.01630044430260639 -0.03933355892113404
0.5238095238095238 0.01630044430260639 -0.03933355892113404
0.5714285714285714 0.01630044430260639 -0.03933355892113404
0.6190476190476191 0.01630044430260639 -0.03933355892113404
0.6666666666666666 0.01630044430260639 -0.03933355892113404
0.7142857142857143 0.01630044430260639 -0.03933355892113404
0.7619047619047619 0.01630044430260639 -0.03933355892113404
0.8095238095238095 0.01630044430260639 -0.03933355892113404
0.8571428571428571 0.01630044430260639 -0.03933355892113404
0.9047619047619048 0.01630044430260639 -0.03933355892113404
0.9523809523809523 0.01630044430260639 -0.03933355892113404
0.04761904761904762 0.01495520232418886 -0.03607674524166822
0.09523809523809523 0.01495520232418886 -0.03607674524166822
0.1428571428571428 0.01495520232418886 -0.03607674524166822
0.1904761904761905 0.01495520232418886 -0.03607674524166822
0.2380952380952381 0.01495520232418886 -0.03607674524166822
0.2857142857142857 0.01495520232418886 -0.03607674524166822
0.3333333333333333 0.01495520232418886 -0.03607674524166822
0.3809523809523809 0.01495520232418886 -0.03607674524166822
0.4285714285714285 0.01495520232418886 -0.03607674524166822
0.4761904761904762 0.01495520232418886 -0.03607674524166822
0.5238095238095238 0.01495520232418886 -0.03607674524166822
0.5714285714285714 0.01495520232418886 -0.03607674524166822
0.6190476190476191 0.01495520232418886 -0.03607674524166822
0.6666666666666666 0.01495520232418886 -0.03607674524166822
0.7142857142857143 0.01495520232418886 -0.03607674524166822
0.7619047619047619 0.01495520232418886 -0.03607674524166822
0.8095238095238095 0.01495520232418886 -0.03607674524166822
0.8571428571428571 0.01495520232418886 -0.03607674524166822
0.9047619047619048 0.01495520232418886 -0.03607674524166822
0.9523809523809523 0.01495520232418886 -0.03607674524166822
0.04761904761904762 0.01334091195008781 -0.03216856882630924
0.09523809523809523 0.01334091195008781 -0.03216856882630924
0.1428571428571428 0.01334091195008781 -0.03216856882630924
0.1904761904761905 0.01334091195008781 -0.03216856882630924
0.2380952380952381 0.01334091195008781 -0.03216856882630924
0.2857142857142857 0.01334091195008781 -0.03216856882630924
0.3333333333333333 0.01334091195008781 -0.03216856882630924
0.3809523809523809 0.01334091195008781 -0.03216856882630924
0.4285714285714285 0.01334091195008781 -0.03216856882630924
0.4761904761904762 0.01334091195008781 -0.03216856882630924
0.5238095238095238 0.01334091195008781 -0.03216856882630924
0.5714285714285714 0.01334091195008781 -0.03216856882630924
0.6190476190476191 0.01334091195008781 -0.03216856882630924
0.6666666666666666 0.01334091195008781 -0.03216856882630924
0.7142857142857143 0.01334091195008781 -0.03216856882630924
0.7619047619047619 0.01334091195008781 -0.03216856882630924
0.8095238095238095 0.01334091195008781 -0.03216856882630924
0.8571428571428571 0.01334091195008781 -0.03216856882630924
0.9047619047619048 0.01334091195008781 -0.03216856882630924
0.9523809523809523 0.01334091195008781 -0.03216856882630924
0.04761904761904762 0.01140376350116656 -0.02747875712787845
0.09523809523809523 0.01140376350116656 -0.02747875712787845
0.1428571428571428 0.01140376350116656 -0.02747875712787845
0.1904761904761905 0.01140376350116656 -0.02747875712787845
0.2380952380952381 0.01140376350116656 -0.02747875712787845
0.2857142857142857 0.01140376350116656 -0.02747875712787845
0.3333333333333333 0.01140376350116656 -0.02747875712787845
0.3809523809523809 0.01140376350116656 -0.02747875712787845
0.4285714285714285 0.01140376350116656 -0.02747875712787845
0.4761904761904762 0.01140376350116656 -0.02747875712787845
0.5238095238095238 0.01140376350116656 -0.02747875712787845
0.5714285714285714 0.01140376350116656 -0.02747875712787845
0.6190476190476191 0.01140376350116656 -0.02747875712787845
0.6666666666666666 0.01140376350116656 -0.02747875712787845
0.7142857142857143 0.01140376350116656 -0.02747875712787845
0.7619047619047619 0.01140376350116656 -0.02747875712787845
0.8095238095238095 0.01140376350116656 -0.02747875712787845
0.8571428571428571 0.01140376350116656 -0.02747875712787845
0.9047619047619048 0.01140376350116656 -0.02747875712787845
0.9523809523809523 0.01140376350116656 -0.02747875712787845
0.04761904761904762 -2.018001907409549e-06 0.04796081868210436
0.09523809523809523 -2.018001907409549e-06 0.04796081868210436
0.1428571428571428 -2.018001907409549e-06 0.04796081868210436
0.1904761904761905 -2.018001907409549e-06 0.04796081868210436
0.2380952380952381 -2.018001907409549e-06 0.04796081868210436
0.2857142857142857 -2.018001907409549e-06 0.04796081868210436
0.3333333333333333 -2.018001907409549e-06 0.04796081868210436
0.3809523809523809 -2.018001907409549e-06 0.04796081868210436
0.4285714285714285 -2.018001907409549e-06 0.04796081868210436
0.4761904761904762 -2.018001907409549e-06 0.04796081868210436
0.5238095238095238 -2.018001907409549e-06 0.04796081868210436
0.5714285714285714 -2.018001907409549e-06 0.04796081868210436
0.6190476190476191 -2.018001907409549e-06 0.04796081868210436
0.6666666666666666 -2.018001907409549e-06 0.04796081868210436
0.7142857142857143 -2.018001907409549e-06 0.04796081868210436
0.7619047619047619 -2.018001907409549e-06 0.04796081868210436
0.8095238095238095 -2.018001907409549e-06 0.04796081868210436
0.8571428571428571 -2.018001907409549e-06 0.04796081868210436
0.9047619047619048 -2.018001907409549e-06 0.04796081868210436
0.9523809523809523 -2.018001907409549e-06 0.04796081868210436
0.04761904761904762 -4.439604196734681e-06 0.04551380110062959
0.09523809523809523 -4.439604196734681e-06 0.04551380110062959
0.1428571428571428 -4.439604196734681e-06 0.04551380110062959
0.1904761904761905 -4.439604196734681e-06 0.04551380110062959
0.2380952380952381 -4.439604196734681e-06 0.04551380110062959
0.2857142857142857 -4.439604196734681e-06 0.04551380110062959
0.3333333333333333 -4.439604196734681e-06 0.04551380110062959
0.3809523809523809 -4.439604196734681e-06 0.04551380110062959
0.4285714285714285 -4.439604196734681e-06 0.04551380110062959
0.4761904761904762 -4.439604196734681e-06 0.04551380110062959
0.5238095238095238 -4.439604196734681e-06 0.04551380110062959
0.5714285714285714 -4.439604196734681e-06 0.04551380110062959
0.6190476190476191 -4.439604196734681e-06 0.04551380110062959
0.6666666666666666 -4.439604196734681e-06 0.04551380110062959
0.7142857142857143 -4.439604196734681e-06 0.04551380110062959
0.7619047619047619 -4.439604196734681e-06 0.04551380110062959
0.8095238095238095 -4.439604196734681e-06 0.04551380110062959
0.8571428571428571 -4.439604196734681e-06 0.04551380110062959
0.9047619047619048 -4.439604196734681e-06 0.04551380110062959
0.9523809523809523 -4.439604196734681e-06 0.04551380110062959
0.04761904761904762 -7.34552694392484e-06 0.04257738000285986
0.09523809523809523 -7.34552694392484e-06 0.04257738000285986
0.1428571428571428 -7.34552694392484e-06 0.04257738000285986
0.1904761904761905 -7.34552694392484e-06 0.04257738000285986
0.2380952380952381 -7.34552694392484e-06 0.04257738000285986
0.2857142857142857 -7.34552694392484e-06 0.04257738000285986
0.3333333333333333 -7.34552694392484e-06 0.04257738000285986
0.3809523809523809 -7.34552694392484e-06 0.04257738000285986
0.4285714285714285 -7.34552694392484e-06 0.04257738000285986
0.4761904761904762 -7.34552694392484e-06 0.04257738000285986
0.5238095238095238 -7.34552694392484e-06 0.04257738000285986
0.5714285714285714 -7.34552694392484e-06 0.04257738000285986
0.6190476190476191 -7.34552694392484e-06 0.04257738000285986
0.6666666666666666 -7.34552694392484e-06 0.04257738000285986
0.7142857142857143 -7.34552694392484e-06 0.04257738000285986
0.7619047619047619 -7.34552694392484e-06 0.04257738000285986
0.8095238095238095 -7.34552694392484e-06 0.04257738000285986
0.8571428571428571 -7.34552694392484e-06 0.04257738000285986
0.9047619047619048 -7.34552694392484e-06 0.04257738000285986
0.9523809523809523 -7.34552694392484e-06 0.04257738000285986
0.04761904761904762 -1.083263424055303e-05 0.03905367468553618
0.09523809523809523 -1.083263424055303e-05 0.03905367468553618
0.1428571428571428 -1.083263424055303e-05 0.03905367468553618
0.1904761904761905 -1.083263424055303e-05 0.03905367468553618
0.2380952380952381 -1.083263424055303e-05 0.03905367468553618
0.2857142857142857 -1.083263424055303e-05 0.03905367468553618
0.3333333333333333 -1.083263424055303e-05 0.03905367468553618
0.3809523809523809 -1.083263424055303e-05 0.03905367468553618
0.4285714285714285 -1.083263424055303e-05 0.03905367468553618
0.4761904761904762 -1.083263424055303e-05 0.03905367468553618
0.5238095238095238 -1.083263424055303e-05 0.03905367468553618
0.5714285714285714 -1.083263424055303e-05 0.03905367468553618
0.6190476190476191 -1.083263424055303e-05 0.03905367468553618
0.6666666666666666 -1.083263424055303e-05 0.03905367468553618
0.7142857142857143 -1.083263424055303e-05 0.03905367468553618
0.7619047619047619 -1.083263424055303e-05 0.03905367468553618
0.8095238095238095 -1.083263424055303e-05 0.03905367468553618
0.8571428571428571 -1.083263424055303e-05 0.03905367468553618
0.9047619047619048 -1.083263424055303e-05 0.03905367468553618
0.9523809523809523 -1.083263424055303e-05 0.03905367468553618
0.04761904761904762 -1.501716299650686e-05 0.03482522830474778
0.09523809523809523 -1.501716299650686e-05 0.03482522830474778
0.1428571428571428 -1.501716299650686e-05 0.03482522830474778
0.1904761904761905 -1.501716299650686e-05 0.03482522830474778
0.2380952380952381 -1.501716299650686e-05 0.03482522830474778
0.2857142857142857 -1.501716299650686e-05 0.03482522830474778
0.3333333333333333 -1.501716299650686e-05 0.03482522830474778
0.3809523809523809 -1.501716299650686e-05 0.03482522830474778
0.4285714285714285 -1.501716299650686e-05 0.03482522830474778
0.4761904761904762 -1.501716299650686e-05 0.03482522830474778
0.5238095238095238 -1.501716299650686e-05 0.03482522830474778
0.5714285714285714 -1.501716299650686e-05 0.03482522830474778
0.6190476190476191 -1.501716299650686e-05 0.03482522830474778
0.6666666666666666 -1.501716299650686e-05 0.03482522830474778
0.7142857142857143 -1.501716299650686e-05 0.03482522830474778
0.7619047619047619 -1.501716299650686e-05 0.03482522830474778
0.8095238095238095 -1.501716299650686e-05 0.03482522830474778
0.8571428571428571 -1.501716299650686e-05 0.03482522830474778
0.9047619047619048 -1.501716299650686e-05 0.03482522830474778
0.9523809523809523 -1.501716299650686e-05 0.03482522830474778
0.04761904761904762 -2.003859750365145e-05 0.02975109264780169
0.09523809523809523 -2.003859750365145e-05 0.02975109264780169
0.1428571428571428 -2.003859750365145e-05 0.02975109264780169
0.1904761904761905 -2.003859750365145e-05 0.02975109264780169
0.2380952380952381 -2.003859750365145e-05 0.02975109264780169
0.2857142857142857 -2.003859750365145e-05 0.02975109264780169
0.3333333333333333 -2.003859750365145e-05 0.02975109264780169
0.3809523809523809 -2.003859750365145e-05 0.02975109264780169
0.4285714285714285 -2.003859750365145e-05 0.02975109264780169
0.4761904761904762 -2.003859750365145e-05 0.02975109264780169
0.5238095238095238 -2.003859750365145e-05 0.02975109264780169
0.5714285714285714 -2.003859750365145e-05 0.02975109264780169
0.6190476190476191 -2.003859750365145e-05 0.02975109264780169
0.6666666666666666 -2.003859750365145e-05 0.02975109264780169
0.7142857142857143 -2.003859750365145e-05 0.02975109264780169
0.7619047619047619 -2.003859750365145e-05 0.02975109264780169
0.8095238095238095 -2.003859750365145e-05 0.02975109264780169
0.8571428571428571 -2.003859750365145e-05 0.02975109264780169
0.9047619047619048 -2.003859750365145e-05 0.02975109264780169
0.9523809523809523 -2.003859750365145e-05 0.02975109264780169
0.04761904761904762 0.01835194632164855 0.04431079099877763
0.09523809523809523 0.01835194632164855 0.04431079099877763
0.1428571428571428 0.01835194632164855 0.04431079099877763
0.1904761904761905 0.01835194632164855 0.04431079099877763
0.2380952380952381 0.01835194632164855 0.04431079099877763
0.2857142857142857 0.01835194632164855 0.04431079099877763
0.3333333333333333 0.01835194632164855 0.04431079099877763
0.3809523809523809 0.01835194632164855 0.04431079099877763
0.4285714285714285 0.01835194632164855 0.04431079099877763
0.4761904761904762 0.01835194632164855 0.04431079099877763
0.5238095238095238 0.01835194632164855 0.04431079099877763
0.5714285714285714 0.01835194632164855 0.04431079099877763
0.6190476190476191 0.01835194632164855 0.04431079099877763
0.6666666666666666 0.01835194632164855 0.04431079099877763
0.7142857142857143 0.01835194632164855 0.04431079099877763
0.7619047619047619 0.01835194632164855 0.04431079099877763
0.8095238095238095 0.01835194632164855 0.04431079099877763
0.8571428571428571 0.01835194632164855 0.04431079099877763
0.9047619047619048 0.01835194632164855 0.04431079099877763
0.9523809523809523 0.01835194632164855 0.04431079099877763
0.04761904761904762 0.01741327596572108 0.04205096824663371
0.09523809523809523 0.01741327596572108 0.04205096824663371
0.1428571428571428 0.01741327596572108 0.04205096824663371
0.1904761904761905 0.01741327596572108 0.04205096824663371
0.2380952380952381 0.01741327596572108 0.04205096824663371
0.2857142857142857 0.01741327596572108 0.04205096824663371
0.3333333333333333 0.01741327596572108 0.04205096824663371
0.3809523809523809 0.01741327596572108 0.04205096824663371
0.4285714285714285 0.01741327596572108 0.04205096824663371
0.4761904761904762 0.01741327596572108 0.04205096824663371
0.5238095238095238 0.01741327596572108 0.04205096824663371
0.5714285714285714 0.01741327596572108 0.04205096824663371
0.6190476190476191 0.01741327596572108 0.04205096824663371
0.6666666666666666 0.01741327596572108 0.04205096824663371
0.7142857142857143 0.01741327596572108 0.04205096824663371
0.7619047619047619 0.01741327596572108 0.04205096824663371
0.8095238095238095 0.01741327596572108 0.04205096824663371
0.8571428571428571 0.01741327596572108 0.04205096824663371
0.9047619047619048 0.01741327596572108 0.04205096824663371
0.9523809523809523 0.01741327596572108 0.04205096824663371
0.04761904761904762 0.01628687153860811 0.03933918094406102
0.09523809523809523 0.01628687153860811 0.03933918094406102
0.1428571428571428 0.01628687153860811 0.03933918094406102
0.1904761904761905 0.01628687153860811 0.03933918094406102
0.2380952380952381 0.01628687153860811 0.03933918094406102
0.2857142857142857 0.01628687153860811 0.03933918094406102
0.3333333333333333 0.01628687153860811 0.03933918094406102
0.3809523809523809 0.01628687153860811 0.03933918094406102
0.4285714285714285 0.01628687153860811 0.03933918094406102
0.4761904761904762 0.01628687153860811 0.03933918094406102
0.5238095238095238 0.01628687153860811 0.03933918094406102
0.5714285714285714 0.01628687153860811 0.03933918094406102
0.6190476190476191 0.01628687153860811 0.03933918094406102
0.6666666666666666 0.01628687153860811 0.03933918094406102
0.7142857142857143 0.01628687153860811 0.03933918094406102
0.7619047619047619 0.01628687153860811 0.03933918094406102
0.8095238095238095 0.01628687153860811 0.03933918094406102
0.8571428571428571 0.01628687153860811 0.03933918094406102
0.9047619047619048 0.01628687153860811 0.03933918094406102
0.9523809523809523 0.01628687153860811 0.03933918094406102
0.04761904761904762 0.01493518622607254 0.03608503618097379
0.09523809523809523 0.01493518622607254 0.03608503618097379
0.1428571428571428 0.01493518622607254 0.03608503618097379
0.1904761904761905 0.01493518622607254 0.03608503618097379
0.2380952380952381 0.01493518622607254 0.03608503618097379
0.2857142857142857 0.01493518622607254 0.03608503618097379
0.3333333333333333 0.01493518622607254 0.03608503618097379
0.3809523809523809 0.01493518622607254 0.03608503618097379
0.4285714285714285 0.01493518622607254 0.03608503618097379
0.4761904761904762 0.01493518622607254 0.03608503618097379
0.5238095238095238 0.01493518622607254 0.03608503618097379
0.5714285714285714 0.01493518622607254 0.03608503618097379
0.6190476190476191 0.01493518622607254 0.03608503618097379
0.6666666666666666 0.01493518622607254 0.03608503618097379
0.7142857142857143 0.01493518622607254 0.03608503618097379
0.7619047619047619 0.01493518622607254 0.03608503618097379
0.8095238095238095 0.01493518622607254 0.03608503618097379
0.8571428571428571 0.01493518622607254 0.03608503618097379
0.9047619047619048 0.01493518622607254 0.03608503618097379
0.9523809523809523 0.01493518622607254 0.03608503618097379
0.04761904761904762 0.01331316385102987 0.0321800624652691
0.09523809523809523 0.01331316385102987 0.0321800624652691
0.1428571428571428 0.01331316385102987 0.0321800624652691
0.1904761904761905 0.01331316385102987 0.0321800624652691
0.2380952380952381 0.01331316385102987 0.0321800624652691
0.2857142857142857 0.01331316385102987 0.0321800624652691
0.3333333333333333 0.01331316385102987 0.0321800624652691
0.3809523809523809 0.01331316385102987 0.0321800624652691
0.4285714285714285 0.01331316385102987 0.0321800624652691
0.4761904761904762 0.01331316385102987 0.0321800624652691
0.5238095238095238 0.01331316385102987 0.0321800624652691
0.5714285714285714 0.01331316385102987 0.0321800624652691
0.6190476190476191 0.01331316385102987 0.0321800624652691
0.6666666666666666 0.01331316385102987 0.0321800624652691
0.7142857142857143 0.01331316385102987 0.0321800624652691
0.7619047619047619 0.01331316385102987 0.0321800624652691
0.8095238095238095 0.01331316385102987 0.0321800624652691
0.8571428571428571 0.01331316385102987 0.0321800624652691
0.9047619047619048 0.01331316385102987 0.0321800624652691
0.9523809523809523 0.01331316385102987 0.0321800624652691
0.04761904761904762 0.01136673700097865 0.02749409400642349
0.09523809523809523 0.01136673700097865 0.02749409400642349
0.1428571428571428 0.01136673700097865 0.02749409400642349
0.1904761904761905 0.01136673700097865 0.02749409400642349
0.2380952380952381 0.01136673700097865 0.02749409400642349
0.2857142857142857 0.01136673700097865 0.02749409400642349
0.3333333333333333 0.01136673700097865 0.02749409400642349
0.3809523809523809 0.01136673700097865 0.02749409400642349
0.4285714285714285 0.01136673700097865 0.02749409400642349
0.4761904761904762 0.01136673700097865 0.02749409400642349
0.5238095238095238 0.01136673700097865 0.02749409400642349
0.5714285714285714 0.01136673700097865 0.02749409400642349
0.6190476190476191 0.01136673700097865 0.02749409400642349
0.6666666666666666 0.01136673700097865 0.02749409400642349
0.7142857142857143 0.01136673700097865 0.02749409400642349
0.7619047619047619 0.01136673700097865 0.02749409400642349
0.8095238095238095 0.01136673700097865 0.02749409400642349
0.8571428571428571 0.01136673700097865 0.02749409400642349
0.9047619047619048 0.01136673700097865 0.02749409400642349
0.9523809523809523 0.01136673700097865 0.02749409400642349
0.04761904761904762 -0.0183519463216483 -0.04431079099877773
0.09523809523809523 -0.0183519463216483 -0.04431079099877773
0.1428571428571428 -0.0183519463216483 -0.04431079099877773
0.1904761904761905 -0.0183519463216483 -0.04431079099877773
0.2380952380952381 -0.0183519463216483 -0.04431079099877773
0.2857142857142857 -0.0183519463216483 -0.04431079099877773
0.3333333333333333 -0.0183519463216483 -0.04431079099877773
0.3809523809523809 -0.0183519463216483 -0.04431079099877773
0.4285714285714285 -0.0183519463216483 -0.04431079099877773
0.4761904761904762 -0.0183519463216483 -0.04431079099877773
0.5238095238095238 -0.0183519463216483 -0.04431079099877773
0.5714285714285714 -0.0183519463216483 -0.04431079099877773
0.6190476190476191 -0.0183519463216483 -0.04431079099877773
0.6666666666666666 -0.0183519463216483 -0.04431079099877773
0.7142857142857143 -0.0183519463216483 -0.04431079099877773
0.7619047619047619 -0.0183519463216483 -0.04431079099877773
0.8095238095238095 -0.0183519463216483 -0.04431079099877773
0.8571428571428571 -0.0183519463216483 -0.04431079099877773
0.9047619047619048 -0.0183519463216483 -0.04431079099877773
0.9523809523809523 -0.0183519463216483 -0.04431079099877773
0.04761904761904762 -0.01741327596572084 -0.04205096824663381
0.09523809523809523 -0.01741327596572084 -0.04205096824663381
0.1428571428571428 -0.01741327596572084 -0.04205096824663381
0.1904761904761905 -0.01741327596572084 -0.04205096824663381
0.2380952380952381 -0.01741327596572084 -0.04205096824663381
0.2857142857142857 -0.01741327596572084 -0.04205096824663381
0.3333333333333333 -0.01741327596572084 -0.04205096824663381
0.3809523809523809 -0.01741327596572084 -0.04205096824663381
0.4285714285714285 -0.01741327596572084 -0.04205096824663381
0.4761904761904762 -0.01741327596572084 -0.04205096824663381
0.5238095238095238 -0.01741327596572084 -0.04205096824663381
0.5714285714285714 -0.01741327596572084 -0.04205096824663381
0.6190476190476191 -0.01741327596572084 -0.04205096824663381
0.6666666666666666 -0.01741327596572084 -0.04205096824663381
0.7142857142857143 -0.01741327596572084 -0.04205096824663381
0.7619047619047619 -0.01741327596572084 -0.04205096824663381
0.8095238095238095 -0.01741327596572084 -0.04205096824663381
0.8571428571428571 -0.01741327596572084 -0.04205096824663381
0.9047619047619048 -0.01741327596572084 -0.04205096824663381
0.9523809523809523 -0.01741327596572084 -0.04205096824663381
0.04761904761904762 -0.01628687153860789 -0.03933918094406111
0.09523809523809523 -0.01628687153860789 -0.03933918094406111
0.1428571428571428 -0.01628687153860789 -0.03933918094406111
0.1904761904761905 -0.01628687153860789 -0.03933918094406111
0.2380952380952381 -0.01628687153860789 -0.03933918094406111
0.2857142857142857 -0.01628687153860789 -0.03933918094406111
0.3333333333333333 -0.01628687153860789 -0.03933918094406111
0.3809523809523809 -0.01628687153860789 -0.03933918094406111
0.4285714285714285 -0.01628687153860789 -0.03933918094406111
0.4761904761904762 -0.01628687153860789 -0.03933918094406111
0.5238095238095238 -0.01628687153860789 -0.03933918094406111
0.5714285714285714 -0.01628687153860789 -0.03933918094406111
0.6190476190476191 -0.01628687153860789 -0.03933918094406111
0.6666666666666666 -0.01628687153860789 -0.03933918094406111
0.7142857142857143 -0.01628687153860789 -0.03933918094406111
0.7619047619047619 -0.01628687153860789 -0.03933918094406111
0.8095238095238095 -0.01628687153860789 -0.03933918094406111
0.8571428571428571 -0.01628687153860789 -0.03933918094406111
0.9047619047619048 -0.01628687153860789 -0.03933918094406111
0.9523809523809523 -0.01628687153860789 -0.03933918094406111
0.04761904761904762 -0.01493518622607234 -0.03608503618097387
0.09523809523809523 -0.01493518622607234 -0.03608503618097387
0.1428571428571428 -0.01493518622607234 -0.03608503618097387
0.1904761904761905 -0.01493518622607234 -0.03608503618097387
0.2380952380952381 -0.01493518622607234 -0.03608503618097387
0.2857142857142857 -0.01493518622607234 -0.03608503618097387
0.3333333333333333 -0.01493518622607234 -0.03608503618097387
0.3809523809523809 -0.01493518622607234 -0.03608503618097387
0.4285714285714285 -0.01493518622607234 -0.03608503618097387
0.4761904761904762 -0.01493518622607234 -0.03608503618097387
0.5238095238095238 -0.01493518622607234 -0.03608503618097387
0.5714285714285714 -0.01493518622607234 -0.03608503618097387
0.6190476190476191 -0.01493518622607234 -0.03608503618097387
0.6666666666666666 -0.01493518622607234 -0.03608503618097387
0.7142857142857143 -0.01493518622607234 -0.03608503618097387
0.7619047619047619 -0.01493518622607234 -0.03608503618097387
0.8095238095238095 -0.01493518622607234 -0.03608503618097387
0.8571428571428571 -0.01493518622607234 -0.03608503618097387
0.9047619047619048 -0.01493518622607234 -0.03608503618097387
0.9523809523809523 -0.01493518622607234 -0.03608503618097387
0.04761904761904762 -0.01331316385102968 -0.03218006246526917
0.09523809523809523 -0.01331316385102968 -0.03218006246526917
0.1428571428571428 -0.01331316385102968 -0.03218006246526917
0.1904761904761905 -0.01331316385102968 -0.03218006246526917
0.2380952380952381 -0.01331316385102968 -0.03218006246526917
0.2857142857142857 -0.01331316385102968 -0.03218006246526917
0.3333333333333333 -0.01331316385102968 -0.03218006246526917
0.3809523809523809 -0.01331316385102968 -0.03218006246526917
0.4285714285714285 -0.01331316385102968 -0.03218006246526917
0.4761904761904762 -0.01331316385102968 -0.03218006246526917
0.5238095238095238 -0.01331316385102968 -0.03218006246526917
0.5714285714285714 -0.01331316385102968 -0.03218006246526917
0.6190476190476191 -0.01331316385102968 -0.03218006246526917
0.6666666666666666 -0.01331316385102968 -0.03218006246526917
0.7142857142857143 -0.01331316385102968 -0.03218006246526917
0.7619047619047619 -0.01331316385102968 -0.03218006246526917
0.8095238095238095 -0.01331316385102968 -0.03218006246526917
0.8571428571428571 -0.01331316385102968 -0.03218006246526917
0.9047619047619048 -0.01331316385102968 -0.03218006246526917
0.9523809523809523 -0.01331316385102968 -0.03218006246526917
0.04761904761904762 -0.01136673700097849 -0.02749409400642355
0.09523809523809523 -0.01136673700097849 -0.02749409400642355
0.1428571428571428 -0.01136673700097849 -0.02749409400642355
0.1904761904761905 -0.01136673700097849 -0.02749409400642355
0.2380952380952381 -0.01136673700097849 -0.02749409400642355
0.2857142857142857 -0.01136673700097849 -0.02749409400642355
0.3333333333333333 -0.01136673700097849 -0.02749409400642355
0.3809523809523809 -0.01136673700097849 -0.02749409400642355
0.4285714285714285 -0.01136673700097849 -0.02749409400642355
0.4761904761904762 -0.01136673700097849 -0.02749409400642355
0.5238095238095238 -0.01136673700097849 -0.02749409400642355
0.5714285714285714 -0.01136673700097849 -0.02749409400642355
0.6190476190476191 -0.01136673700097849 -0.02749409400642355
0.6666666666666666 -0.01136673700097849 -0.02749409400642355
0.7142857142857143 -0.01136673700097849 -0.02749409400642355
0.7619047619047619 -0.01136673700097849 -0.02749409400642355
0.8095238095238095 -0.01136673700097849 -0.02749409400642355
0.8571428571428571 -0.01136673700097849 -0.02749409400642355
0.9047619047619048 -0.01136673700097849 -0.02749409400642355
0.9523809523809523 -0.01136673700097849 -0.02749409400642355
0.04761904761904762 -0.0183556751029662 0.04430924648698473
0.09523809523809523 -0.0183556751029662 0.04430924648698473
0.1428571428571428 -0.0183556751029662 0.04430924648698473
0.1904761904761905 -0.0183556751029662 0.04430924648698473
0.2380952380952381 -0.0183556751029662 0.04430924648698473
0.2857142857142857 -0.0183556751029662 0.04430924648698473
0.3333333333333333 -0.0183556751029662 0.04430924648698473
0.3809523809523809 -0.0183556751029662 0.04430924648698473
0.4285714285714285 -0.0183556751029662 0.04430924648698473
0.4761904761904762 -0.0183556751029662 0.04430924648698473
0.5238095238095238 -0.0183556751029662 0.04430924648698473
0.5714285714285714 -0.0183556751029662 0.04430924648698473
0.6190476190476191 -0.0183556751029662 0.04430924648698473
0.6666666666666666 -0.0183556751029662 0.04430924648698473
0.7142857142857143 -0.0183556751029662 0.04430924648698473
0.7619047619047619 -0.0183556751029662 0.04430924648698473
0.8095238095238095 -0.0183556751029662 0.04430924648698473
0.8571428571428571 -0.0183556751029662 0.04430924648698473
0.9047619047619048 -0.0183556751029662 0.04430924648698473
0.9523809523809523 -0.0183556751029662 0.04430924648698473
0.04761904761904762 -0.0174214792846207 0.04204757032068902
0.09523809523809523 -0.0174214792846207 0.04204757032068902
0.1428571428571428 -0.0174214792846207 0.04204757032068902
0.1904761904761905 -0.0174214792846207 0.04204757032068902
0.2380952380952381 -0.0174214792846207 0.04204757032068902
0.2857142857142857 -0.0174214792846207 0.04204757032068902
0.3333333333333333 -0.0174214792846207 0.04204757032068902
0.3809523809523809 -0.0174214792846207 0.04204757032068902
0.4285714285714285 -0.0174214792846207 0.04204757032068902
0.4761904761904762 -0.0174214792846207 0.04204757032068902
0.5238095238095238 -0.0174214792846207 0.04204757032068902
0.5714285714285714 -0.0174214792846207 0.04204757032068902
0.6190476190476191 -0.0174214792846207 0.04204757032068902
0.6666666666666666 -0.0174214792846207 0.04204757032068902
0.7142857142857143 -0.0174214792846207 0.04204757032068902
0.7619047619047619 -0.0174214792846207 0.04204757032068902
0.8095238095238095 -0.0174214792846207 0.04204757032068902
0.8571428571428571 -0.0174214792846207 0.04204757032068902
0.9047619047619048 -0.0174214792846207 0.04204757032068902
0.9523809523809523 -0.0174214792846207 0.04204757032068902
0.04761904761904762 -0.01630044430260611 0.03933355892113415
0.09523809523809523 -0.01630044430260611 0.03933355892113415
0.1428571428571428 -0.01630044430260611 0.03933355892113415
0.1904761904761905 -0.01630044430260611 0.03933355892113415
0.2380952380952381 -0.01630044430260611 0.03933355892113415
0.2857142857142857 -0.01630044430260611 0.03933355892113415
0.3333333333333333 -0.01630044430260611 0.03933355892113415
0.3809523809523809 -0.01630044430260611 0.03933355892113415
0.4285714285714285 -0.01630044430260611 0.03933355892113415
0.4761904761904762 -0.01630044430260611 0.03933355892113415
0.5238095238095238 -0.01630044430260611 0.03933355892113415
0.5714285714285714 -0.01630044430260611 0.03933355892113415
0.6190476190476191 -0.01630044430260611 0.03933355892113415
0.6666666666666666 -0.01630044430260611 0.03933355892113415
0.7142857142857143 -0.01630044430260611 0.03933355892113415
0.7619047619047619 -0.01630044430260611 0.03933355892113415
0.8095238095238095 -0.01630044430260611 0.03933355892113415
0.8571428571428571 -0.01630044430260611 0.03933355892113415
0.9047619047619048 -0.01630044430260611 0.03933355892113415
0.9523809523809523 -0.01630044430260611 0.03933355892113415
0.04761904761904762 -0.01495520232418859 0.03607674524166832
0.09523809523809523 -0.01495520232418859 0.03607674524166832
0.1428571428571428 -0.01495520232418859 0.03607674524166832
0.1904761904761905 -0.01495520232418859 0.03607674524166832
0.2380952380952381 -0.01495520232418859 0.03607674524166832
0.2857142857142857 -0.01495520232418859 0.03607674524166832
0.3333333333333333 -0.01495520232418859 0.03607674524166832
0.3809523809523809 -0.01495520232418859 0.03607674524166832
0.4285714285714285 -0.01495520232418859 0.03607674524166832
0.4761904761904762 -0.01495520232418859 0.03607674524166832
0.5238095238095238 -0.01495520232418859 0.03607674524166832
0.5714285714285714 -0.01495520232418859 0.03607674524166832
0.6190476190476191 -0.01495520232418859 0.03607674524166832
0.6666666666666666 -0.01495520232418859 0.03607674524166832
0.7142857142857143 -0.01495520232418859 0.03607674524166832
0.7619047619047619 -0.01495520232418859 0.03607674524166832
0.8095238095238095 -0.01495520232418859 0.03607674524166832
0.8571428571428571 -0.01495520232418859 0.03607674524166832
0.9047619047619048 -0.01495520232418859 0.03607674524166832
0.9523809523809523 -0.01495520232418859 0.03607674524166832
0.04761904761904762 -0.01334091195008757 0.03216856882630932
0.09523809523809523 -0.01334091195008757 0.03216856882630932
0.1428571428571428 -0.01334091195008757 0.03216856882630932
0.1904761904761905 -0.01334091195008757 0.03216856882630932
0.2380952380952381 -0.01334091195008757 0.03216856882630932
0.2857142857142857 -0.01334091195008757 0.03216856882630932
0.3333333333333333 -0.01334091195008757 0.03216856882630932
0.3809523809523809 -0.01334091195008757 0.03216856882630932
0.4285714285714285 -0.01334091195008757 0.03216856882630932
0.4761904761904762 -0.01334091195008757 0.03216856882630932
0.5238095238095238 -0.01334091195008757 0.03216856882630932
0.5714285714285714 -0.01334091195008757 0.03216856882630932
0.6190476190476191 -0.01334091195008757 0.03216856882630932
0.6666666666666666 -0.01334091195008757 0.03216856882630932
0.7142857142857143 -0.01334091195008757 0.03216856882630932
0.7619047619047619 -0.01334091195008757 0.03216856882630932
0.8095238095238095 -0.01334091195008757 0.03216856882630932
0.8571428571428571 -0.01334091195008757 0.03216856882630932
0.9047619047619048 -0.01334091195008757 0.03216856882630932
0.9523809523809523 -0.01334091195008757 0.03216856882630932
0.04761904761904762 -0.01140376350116635 0.02747875712787853
0.09523809523809523 -0.01140376350116635 0.02747875712787853
0.1428571428571428 -0.01140376350116635 0.02747875712787853
0.1904761904761905 -0.01140376350116635 0.02747875712787853
0.2380952380952381 -0.01140376350116635 0.02747875712787853
0.2857142857142857 -0.01140376350116635 0.02747875712787853
0.3333333333333333 -0.01140376350116635 0.02747875712787853
0.3809523809523809 -0.01140376350116635 0.02747875712787853
0.4285714285714285 -0.01140376350116635 0.02747875712787853
0.4761904761904762 -0.01140376350116635 0.02747875712787853
0.5238095238095238 -0.01140376350116635 0.02747875712787853
0.5714285714285714 -0.01140376350116635 0.02747875712787853
0.6190476190476191 -0.01140376350116635 0.02747875712787853
0.6666666666666666 -0.01140376350116635 0.02747875712787853
0.7142857142857143 -0.01140376350116635 0.02747875712787853
0.7619047619047619 -0.01140376350116635 0.02747875712787853
0.8095238095238095 -0.01140376350116635 0.02747875712787853
0.8571428571428571 -0.01140376350116635 0.02747875712787853
0.9047619047619048 -0.01140376350116635 0.02747875712787853
0.9523809523809523 -0.01140376350116635 0.02747875712787853
0.04761904761904762 -0.03391484706420765 0.03391199317854124
0.09523809523809523 -0.03391484706420765 0.03391199317854124
0.1428571428571428 -0.03391484706420765 0.03391199317854124
0.1904761904761905 -0.03391484706420765 0.03391199317854124
0.2380952380952381 -0.03391484706420765 0.03391199317854124
0.2857142857142857 -0.03391484706420765 0.03391199317854124
0.3333333333333333 -0.03391484706420765 0.03391199317854124
0.3809523809523809 -0.03391484706420765 0.03391199317854124
0.4285714285714285 -0.03391484706420765 0.03391199317854124
0.4761904761904762 -0.03391484706420765 0.03391199317854124
0.5238095238095238 -0.03391484706420765 0.03391199317854124
0.5714285714285714 -0.03391484706420765 0.03391199317854124
0.6190476190476191 -0.03391484706420765 0.03391199317854124
0.6666666666666666 -0.03391484706420765 0.03391199317854124
0.7142857142857143 -0.03391484706420765 0.03391199317854124
0.7619047619047619 -0.03391484706420765 0.03391199317854124
0.8095238095238095 -0.03391484706420765 0.03391199317854124
0.8571428571428571 -0.03391484706420765 0.03391199317854124
0.9047619047619048 -0.03391484706420765 0.03391199317854124
0.9523809523809523 -0.03391484706420765 0.03391199317854124
0.04761904761904762 -0.03218625667006425 0.0321799781215976
0.09523809523809523 -0.03218625667006425 0.0321799781215976
0.1428571428571428 -0.03218625667006425 0.0321799781215976
0.1904761904761905 -0.03218625667006425 0.0321799781215976
0.2380952380952381 -0.03218625667006425 0.0321799781215976
0.2857142857142857 -0.03218625667006425 0.0321799781215976
0.3333333333333333 -0.03218625667006425 0.0321799781215976
0.3809523809523809 -0.03218625667006425 0.0321799781215976
0.4285714285714285 -0.03218625667006425 0.0321799781215976
0.4761904761904762 -0.03218625667006425 0.0321799781215976
0.5238095238095238 -0.03218625667006425 0.0321799781215976
0.5714285714285714 -0.03218625667006425 0.0321799781215976
0.6190476190476191 -0.03218625667006425 0.0321799781215976
0.6666666666666666 -0.03218625667006425 0.0321799781215976
0.7142857142857143 -0.03218625667006425 0.0321799781215976
0.7619047619047619 -0.03218625667006425 0.0321799781215976
0.8095238095238095 -0.03218625667006425 0.0321799781215976
0.8571428571428571 -0.03218625667006425 0.0321799781215976
0.9047619047619048 -0.03218625667006425 0.0321799781215976
0.9523809523809523 -0.03218625667006425 0.0321799781215976
0.04761904761904762 -0.03011194819709218 0.03010156005326525
0.09523809523809523 -0.03011194819709218 0.03010156005326525
0.1428571428571428 -0.03011194819709218 0.03010156005326525
0.1904761904761905 -0.03011194819709218 0.03010156005326525
0.2380952380952381 -0.03011194819709218 0.03010156005326525
0.2857142857142857 -0.03011194819709218 0.03010156005326525
0.3333333333333333 -0.03011194819709218 0.03010156005326525
0.3809523809523809 -0.03011194819709218 0.03010156005326525
0.4285714285714285 -0.03011194819709218 0.03010156005326525
0.4761904761904762 -0.03011194819709218 0.03010156005326525
0.5238095238095238 -0.03011194819709218 0.03010156005326525
0.5714285714285714 -0.03011194819709218 0.03010156005326525
0.6190476190476191 -0.03011194819709218 0.03010156005326525
0.6666666666666666 -0.03011194819709218 0.03010156005326525
0.7142857142857143 -0.03011194819709218 0.03010156005326525
0.7619047619047619 -0.03011194819709218 0.03010156005326525
0.8095238095238095 -0.03011194819709218 0.03010156005326525
0.8571428571428571 -0.03011194819709218 0.03010156005326525
0.9047619047619048 -0.03011194819709218 0.03010156005326525
0.9523809523809523 -0.03011194819709218 0.03010156005326525
0.04761904761904762 -0.02762277802952568 0.02760745837126641
0.09523809523809523 -0.02762277802952568 0.02760745837126641
0.1428571428571428 -0.02762277802952568 0.02760745837126641
0.1904761904761905 -0.02762277802952568 0.02760745837126641
0.2380952380952381 -0.02762277802952568 0.02760745837126641
0.2857142857142857 -0.02762277802952568 0.02760745837126641
0.3333333333333333 -0.02762277802952568 0.02760745837126641
0.3809523809523809 -0.02762277802952568 0.02760745837126641
0.4285714285714285 -0.02762277802952568 0.02760745837126641
0.4761904761904762 -0.02762277802952568 0.02760745837126641
0.5238095238095238 -0.02762277802952568 0.02760745837126641
0.5714285714285714 -0.02762277802952568 0.02760745837126641
0.6190476190476191 -0.02762277802952568 0.02760745837126641
0.6666666666666666 -0.02762277802952568 0.02760745837126641
0.7142857142857143 -0.02762277802952568 0.02760745837126641
0.7619047619047619 -0.02762277802952568 0.02760745837126641
0.8095238095238095 -0.02762277802952568 0.02760745837126641
0.8571428571428571 -0.02762277802952568 0.02760745837126641
0.9047619047619048 -0.02762277802952568 0.02760745837126641
0.9523809523809523 -0.02762277802952568 0.02760745837126641
0.04761904761904762 -0.02463577382844588 0.0246145363528678
0.09523809523809523 -0.02463577382844588 0.0246145363528678
0.1428571428571428 -0.02463577382844588 0.0246145363528678
0.1904761904761905 -0.02463577382844588 0.0246145363528678
0.2380952380952381 -0.02463577382844588 0.0246145363528678
0.2857142857142857 -0.02463577382844588 0.0246145363528678
0.3333333333333333 -0.02463577382844588 0.0246145363528678
0.3809523809523809 -0.02463577382844588 0.0246145363528678
0.4285714285714285 -0.02463577382844588 0.0246145363528678
0.4761904761904762 -0.02463577382844588 0.0246145363528678
0.5238095238095238 -0.02463577382844588 0.0246145363528678
0.5714285714285714 -0.02463577382844588 0.0246145363528678
0.6190476190476191 -0.02463577382844588 0.0246145363528678
0.6666666666666666 -0.02463577382844588 0.0246145363528678
0.7142857142857143 -0.02463577382844588 0.0246145363528678
0.7619047619047619 -0.02463577382844588 0.0246145363528678
0.8095238095238095 -0.02463577382844588 0.0246145363528678
0.8571428571428571 -0.02463577382844588 0.0246145363528678
0.9047619047619048 -0.02463577382844588 0.0246145363528678
0.9523809523809523 -0.02463577382844588 0.0246145363528678
0.04761904761904762 -0.02105136878715013 0.02102302993078949
0.09523809523809523 -0.02105136878715013 0.02102302993078949
0.1428571428571428 -0.02105136878715013 0.02102302993078949
0.1904761904761905 -0.02105136878715013 0.02102302993078949
0.2380952380952381 -0.02105136878715013 0.02102302993078949
0.2857142857142857 -0.02105136878715013 0.02102302993078949
0.3333333333333333 -0.02105136878715013 0.02102302993078949
0.3809523809523809 -0.02105136878715013 0.02102302993078949
0.4285714285714285 -0.02105136878715013 0.02102302993078949
0.4761904761904762 -0.02105136878715013 0.02102302993078949
0.5238095238095238 -0.02105136878715013 0.02102302993078949
0.5714285714285714 -0.02105136878715013 0.02102302993078949
0.6190476190476191 -0.02105136878715013 0.02102302993078949
0.6666666666666666 -0.02105136878715013 0.02102302993078949
0.7142857142857143 -0.02105136878715013 0.02102302993078949
0.7619047619047619 -0.02105136878715013 0.02102302993078949
0.8095238095238095 -0.02105136878715013 0.02102302993078949
0.8571428571428571 -0.02105136878715013 0.02102302993078949
0.9047619047619048 -0.02105136878715013 0.02102302993078949
0.9523809523809523 -0.02105136878715013 0.02102302993078949
0.04761904761904762 -0.04431079099877765 0.0183519463216485
0.09523809523809523 -0.04431079099877765 0.0183519463216485
0.1428571428571428 -0.04431079099877765 0.0183519463216485
0.1904761904761905 -0.04431079099877765 0.0183519463216485
0.2380952380952381 -0.04431079099877765 0.0183519463216485
0.2857142857142857 -0.04431079099877765 0.0183519463216485
0.3333333333333333 -0.04431079099877765 0.0183519463216485
0.3809523809523809 -0.04431079099877765 0.0183519463216485
0.4285714285714285 -0.04431079099877765 0.0183519463216485
0.4761904761904762 -0.04431079099877765 0.0183519463216485
0.5238095238095238 -0.04431079099877765 0.0183519463216485
0.5714285714285714 -0.04431079099877765 0.0183519463216485
0.6190476190476191 -0.04431079099877765 0.0183519463216485
0.6666666666666666 -0.04431079099877765 0.0183519463216485
0.7142857142857143 -0.04431079099877765 0.0183519463216485
0.7619047619047619 -0.04431079099877765 0.0183519463216485
0.8095238095238095 -0.04431079099877765 0.0183519463216485
0.8571428571428571 -0.04431079099877765 0.0183519463216485
0.9047619047619048 -0.04431079099877765 0.0183519463216485
0.9523809523809523 -0.04431079099877765 0.0183519463216485
0.04761904761904762 -0.04205096824663374 0.01741327596572102
0.09523809523809523 -0.04205096824663374 0.01741327596572102
0.1428571428571428 -0.04205096824663374 0.01741327596572102
0.1904761904761905 -0.04205096824663374 0.01741327596572102
0.2380952380952381 -0.04205096824663374 0.01741327596572102
0.2857142857142857 -0.04205096824663374 0.01741327596572102
0.3333333333333333 -0.04205096824663374 0.01741327596572102
0.3809523809523809 -0.04205096824663374 0.01741327596572102
0.4285714285714285 -0.04205096824663374 0.01741327596572102
0.4761904761904762 -0.04205096824663374 0.01741327596572102
0.5238095238095238 -0.04205096824663374 0.01741327596572102
0.5714285714285714 -0.04205096824663374 0.01741327596572102
0.6190476190476191 -0.04205096824663374 0.01741327596572102
0.6666666666666666 -0.04205096824663374 0.01741327596572102
0.7142857142857143 -0.04205096824663374 0.01741327596572102
0.7619047619047619 -0.04205096824663374 0.01741327596572102
0.8095238095238095 -0.04205096824663374 0.01741327596572102
0.8571428571428571 -0.04205096824663374 0.01741327596572102
0.9047619047619048 -0.04205096824663374 0.01741327596572102
0.9523809523809523 -0.04205096824663374 0.01741327596572102
0.04761904761904762 -0.03933918094406104 0.01628687153860806
0.09523809523809523 -0.03933918094406104 0.01628687153860806
0.1428571428571428 -0.03933918094406104 0.01628687153860806
0.1904761904761905 -0.03933918094406104 0.01628687153860806
0.2380952380952381 -0.03933918094406104 0.01628687153860806
0.2857142857142857 -0.03933918094406104 0.01628687153860806
0.3333333333333333 -0.03933918094406104 0.01628687153860806
0.3809523809523809 -0.03933918094406104 0.01628687153860806
0.4285714285714285 -0.03933918094406104 0.01628687153860806
0.4761904761904762 -0.03933918094406104 0.01628687153860806
0.5238095238095238 -0.03933918094406104 0.01628687153860806
0.5714285714285714 -0.03933918094406104 0.01628687153860806
0.6190476190476191 -0.03933918094406104 0.01628687153860806
0.6666666666666666 -0.03933918094406104 0.01628687153860806
0.7142857142857143 -0.03933918094406104 0.01628687153860806
0.7619047619047619 -0.03933918094406104 0.01628687153860806
0.8095238095238095 -0.03933918094406104 0.01628687153860806
0.8571428571428571 -0.03933918094406104 0.01628687153860806
0.9047619047619048 -0.03933918094406104 0.01628687153860806
0.9523809523809523 -0.03933918094406104 0.01628687153860806
0.04761904761904762 -0.03608503618097381 0.0149351862260725
0.09523809523809523 -0.03608503618097381 0.0149351862260725
0.1428571428571428 -0.03608503618097381 0.0149351862260725
0.1904761904761905 -0.03608503618097381 0.0149351862260725
0.2380952380952381 -0.03608503618097381 0.0149351862260725
0.2857142857142857 -0.03608503618097381 0.0149351862260725
0.3333333333333333 -0.03608503618097381 0.0149351862260725
0.3809523809523809 -0.03608503618097381 0.0149351862260725
0.4285714285714285 -0.03608503618097381 0.0149351862260725
0.4761904761904762 -0.03608503618097381 0.0149351862260725
0.5238095238095238 -0.03608503618097381 0.0149351862260725
0.5714285714285714 -0.03608503618097381 0.0149351862260725
0.6190476190476191 -0.03608503618097381 0.0149351862260725
0.6666666666666666 -0.03608503618097381 0.0149351862260725
0.7142857142857143 -0.03608503618097381 0.0149351862260725
0.7619047619047619 -0.03608503618097381 0.0149351862260725
0.8095238095238095 -0.03608503618097381 0.0149351862260725
0.8571428571428571 -0.03608503618097381 0.0149351862260725
0.9047619047619048 -0.03608503618097381 0.0149351862260725
0.9523809523809523 -0.03608503618097381 0.0149351862260725
0.04761904761904762 -0.03218006246526912 0.01331316385102982
0.09523809523809523 -0.03218006246526912 0.01331316385102982
0.1428571428571428 -0.03218006246526912 0.01331316385102982
0.1904761904761905 -0.03218006246526912 0.01331316385102982
0.2380952380952381 -0.03218006246526912 0.01331316385102982
0.2857142857142857 -0.03218006246526912 0.01331316385102982
0.3333333333333333 -0.03218006246526912 0.01331316385102982
0.3809523809523809 -0.03218006246526912 0.01331316385102982
0.4285714285714285 -0.03218006246526912 0.01331316385102982
0.4761904761904762 -0.03218006246526912 0.01331316385102982
0.5238095238095238 -0.03218006246526912 0.01331316385102982
0.5714285714285714 -0.03218006246526912 0.01331316385102982
0.6190476190476191 -0.03218006246526912 0.01331316385102982
0.6666666666666666 -0.03218006246526912 0.01331316385102982
0.7142857142857143 -0.03218006246526912 0.01331316385102982
0.7619047619047619 -0.03218006246526912 0.01331316385102982
0.8095238095238095 -0.03218006246526912 0.01331316385102982
0.8571428571428571 -0.03218006246526912 0.01331316385102982
0.9047619047619048 -0.03218006246526912 0.01331316385102982
0.9523809523809523 -0.03218006246526912 0.01331316385102982
0.04761904761904762 -0.02749409400642351 0.01136673700097862
0.09523809523809523 -0.02749409400642351 0.01136673700097862
0.1428571428571428 -0.02749409400642351 0.01136673700097862
0.1904761904761905 -0.02749409400642351 0.01136673700097862
0.2380952380952381 -0.02749409400642351 0.01136673700097862
0.2857142857142857 -0.02749409400642351 0.01136673700097862
0.3333333333333333 -0.02749409400642351 0.01136673700097862
0.3809523809523809 -0.02749409400642351 0.01136673700097862
0.4285714285714285 -0.02749409400642351 0.01136673700097862
0.4761904761904762 -0.02749409400642351 0.01136673700097862
0.5238095238095238 -0.02749409400642351 0.01136673700097862
0.5714285714285714 -0.02749409400642351 0.01136673700097862
0.6190476190476191 -0.02749409400642351 0.01136673700097862
0.6666666666666666 -0.02749409400642351 0.01136673700097862
0.7142857142857143 -0.02749409400642351 0.01136673700097862
0.7619047619047619 -0.02749409400642351 0.01136673700097862
0.8095238095238095 -0.02749409400642351 0.01136673700097862
0.8571428571428571 -0.02749409400642351 0.01136673700097862
0.9047619047619048 -0.02749409400642351 0.01136673700097862
0.9523809523809523 -0.02749409400642351 0.01136673700097862
0.04761904761904762 0.0339148470642078 -0.03391199317854109
0.09523809523809523 0.0339148470642078 -0.03391199317854109
0.1428571428571428 0.0339148470642078 -0.03391199317854109
0.1904761904761905 0.0339148470642078 -0.03391199317854109
0.2380952380952381 0.0339148470642078 -0.03391199317854109
0.2857142857142857 0.0339148470642078 -0.03391199317854109
0.3333333333333333 0.0339148470642078 -0.03391199317854109
0.3809523809523809 0.0339148470642078 -0.03391199317854109
0.4285714285714285 0.0339148470642078 -0.03391199317854109
0.4761904761904762 0.0339148470642078 -0.03391199317854109
0.5238095238095238 0.0339148470642078 -0.03391199317854109
0.5714285714285714 0.0339148470642078 -0.03391199317854109
0.6190476190476191 0.0339148470642078 -0.03391199317854109
0.6666666666666666 0.0339148470642078 -0.03391199317854109
0.7142857142857143 0.0339148470642078 -0.03391199317854109
0.7619047619047619 0.0339148470642078 -0.03391199317854109
0.8095238095238095 0.0339148470642078 -0.03391199317854109
0.8571428571428571 0.0339148470642078 -0.03391199317854109
0.9047619047619048 0.0339148470642078 -0.03391199317854109
0.9523809523809523 0.0339148470642078 -0.03391199317854109
0.04761904761904762 0.0321862566700644 -0.03217997812159746
0.09523809523809523 0.0321862566700644 -0.03217997812159746
0.1428571428571428 0.0321862566700644 -0.03217997812159746
0.1904761904761905 0.0321862566700644 -0.03217997812159746
0.2380952380952381 0.0321862566700644 -0.03217997812159746
0.2857142857142857 0.0321862566700644 -0.03217997812159746
0.3333333333333333 0.0321862566700644 -0.03217997812159746
0.3809523809523809 0.0321862566700644 -0.03217997812159746
0.4285714285714285 0.0321862566700644 -0.03217997812159746
0.4761904761904762 0.0321862566700644 -0.03217997812159746
0.5238095238095238 0.0321862566700644 -0.03217997812159746
0.5714285714285714 0.0321862566700644 -0.03217997812159746
0.6190476190476191 0.0321862566700644 -0.03217997812159746
0.6666666666666666 0.0321862566700644 -0.03217997812159746
0.7142857142857143 0.0321862566700644 -0.03217997812159746
0.7619047619047619 0.0321862566700644 -0.03217997812159746
0.8095238095238095 0.0321862566700644 -0.03217997812159746
0.8571428571428571 0.0321862566700644 -0.03217997812159746
0.9047619047619048 0.0321862566700644 -0.03217997812159746
0.9523809523809523 0.0321862566700644 -0.03217997812159746
0.04761904761904762 0.0301119481970923 -0.0301015600532651
0.09523809523809523 0.0301119481970923 -0.0301015600532651
0.1428571428571428 0.0301119481970923 -0.0301015600532651
0.1904761904761905 0.0301119481970923 -0.0301015600532651
0.2380952380952381 0.0301119481970923 -0.0301015600532651
0.2857142857142857 0.0301119481970923 -0.0301015600532651
0.3333333333333333 0.0301119481970923 -0.0301015600532651
0.3809523809523809 0.0301119481970923 -0.0301015600532651
0.4285714285714285 0.0301119481970923 -0.0301015600532651
0.4761904761904762 0.0301119481970923 -0.0301015600532651
0.5238095238095238 0.0301119481970923 -0.0301015600532651
0.5714285714285714 0.0301119481970923 -0.0301015600532651
0.6190476190476191 0.0301119481970923 -0.0301015600532651
0.6666666666666666 0.0301119481970923 -0.0301015600532651
0.7142857142857143 0.0301119481970923 -0.0301015600532651
0.7619047619047619 0.0301119481970923 -0.0301015600532651
0.8095238095238095 0.0301119481970923 -0.0301015600532651
0.8571428571428571 0.0301119481970923 -0.0301015600532651
0.9047619047619048 0.0301119481970923 -0.0301015600532651
0.9523809523809523 0.0301119481970923 -0.0301015600532651
0.04761904761904762 0.0276227780295258 -0.02760745837126628
0.09523809523809523 0.0276227780295258 -0.02760745837126628
0.1428571428571428 0.0276227780295258 -0.02760745837126628
0.1904761904761905 0.0276227780295258 -0.02760745837126628
0.2380952380952381 0.0276227780295258 -0.02760745837126628
0.2857142857142857 0.0276227780295258 -0.02760745837126628
0.3333333333333333 0.0276227780295258 -0.02760745837126628
0.3809523809523809 0.0276227780295258 -0.02760745837126628
0.4285714285714285 0.0276227780295258 -0.02760745837126628
0.4761904761904762 0.0276227780295258 -0.02760745837126628
0.5238095238095238 0.0276227780295258 -0.02760745837126628
0.5714285714285714 0.0276227780295258 -0.02760745837126628
0.6190476190476191 0.0276227780295258 -0.02760745837126628
0.6666666666666666 0.0276227780295258 -0.02760745837126628
0.7142857142857143 0.0276227780295258 -0.02760745837126628
0.7619047619047619 0.0276227780295258 -0.02760745837126628
0.8095238095238095 0.0276227780295258 -0.02760745837126628
0.8571428571428571 0.0276227780295258 -0.02760745837126628
0.9047619047619048 0.0276227780295258 -0.02760745837126628
0.9523809523809523 0.0276227780295258 -0.02760745837126628
0.04761904761904762 0.02463577382844599 -0.02461453635286769
0.09523809523809523 0.02463577382844599 -0.02461453635286769
0.1428571428571428 0.02463577382844599 -0.02461453635286769
0.1904761904761905 0.02463577382844599 -0.02461453635286769
0.2380952380952381 0.02463577382844599 -0.02461453635286769
0.2857142857142857 0.02463577382844599 -0.02461453635286769
0.3333333333333333 0.02463577382844599 -0.02461453635286769
0.3809523809523809 0.02463577382844599 -0.02461453635286769
0.4285714285714285 0.02463577382844599 -0.02461453635286769
0.4761904761904762 0.02463577382844599 -0.02461453635286769
0.5238095238095238 0.02463577382844599 -0.02461453635286769
0.5714285714285714 0.02463577382844599 -0.02461453635286769
0.6190476190476191 0.02463577382844599 -0.02461453635286769
0.6666666666666666 0.02463577382844599 -0.02461453635286769
0.7142857142857143 0.02463577382844599 -0.02461453635286769
0.7619047619047619 0.02463577382844599 -0.02461453635286769
0.8095238095238095 0.02463577382844599 -0.02461453635286769
0.8571428571428571 0.02463577382844599 -0.02461453635286769
0.9047619047619048 0.02463577382844599 -0.02461453635286769
0.9523809523809523 0.02463577382844599 -0.02461453635286769
0.04761904761904762 0.02105136878715022 -0.02102302993078939
0.09523809523809523 0.02105136878715022 -0.02102302993078939
0.1428571428571428 0.02105136878715022 -0.02102302993078939
0.1904761904761905 0.02105136878715022 -0.02102302993078939
0.2380952380952381 0.02105136878715022 -0.02102302993078939
0.2857142857142857 0.02105136878715022 -0.02102302993078939
0.3333333333333333 0.02105136878715022 -0.02102302993078939
0.3809523809523809 0.02105136878715022 -0.02102302993078939
0.4285714285714285 0.02105136878715022 -0.02102302993078939
0.4761904761904762 0.02105136878715022 -0.02102302993078939
0.5238095238095238 0.02105136878715022 -0.02102302993078939
0.5714285714285714 0.02105136878715022 -0.02102302993078939
0.6190476190476191 0.02105136878715022 -0.02102302993078939
0.6666666666666666 0.02105136878715022 -0.02102302993078939
0.7142857142857143 0.02105136878715022 -0.02102302993078939
0.7619047619047619 0.02105136878715022 -0.02102302993078939
0.8095238095238095 0.02105136878715022 -0.02102302993078939
0.8571428571428571 0.02105136878715022 -0.02102302993078939
0.9047619047619048 0.02105136878715022 -0.02102302993078939
0.9523809523809523 0.02105136878715022 -0.02102302993078939
0.04761904761904762 0.04430924648698467 0.01835567510296634
0.09523809523809523 0.04430924648698467 0.01835567510296634
0.1428571428571428 0.04430924648698467 0.01835567510296634
0.1904761904761905 0.04430924648698467 0.01835567510296634
0.2380952380952381 0.04430924648698467 0.01835567510296634
0.2857142857142857 0.04430924648698467 0.01835567510296634
0.3333333333333333 0.04430924648698467 0.01835567510296634
0.3809523809523809 0.04430924648698467 0.01835567510296634
0.4285714285714285 0.04430924648698467 0.01835567510296634
0.4761904761904762 0.04430924648698467 0.01835567510296634
0.5238095238095238 0.04430924648698467 0.01835567510296634
0.5714285714285714 0.04430924648698467 0.01835567510296634
0.6190476190476191 0.04430924648698467 0.01835567510296634
0.6666666666666666 0.04430924648698467 0.01835567510296634
0.7142857142857143 0.04430924648698467 0.01835567510296634
0.7619047619047619 0.04430924648698467 0.01835567510296634
0.8095238095238095 0.04430924648698467 0.01835567510296634
0.8571428571428571 0.04430924648698467 0.01835567510296634
0.9047619047619048 0.04430924648698467 0.01835567510296634
0.9523809523809523 0.04430924648698467 0.01835567510296634
0.04761904761904762 0.04204757032068896 0.01742147928462084
0.09523809523809523 0.04204757032068896 0.01742147928462084
0.1428571428571428 0.04204757032068896 0.01742147928462084
0.1904761904761905 0.04204757032068896 0.01742147928462084
0.2380952380952381 0.04204757032068896 0.01742147928462084
0.2857142857142857 0.04204757032068896 0.01742147928462084
0.3333333333333333 0.04204757032068896 0.01742147928462084
0.3809523809523809 0.04204757032068896 0.01742147928462084
0.4285714285714285 0.04204757032068896 0.01742147928462084
0.4761904761904762 0.04204757032068896 0.01742147928462084
0.5238095238095238 0.04204757032068896 0.01742147928462084
0.5714285714285714 0.04204757032068896 0.01742147928462084
0.6190476190476191 0.04204757032068896 0.01742147928462084
0.6666666666666666 0.04204757032068896 0.01742147928462084
0.7142857142857143 0.04204757032068896 0.01742147928462084
0.7619047619047619 0.04204757032068896 0.01742147928462084
0.8095238095238095 0.04204757032068896 0.01742147928462084
0.8571428571428571 0.04204757032068896 0.01742147928462084
0.9047619047619048 0.04204757032068896 0.01742147928462084
0.9523809523809523 0.04204757032068896 0.01742147928462084
0.04761904761904762 0.0393335589211341 0.01630044430260623
0.09523809523809523 0.0393335589211341 0.01630044430260623
0.1428571428571428 0.0393335589211341 0.01630044430260623
0.1904761904761905 0.0393335589211341 0.01630044430260623
0.2380952380952381 0.0393335589211341 0.01630044430260623
0.2857142857142857 0.0393335589211341 0.01630044430260623
0.3333333333333333 0.0393335589211341 0.01630044430260623
0.3809523809523809 0.0393335589211341 0.01630044430260623
0.4285714285714285 0.0393335589211341 0.01630044430260623
0.4761904761904762 0.0393335589211341 0.01630044430260623
0.5238095238095238 0.0393335589211341 0.01630044430260623
0.5714285714285714 0.0393335589211341 0.01630044430260623
0.6190476190476191 0.0393335589211341 0.01630044430260623
0.6666666666666666 0.0393335589211341 0.01630044430260623
0.7142857142857143 0.0393335589211341 0.01630044430260623
0.7619047619047619 0.0393335589211341 0.01630044430260623
0.8095238095238095 0.0393335589211341 0.01630044430260623
0.8571428571428571 0.0393335589211341 0.01630044430260623
0.9047619047619048 0.0393335589211341 0.01630044430260623
0.9523809523809523 0.0393335589211341 0.01630044430260623
0.04761904761904762 0.03607674524166828 0.01495520232418871
0.09523809523809523 0.03607674524166828 0.01495520232418871
0.1428571428571428 0.03607674524166828 0.01495520232418871
0.1904761904761905 0.03607674524166828 0.01495520232418871
0.2380952380952381 0.03607674524166828 0.01495520232418871
0.2857142857142857 0.03607674524166828 0.01495520232418871
0.3333333333333333 0.03607674524166828 0.01495520232418871
0.3809523809523809 0.03607674524166828 0.01495520232418871
0.4285714285714285 0.03607674524166828 0.01495520232418871
0.4761904761904762 0.03607674524166828 0.01495520232418871
0.5238095238095238 0.03607674524166828 0.01495520232418871
0.5714285714285714 0.03607674524166828 0.01495520232418871
0.6190476190476191 0.03607674524166828 0.01495520232418871
0.6666666666666666 0.03607674524166828 0.01495520232418871
0.7142857142857143 0.03607674524166828 0.01495520232418871
0.7619047619047619 0.03607674524166828 0.01495520232418871
0.8095238095238095 0.03607674524166828 0.01495520232418871
0.8571428571428571 0.03607674524166828 0.01495520232418871
0.9047619047619048 0.03607674524166828 0.01495520232418871
0.9523809523809523 0.03607674524166828 0.01495520232418871
0.04761904761904762 0.03216856882630928 0.01334091195008768
0.09523809523809523 0.03216856882630928 0.01334091195008768
0.1428571428571428 0.03216856882630928 0.01334091195008768
0.1904761904761905 0.03216856882630928 0.01334091195008768
0.2380952380952381 0.03216856882630928 0.01334091195008768
0.2857142857142857 0.03216856882630928 0.01334091195008768
0.3333333333333333 0.03216856882630928 0.01334091195008768
0.3809523809523809 0.03216856882630928 0.01334091195008768
0.4285714285714285 0.03216856882630928 0.01334091195008768
0.4761904761904762 0.03216856882630928 0.01334091195008768
0.5238095238095238 0.03216856882630928 0.01334091195008768
0.5714285714285714 0.03216856882630928 0.01334091195008768
0.6190476190476191 0.03216856882630928 0.01334091195008768
0.6666666666666666 0.03216856882630928 0.01334091195008768
0.7142857142857143 0.03216856882630928 0.01334091195008768
0.7619047619047619 0.03216856882630928 0.01334091195008768
0.8095238095238095 0.03216856882630928 0.01334091195008768
0.8571428571428571 0.03216856882630928 0.01334091195008768
0.9047619047619048 0.03216856882630928 0.01334091195008768
0.9523809523809523 0.03216856882630928 0.01334091195008768
0.04761904761904762 0.02747875712787849 0.01140376350116645
0.09523809523809523 0.02747875712787849 0.01140376350116645
0.1428571428571428 0.02747875712787849 0.01140376350116645
0.1904761904761905 0.02747875712787849 0.01140376350116645
0.2380952380952381 0.02747875712787849 0.01140376350116645
0.2857142857142857 0.02747875712787849 0.01140376350116645
0.3333333333333333 0.02747875712787849 0.01140376350116645
0.3809523809523809 0.02747875712787849 0.01140376350116645
0.4285714285714285 0.02747875712787849 0.01140376350116645
0.4761904761904762 0.02747875712787849 0.01140376350116645
0.5238095238095238 0.02747875712787849 0.01140376350116645
0.5714285714285714 0.02747875712787849 0.01140376350116645
0.6190476190476191 0.02747875712787849 0.01140376350116645
0.6666666666666666 0.02747875712787849 0.01140376350116645
0.7142857142857143 0.02747875712787849 0.01140376350116645
0.7619047619047619 0.02747875712787849 0.01140376350116645
0.8095238095238095 0.02747875712787849 0.01140376350116645
0.8571428571428571 0.02747875712787849 0.01140376350116645
0.9047619047619048 0.02747875712787849 0.01140376350116645
0.9523809523809523 0.02747875712787849 0.01140376350116645
0.04761904761904762 -0.04796081868210435 -2.018001907534547e-06
0.09523809523809523 -0.04796081868210435 -2.018001907534547e-06
0.1428571428571428 -0.04796081868210435 -2.018001907534547e-06
0.1904761904761905 -0.04796081868210435 -2.018001907534547e-06
0.2380952380952381 -0.04796081868210435 -2.018001907534547e-06
0.2857142857142857 -0.04796081868210435 -2.018001907534547e-06
0.3333333333333333 -0.04796081868210435 -2.018001907534547e-06
0.3809523809523809 -0.04796081868210435 -2.018001907534547e-06
0.4285714285714285 -0.04796081868210435 -2.018001907534547e-06
0.4761904761904762 -0.04796081868210435 -2.018001907534547e-06
0.5238095238095238 -0.04796081868210435 -2.018001907534547e-06
0.5714285714285714 -0.04796081868210435 -2.018001907534547e-06
0.6190476190476191 -0.04796081868210435 -2.018001907534547e-06
0.6666666666666666 -0.04796081868210435 -2.018001907534547e-06
0.7142857142857143 -0.04796081868210435 -2.018001907534547e-06
0.7619047619047619 -0.04796081868210435 -2.018001907534547e-06
0.8095238095238095 -0.04796081868210435 -2.018001907534547e-06
0.8571428571428571 -0.04796081868210435 -2.018001907534547e-06
0.9047619047619048 -0.04796081868210435 -2.018001907534547e-06
0.9523809523809523 -0.04796081868210435 -2.018001907534547e-06
0.04761904761904762 -0.04551380110062959 -4.439604196853477e-06
0.09523809523809523 -0.04551380110062959 -4.439604196853477e-06
0.1428571428571428 -0.04551380110062959 -4.439604196853477e-06
0.1904761904761905 -0.04551380110062959 -4.439604196853477e-06
0.2380952380952381 -0.04551380110062959 -4.439604196853477e-06
0.2857142857142857 -0.04551380110062959 -4.439604196853477e-06
0.3333333333333333 -0.04551380110062959 -4.439604196853477e-06
0.3809523809523809 -0.04551380110062959 -4.439604196853477e-06
0.4285714285714285 -0.04551380110062959 -4.439604196853477e-06
0.4761904761904762 -0.04551380110062959 -4.439604196853477e-06
0.5238095238095238 -0.04551380110062959 -4.439604196853477e-06
0.5714285714285714 -0.04551380110062959 -4.439604196853477e-06
0.6190476190476191 -0.04551380110062959 -4.439604196853477e-06
0.6666666666666666 -0.04551380110062959 -4.439604196853477e-06
0.7142857142857143 -0.04551380110062959 -4.439604196853477e-06
0.7619047619047619 -0.04551380110062959 -4.439604196853477e-06
0.8095238095238095 -0.04551380110062959 -4.439604196853477e-06
0.8571428571428571 -0.04551380110062959 -4.439604196853477e-06
0.9047619047619048 -0.04551380110062959 -4.439604196853477e-06
0.9523809523809523 -0.04551380110062959 -4.439604196853477e-06
0.04761904761904762 -0.04257738000285986 -7.345526944036193e-06
0.09523809523809523 -0.04257738000285986 -7.345526944036193e-06
0.1428571428571428 -0.04257738000285986 -7.345526944036193e-06
0.1904761904761905 -0.04257738000285986 -7.345526944036193e-06
0.2380952380952381 -0.04257738000285986 -7.345526944036193e-06
0.2857142857142857 -0.04257738000285986 -7.345526944036193e-06
0.3333333333333333 -0.04257738000285986 -7.345526944036193e-06
0.3809523809523809 -0.04257738000285986 -7.345526944036193e-06
0.4285714285714285 -0.04257738000285986 -7.345526944036193e-06
0.4761904761904762 -0.04257738000285986 -7.345526944036193e-06
0.5238095238095238 -0.04257738000285986 -7.345526944036193e-06
0.5714285714285714 -0.04257738000285986 -7.345526944036193e-06
0.6190476190476191 -0.04257738000285986 -7.345526944036193e-06
0.6666666666666666 -0.04257738000285986 -7.345526944036193e-06
0.7142857142857143 -0.04257738000285986 -7.345526944036193e-06
0.7619047619047619 -0.04257738000285986 -7.345526944036193e-06
0.8095238095238095 -0.04257738000285986 -7.345526944036193e-06
0.8571428571428571 -0.04257738000285986 -7.345526944036193e-06
0.9047619047619048 -0.04257738000285986 -7.345526944036193e-06
0.9523809523809523 -0.04257738000285986 -7.345526944036193e-06
0.04761904761904762 -0.03905367468553618 -1.083263424065546e-05
0.09523809523809523 -0.03905367468553618 -1.083263424065546e-05
0.1428571428571428 -0.03905367468553618 -1.083263424065546e-05
0.1904761904761905 -0.03905367468553618 -1.083263424065546e-05
0.2380952380952381 -0.03905367468553618 -1.083263424065546e-05
0.2857142857142857 -0.03905367468553618 -1.083263424065546e-05
0.3333333333333333 -0.03905367468553618 -1.083263424065546e-05
0.3809523809523809 -0.03905367468553618 -1.083263424065546e-05
0.4285714285714285 -0.03905367468553618 -1.083263424065546e-05
0.4761904761904762 -0.03905367468553618 -1.083263424065546e-05
0.5238095238095238 -0.03905367468553618 -1.083263424065546e-05
0.5714285714285714 -0.03905367468553618 -1.083263424065546e-05
0.6190476190476191 -0.03905367468553618 -1.083263424065546e-05
0.6666666666666666 -0.03905367468553618 -1.083263424065546e-05
0.7142857142857143 -0.03905367468553618 -1.083263424065546e-05
0.7619047619047619 -0.03905367468553618 -1.083263424065546e-05
0.8095238095238095 -0.03905367468553618 -1.083263424065546e-05
0.8571428571428571 -0.03905367468553618 -1.083263424065546e-05
0.9047619047619048 -0.03905367468553618 -1.083263424065546e-05
0.9523809523809523 -0.03905367468553618 -1.083263424065546e-05
0.04761904761904762 -0.03482522830474778 -1.501716299659857e-05
0.09523809523809523 -0.03482522830474778 -1.501716299659857e-05
0.1428571428571428 -0.03482522830474778 -1.501716299659857e-05
0.1904761904761905 -0.03482522830474778 -1.501716299659857e-05
0.2380952380952381 -0.03482522830474778 -1.501716299659857e-05
0.2857142857142857 -0.03482522830474778 -1.501716299659857e-05
0.3333333333333333 -0.03482522830474778 -1.501716299659857e-05
0.3809523809523809 -0.03482522830474778 -1.501716299659857e-05
0.4285714285714285 -0.03482522830474778 -1.501716299659857e-05
0.4761904761904762 -0.03482522830474778 -1.501716299659857e-05
0.5238095238095238 -0.03482522830474778 -1.501716299659857e-05
0.5714285714285714 -0.03482522830474778 -1.501716299659857e-05
0.6190476190476191 -0.03482522830474778 -1.501716299659857e-05
0.6666666666666666 -0.03482522830474778 -1.501716299659857e-05
0.7142857142857143 -0.03482522830474778 -1.501716299659857e-05
0.7619047619047619 -0.03482522830474778 -1.501716299659857e-05
0.8095238095238095 -0.03482522830474778 -1.501716299659857e-05
0.8571428571428571 -0.03482522830474778 -1.501716299659857e-05
0.9047619047619048 -0.03482522830474778 -1.501716299659857e-05
0.9523809523809523 -0.03482522830474778 -1.501716299659857e-05
0.04761904761904762 -0.02975109264780169 -2.00385975037303e-05
0.09523809523809523 -0.02975109264780169 -2.00385975037303e-05
0.1428571428571428 -0.02975109264780169 -2.00385975037303e-05
0.1904761904761905 -0.02975109264780169 -2.00385975037303e-05
0.2380952380952381 -0.02975109264780169 -2.00385975037303e-05
0.2857142857142857 -0.02975109264780169 -2.00385975037303e-05
0.3333333333333333 -0.02975109264780169 -2.00385975037303e-05
0.3809523809523809 -0.02975109264780169 -2.00385975037303e-05
0.4285714285714285 -0.02975109264780169 -2.00385975037303e-05
0.4761904761904762 -0.02975109264780169 -2.00385975037303e-05
0.5238095238095238 -0.02975109264780169 -2.00385975037303e-05
0.5714285714285714 -0.02975109264780169 -2.00385975037303e-05
0.6190476190476191 -0.02975109264780169 -2.00385975037303e-05
0.6666666666666666 -0.02975109264780169 -2.00385975037303e-05
0.7142857142857143 -0.02975109264780169 -2.00385975037303e-05
0.7619047619047619 -0.02975109264780169 -2.00385975037303e-05
0.8095238095238095 -0.02975109264780169 -2.00385975037303e-05
0.8571428571428571 -0.02975109264780169 -2.00385975037303e-05
0.9047619047619048 -0.02975109264780169 -2.00385975037303e-05
0.9523809523809523 -0.02975109264780169 -2.00385975037303e-05
0.04761904761904762 0.03391199317854122 0.03391484706420766
0.09523809523809523 0.03391199317854122 0.03391484706420766
0.1428571428571428 0.03391199317854122 0.03391484706420766
0.1904761904761905 0.03391199317854122 0.03391484706420766
0.2380952380952381 0.03391199317854122 0.03391484706420766
0.2857142857142857 0.03391199317854122 0.03391484706420766
0.3333333333333333 0.03391199317854122 0.03391484706420766
0.3809523809523809 0.03391199317854122 0.03391484706420766
0.4285714285714285 0.03391199317854122 0.03391484706420766
0.4761904761904762 0.03391199317854122 0.03391484706420766
0.5238095238095238 0.03391199317854122 0.03391484706420766
0.5714285714285714 0.03391199317854122 0.03391484706420766
0.6190476190476191 0.03391199317854122 0.03391484706420766
0.6666666666666666 0.03391199317854122 0.03391484706420766
0.7142857142857143 0.03391199317854122 0.03391484706420766
0.7619047619047619 0.03391199317854122 0.03391484706420766
0.8095238095238095 0.03391199317854122 0.03391484706420766
0.8571428571428571 0.03391199317854122 0.03391484706420766
0.9047619047619048 0.03391199317854122 0.03391484706420766
0.9523809523809523 0.03391199317854122 0.03391484706420766
0.04761904761904762 0.03217997812159759 0.03218625667006426
0.09523809523809523 0.03217997812159759 0.03218625667006426
0.1428571428571428 0.03217997812159759 0.03218625667006426
0.1904761904761905 0.03217997812159759 0.03218625667006426
0.2380952380952381 0.03217997812159759 0.03218625667006426
0.2857142857142857 0.03217997812159759 0.03218625667006426
0.3333333333333333 0.03217997812159759 0.03218625667006426
0.3809523809523809 0.03217997812159759 0.03218625667006426
0.4285714285714285 0.03217997812159759 0.03218625667006426
0.4761904761904762 0.03217997812159759 0.03218625667006426
0.5238095238095238 0.03217997812159759 0.03218625667006426
0.5714285714285714 0.03217997812159759 0.03218625667006426
0.6190476190476191 0.03217997812159759 0.03218625667006426
0.6666666666666666 0.03217997812159759 0.03218625667006426
0.7142857142857143 0.03217997812159759 0.03218625667006426
0.7619047619047619 0.03217997812159759 0.03218625667006426
0.8095238095238095 0.03217997812159759 0.03218625667006426
0.8571428571428571 0.03217997812159759 0.03218625667006426
0.9047619047619048 0.03217997812159759 0.03218625667006426
0.9523809523809523 0.03217997812159759 0.03218625667006426
0.04761904761904762 0.03010156005326522 0.03011194819709218
0.09523809523809523 0.03010156005326522 0.03011194819709218
0.1428571428571428 0.03010156005326522 0.03011194819709218
0.1904761904761905 0.03010156005326522 0.03011194819709218
0.2380952380952381 0.03010156005326522 0.03011194819709218
0.2857142857142857 0.03010156005326522 0.03011194819709218
0.3333333333333333 0.03010156005326522 0.03011194819709218
0.3809523809523809 0.03010156005326522 0.03011194819709218
0.4285714285714285 0.03010156005326522 0.03011194819709218
0.4761904761904762 0.03010156005326522 0.03011194819709218
0.5238095238095238 0.03010156005326522 0.03011194819709218
0.5714285714285714 0.03010156005326522 0.03011194819709218
0.6190476190476191 0.03010156005326522 0.03011194819709218
0.6666666666666666 0.03010156005326522 0.03011194819709218
0.7142857142857143 0.03010156005326522 0.03011194819709218
0.7619047619047619 0.03010156005326522 0.03011194819709218
0.8095238095238095 0.03010156005326522 0.03011194819709218
0.8571428571428571 0.03010156005326522 0.03011194819709218
0.9047619047619048 0.03010156005326522 0.03011194819709218
0.9523809523809523 0.03010156005326522 0.03011194819709218
0.04761904761904762 0.02760745837126639 0.02762277802952569
0.09523809523809523 0.02760745837126639 0.02762277802952569
0.1428571428571428 0.02760745837126639 0.02762277802952569
0.1904761904761905 0.02760745837126639 0.02762277802952569
0.2380952380952381 0.02760745837126639 0.02762277802952569
0.2857142857142857 0.02760745837126639 0.02762277802952569
0.3333333333333333 0.02760745837126639 0.02762277802952569
0.3809523809523809 0.02760745837126639 0.02762277802952569
0.4285714285714285 0.02760745837126639 0.02762277802952569
0.4761904761904762 0.02760745837126639 0.02762277802952569
0.5238095238095238 0.02760745837126639 0.02762277802952569
0.5714285714285714 0.02760745837126639 0.02762277802952569
0.6190476190476191 0.02760745837126639 0.02762277802952569
0.6666666666666666 0.02760745837126639 0.02762277802952569
0.7142857142857143 0.02760745837126639 0.02762277802952569
0.7619047619047619 0.02760745837126639 0.02762277802952569
0.8095238095238095 0.02760745837126639 0.02762277802952569
0.8571428571428571 0.02760745837126639 0.02762277802952569
0.9047619047619048 0.02760745837126639 0.02762277802952569
0.9523809523809523 0.02760745837126639 0.02762277802952569
0.04761904761904762 0.02461453635286779 0.02463577382844589
0.09523809523809523 0.02461453635286779 0.02463577382844589
0.1428571428571428 0.02461453635286779 0.02463577382844589
0.1904761904761905 0.02461453635286779 0.02463577382844589
0.2380952380952381 0.02461453635286779 0.02463577382844589
0.2857142857142857 0.02461453635286779 0.02463577382844589
0.3333333333333333 0.02461453635286779 0.02463577382844589
0.3809523809523809 0.02461453635286779 0.02463577382844589
0.4285714285714285 0.02461453635286779 0.02463577382844589
0.4761904761904762 0.02461453635286779 0.02463577382844589
0.5238095238095238 0.02461453635286779 0.02463577382844589
0.5714285714285714 0.02461453635286779 0.02463577382844589
0.6190476190476191 0.02461453635286779 0.02463577382844589
0.6666666666666666 0.02461453635286779 0.02463577382844589
0.7142857142857143 0.02461453635286779 0.02463577382844589
0.7619047619047619 0.02461453635286779 0.02463577382844589
0.8095238095238095 0.02461453635286779 0.02463577382844589
0.8571428571428571 0.02461453635286779 0.02463577382844589
0.9047619047619048 0.02461453635286779 0.02463577382844589
0.9523809523809523 0.02461453635286779 0.02463577382844589
0.04761904761904762 0.02102302993078948 0.02105136878715013
0.09523809523809523 0.02102302993078948 0.02105136878715013
0.1428571428571428 0.02102302993078948 0.02105136878715013
0.1904761904761905 0.02102302993078948 0.02105136878715013
0.2380952380952381 0.02102302993078948 0.02105136878715013
0.2857142857142857 0.02102302993078948 0.02105136878715013
0.3333333333333333 0.02102302993078948 0.02105136878715013
0.3809523809523809 0.02102302993078948 0.02105136878715013
0.4285714285714285 0.02102302993078948 0.02105136878715013
0.4761904761904762 0.02102302993078948 0.02105136878715013
0.5238095238095238 0.02102302993078948 0.02105136878715013
0.5714285714285714 0.02102302993078948 0.02105136878715013
0.6190476190476191 0.02102302993078948 0.02105136878715013
0.6666666666666666 0.02102302993078948 0.02105136878715013
0.7142857142857143 0.02102302993078948 0.02105136878715013
0.7619047619047619 0.02102302993078948 0.02105136878715013
0.8095238095238095 0.02102302993078948 0.02105136878715013
0.8571428571428571 0.02102302993078948 0.02105136878715013
0.9047619047619048 0.02102302993078948 0.02105136878715013
0.9523809523809523 0.02102302993078948 0.02105136878715013
0.04761904761904762 -0.04430924648698466 -0.01835567510296638
0.09523809523809523 -0.04430924648698466 -0.01835567510296638
0.1428571428571428 -0.04430924648698466 -0.01835567510296638
0.1904761904761905 -0.04430924648698466 -0.01835567510296638
0.2380952380952381 -0.04430924648698466 -0.01835567510296638
0.2857142857142857 -0.04430924648698466 -0.01835567510296638
0.3333333333333333 -0.04430924648698466 -0.01835567510296638
0.3809523809523809 -0.04430924648698466 -0.01835567510296638
0.4285714285714285 -0.04430924648698466 -0.01835567510296638
0.4761904761904762 -0.04430924648698466 -0.01835567510296638
0.5238095238095238 -0.04430924648698466 -0.01835567510296638
0.5714285714285714 -0.04430924648698466 -0.01835567510296638
0.6190476190476191 -0.04430924648698466 -0.01835567510296638
0.6666666666666666 -0.04430924648698466 -0.01835567510296638
0.7142857142857143 -0.04430924648698466 -0.01835567510296638
0.7619047619047619 -0.04430924648698466 -0.01835567510296638
0.8095238095238095 -0.04430924648698466 -0.01835567510296638
0.8571428571428571 -0.04430924648698466 -0.01835567510296638
0.9047619047619048 -0.04430924648698466 -0.01835567510296638
0.9523809523809523 -0.04430924648698466 -0.01835567510296638
0.04761904761904762 -0.04204757032068895 -0.01742147928462087
0.09523809523809523 -0.04204757032068895 -0.01742147928462087
0.1428571428571428 -0.04204757032068895 -0.01742147928462087
0.1904761904761905 -0.04204757032068895 -0.01742147928462087
0.2380952380952381 -0.04204757032068895 -0.01742147928462087
0.2857142857142857 -0.04204757032068895 -0.01742147928462087
0.3333333333333333 -0.04204757032068895 -0.01742147928462087
0.3809523809523809 -0.04204757032068895 -0.01742147928462087
0.4285714285714285 -0.04204757032068895 -0.01742147928462087
0.4761904761904762 -0.04204757032068895 -0.01742147928462087
0.5238095238095238 -0.04204757032068895 -0.01742147928462087
0.5714285714285714 -0.04204757032068895 -0.01742147928462087
0.6190476190476191 -0.04204757032068895 -0.01742147928462087
0.6666666666666666 -0.04204757032068895 -0.01742147928462087
0.7142857142857143 -0.04204757032068895 -0.01742147928462087
0.7619047619047619 -0.04204757032068895 -0.01742147928462087
0.8095238095238095 -0.04204757032068895 -0.01742147928462087
0.8571428571428571 -0.04204757032068895 -0.01742147928462087
0.9047619047619048 -0.04204757032068895 -0.01742147928462087
0.9523809523809523 -0.04204757032068895 -0.01742147928462087
0.04761904761904762 -0.0393335589211341 -0.01630044430260626
0.09523809523809523 -0.0393335589211341 -0.01630044430260626
0.1428571428571428 -0.0393335589211341 -0.01630044430260626
0.1904761904761905 -0.0393335589211341 -0.01630044430260626
0.2380952380952381 -0.0393335589211341 -0.01630044430260626
0.2857142857142857 -0.0393335589211341 -0.01630044430260626
0.3333333333333333 -0.0393335589211341 -0.01630044430260626
0.3809523809523809 -0.0393335589211341 -0.01630044430260626
0.4285714285714285 -0.0393335589211341 -0.01630044430260626
0.4761904761904762 -0.0393335589211341 -0.01630044430260626
0.5238095238095238 -0.0393335589211341 -0.01630044430260626
0.5714285714285714 -0.0393335589211341 -0.01630044430260626
0.6190476190476191 -0.0393335589211341 -0.01630044430260626
0.6666666666666666 -0.0393335589211341 -0.01630044430260626
0.7142857142857143 -0.0393335589211341 -0.01630044430260626
0.7619047619047619 -0.0393335589211341 -0.01630044430260626
0.8095238095238095 -0.0393335589211341 -0.01630044430260626
0.8571428571428571 -0.0393335589211341 -0.01630044430260626
0.9047619047619048 -0.0393335589211341 -0.01630044430260626
0.9523809523809523 -0.0393335589211341 -0.01630044430260626
0.04761904761904762 -0.03607674524166827 -0.01495520232418873
0.09523809523809523 -0.03607674524166827 -0.01495520232418873
0.1428571428571428 -0.03607674524166827 -0.01495520232418873
0.1904761904761905 -0.03607674524166827 -0.01495520232418873
0.2380952380952381 -0.03607674524166827 -0.01495520232418873
0.2857142857142857 -0.03607674524166827 -0.01495520232418873
0.3333333333333333 -0.03607674524166827 -0.01495520232418873
0.3809523809523809 -0.03607674524166827 -0.01495520232418873
0.4285714285714285 -0.03607674524166827 -0.01495520232418873
0.4761904761904762 -0.03607674524166827 -0.01495520232418873
0.5238095238095238 -0.03607674524166827 -0.01495520232418873
0.5714285714285714 -0.03607674524166827 -0.01495520232418873
0.6190476190476191 -0.03607674524166827 -0.01495520232418873
0.6666666666666666 -0.03607674524166827 -0.01495520232418873
0.7142857142857143 -0.03607674524166827 -0.01495520232418873
0.7619047619047619 -0.03607674524166827 -0.01495520232418873
0.8095238095238095 -0.03607674524166827 -0.01495520232418873
0.8571428571428571 -0.03607674524166827 -0.01495520232418873
0.9047619047619048 -0.03607674524166827 -0.01495520232418873
0.9523809523809523 -0.03607674524166827 -0.01495520232418873
0.04761904761904762 -0.03216856882630927 -0.0133409119500877
0.09523809523809523 -0.03216856882630927 -0.0133409119500877
0.1428571428571428 -0.03216856882630927 -0.0133409119500877
0.1904761904761905 -0.03216856882630927 -0.0133409119500877
0.2380952380952381 -0.03216856882630927 -0.0133409119500877
0.2857142857142857 -0.03216856882630927 -0.0133409119500877
0.3333333333333333 -0.03216856882630927 -0.0133409119500877
0.3809523809523809 -0.03216856882630927 -0.0133409119500877
0.4285714285714285 -0.03216856882630927 -0.0133409119500877
0.4761904761904762 -0.03216856882630927 -0.0133409119500877
0.5238095238095238 -0.03216856882630927 -0.0133409119500877
0.5714285714285714 -0.03216856882630927 -0.0133409119500877
0.6190476190476191 -0.03216856882630927 -0.0133409119500877
0.6666666666666666 -0.03216856882630927 -0.0133409119500877
0.7142857142857143 -0.03216856882630927 -0.0133409119500877
0.7619047619047619 -0.03216856882630927 -0.0133409119500877
0.8095238095238095 -0.03216856882630927 -0.0133409119500877
0.8571428571428571 -0.03216856882630927 -0.0133409119500877
0.9047619047619048 -0.03216856882630927 -0.0133409119500877
0.9523809523809523 -0.03216856882630927 -0.0133409119500877
0.04761904761904762 -0.02747875712787849 -0.01140376350116646
0.09523809523809523 -0.02747875712787849 -0.01140376350116646
0.1428571428571428 -0.02747875712787849 -0.01140376350116646
0.1904761904761905 -0.02747875712787849 -0.01140376350116646
0.2380952380952381 -0.02747875712787849 -0.01140376350116646
0.2857142857142857 -0.02747875712787849 -0.01140376350116646
0.3333333333333333 -0.02747875712787849 -0.01140376350116646
0.3809523809523809 -0.02747875712787849 -0.01140376350116646
0.4285714285714285 -0.02747875712787849 -0.01140376350116646
0.4761904761904762 -0.02747875712787849 -0.01140376350116646
0.5238095238095238 -0.02747875712787849 -0.01140376350116646
0.5714285714285714 -0.02747875712787849 -0.01140376350116646
0.6190476190476191 -0.02747875712787849 -0.01140376350116646
0.6666666666666666 -0.02747875712787849 -0.01140376350116646
0.7142857142857143 -0.02747875712787849 -0.01140376350116646
0.7619047619047619 -0.02747875712787849 -0.01140376350116646
0.8095238095238095 -0.02747875712787849 -0.01140376350116646
0.8571428571428571 -0.02747875712787849 -0.01140376350116646
0.9047619047619048 -0.02747875712787849 -0.01140376350116646
0.9523809523809523 -0.02747875712787849 -0.01140376350116646
0.04761904761904762 0.0443107909987777 -0.01835194632164839
0.09523809523809523 0.0443107909987777 -0.01835194632164839
0.1428571428571428 0.0443107909987777 -0.01835194632164839
0.1904761904761905 0.0443107909987777 -0.01835194632164839
0.2380952380952381 0.0443107909987777 -0.01835194632164839
0.2857142857142857 0.0443107909987777 -0.01835194632164839
0.3333333333333333 0.0443107909987777 -0.01835194632164839
0.3809523809523809 0.0443107909987777 -0.01835194632164839
0.4285714285714285 0.0443107909987777 -0.01835194632164839
0.4761904761904762 0.0443107909987777 -0.01835194632164839
0.5238095238095238 0.0443107909987777 -0.01835194632164839
0.5714285714285714 0.0443107909987777 -0.01835194632164839
0.6190476190476191 0.0443107909987777 -0.01835194632164839
0.6666666666666666 0.0443107909987777 -0.01835194632164839
0.7142857142857143 0.0443107909987777 -0.01835194632164839
0.7619047619047619 0.0443107909987777 -0.01835194632164839
0.8095238095238095 0.0443107909987777 -0.01835194632164839
0.8571428571428571 0.0443107909987777 -0.01835194632164839
0.9047619047619048 0.0443107909987777 -0.01835194632164839
0.9523809523809523 0.0443107909987777 -0.01835194632164839
0.04761904761904762 0.04205096824663378 -0.01741327596572093
0.09523809523809523 0.04205096824663378 -0.01741327596572093
0.1428571428571428 0.04205096824663378 -0.01741327596572093
0.1904761904761905 0.04205096824663378 -0.01741327596572093
0.2380952380952381 0.04205096824663378 -0.01741327596572093
0.2857142857142857 0.04205096824663378 -0.01741327596572093
0.3333333333333333 0.04205096824663378 -0.01741327596572093
0.3809523809523809 0.04205096824663378 -0.01741327596572093
0.4285714285714285 0.04205096824663378 -0.01741327596572093
0.4761904761904762 0.04205096824663378 -0.01741327596572093
0.5238095238095238 0.04205096824663378 -0.01741327596572093
0.5714285714285714 0.04205096824663378 -0.01741327596572093
0.6190476190476191 0.04205096824663378 -0.01741327596572093
0.6666666666666666 0.04205096824663378 -0.01741327596572093
0.7142857142857143 0.04205096824663378 -0.01741327596572093
0.7619047619047619 0.04205096824663378 -0.01741327596572093
0.8095238095238095 0.04205096824663378 -0.01741327596572093
0.8571428571428571 0.04205096824663378 -0.01741327596572093
0.9047619047619048 0.04205096824663378 -0.01741327596572093
0.9523809523809523 0.04205096824663378 -0.01741327596572093
0.04761904761904762 0.03933918094406108 -0.01628687153860797
0.09523809523809523 0.03933918094406108 -0.01628687153860797
0.1428571428571428 0.03933918094406108 -0.01628687153860797
0.1904761904761905 0.03933918094406108 -0.01628687153860797
0.2380952380952381 0.03933918094406108 -0.01628687153860797
0.2857142857142857 0.03933918094406108 -0.01628687153860797
0.3333333333333333 0.03933918094406108 -0.01628687153860797
0.3809523809523809 0.03933918094406108 -0.01628687153860797
0.4285714285714285 0.03933918094406108 -0.01628687153860797
0.4761904761904762 0.03933918094406108 -0.01628687153860797
0.5238095238095238 0.03933918094406108 -0.01628687153860797
0.5714285714285714 0.03933918094406108 -0.01628687153860797
0.6190476190476191 0.03933918094406108 -0.01628687153860797
0.6666666666666666 0.03933918094406108 -0.01628687153860797
0.7142857142857143 0.03933918094406108 -0.01628687153860797
0.7619047619047619 0.03933918094406108 -0.01628687153860797
0.8095238095238095 0.03933918094406108 -0.01628687153860797
0.8571428571428571 0.03933918094406108 -0.01628687153860797
0.9047619047619048 0.03933918094406108 -0.01628687153860797
0.9523809523809523 0.03933918094406108 -0.01628687153860797
0.04761904761904762 0.03608503618097384 -0.01493518622607241
0.09523809523809523 0.03608503618097384 -0.01493518622607241
0.1428571428571428 0.03608503618097384 -0.01493518622607241
0.1904761904761905 0.03608503618097384 -0.01493518622607241
0.2380952380952381 0.03608503618097384 -0.01493518622607241
0.2857142857142857 0.03608503618097384 -0.01493518622607241
0.3333333333333333 0.03608503618097384 -0.01493518622607241
0.3809523809523809 0.03608503618097384 -0.01493518622607241
0.4285714285714285 0.03608503618097384 -0.01493518622607241
0.4761904761904762 0.03608503618097384 -0.01493518622607241
0.5238095238095238 0.03608503618097384 -0.01493518622607241
0.5714285714285714 0.03608503618097384 -0.01493518622607241
0.6190476190476191 0.03608503618097384 -0.01493518622607241
0.6666666666666666 0.03608503618097384 -0.01493518622607241
0.7142857142857143 0.03608503618097384 -0.01493518622607241
0.7619047619047619 0.03608503618097384 -0.01493518622607241
0.8095238095238095 0.03608503618097384 -0.01493518622607241
0.8571428571428571 0.03608503618097384 -0.01493518622607241
0.9047619047619048 0.03608503618097384 -0.01493518622607241
0.9523809523809523 0.03608503618097384 -0.01493518622607241
0.04761904761904762 0.03218006246526915 -0.01331316385102975
0.09523809523809523 0.03218006246526915 -0.01331316385102975
0.1428571428571428 0.03218006246526915 -0.01331316385102975
0.1904761904761905 0.03218006246526915 -0.01331316385102975
0.2380952380952381 0.03218006246526915 -0.01331316385102975
0.2857142857142857 0.03218006246526915 -0.01331316385102975
0.3333333333333333 0.03218006246526915 -0.01331316385102975
0.3809523809523809 0.03218006246526915 -0.01331316385102975
0.4285714285714285 0.03218006246526915 -0.01331316385102975
0.4761904761904762 0.03218006246526915 -0.01331316385102975
0.5238095238095238 0.03218006246526915 -0.01331316385102975
0.5714285714285714 0.03218006246526915 -0.01331316385102975
0.6190476190476191 0.03218006246526915 -0.01331316385102975
0.6666666666666666 0.03218006246526915 -0.01331316385102975
0.7142857142857143 0.03218006246526915 -0.01331316385102975
0.7619047619047619 0.03218006246526915 -0.01331316385102975
0.8095238095238095 0.03218006246526915 -0.01331316385102975
0.8571428571428571 0.03218006246526915 -0.01331316385102975
0.9047619047619048 0.03218006246526915 -0.01331316385102975
0.9523809523809523 0.03218006246526915 -0.01331316385102975
0.04761904761904762 0.02749409400642352 -0.01136673700097855
0.09523809523809523 0.02749409400642352 -0.01136673700097855
0.1428571428571428 0.02749409400642352 -0.01136673700097855
0.1904761904761905 0.02749409400642352 -0.01136673700097855
0.2380952380952381 0.02749409400642352 -0.01136673700097855
0.2857142857142857 0.02749409400642352 -0.01136673700097855
0.3333333333333333 0.02749409400642352 -0.01136673700097855
0.3809523809523809 0.02749409400642352 -0.01136673700097855
0.4285714285714285 0.02749409400642352 -0.01136673700097855
0.4761904761904762 0.02749409400642352 -0.01136673700097855
0.5238095238095238 0.02749409400642352 -0.01136673700097855
0.5714285714285714 0.02749409400642352 -0.01136673700097855
0.6190476190476191 0.02749409400642352 -0.01136673700097855
0.6666666666666666 0.02749409400642352 -0.01136673700097855
0.7142857142857143 0.02749409400642352 -0.01136673700097855
0.7619047619047619 0.02749409400642352 -0.01136673700097855
0.8095238095238095 0.02749409400642352 -0.01136673700097855
0.8571428571428571 0.02749409400642352 -0.01136673700097855
0.9047619047619048 0.02749409400642352 -0.01136673700097855
0.9523809523809523 0.02749409400642352 -0.01136673700097855
0.04761904761904762 -0.001023411814320024 -0.02004676204298585
0.09523809523809523 -0.001023411814320024 -0.02004676204298585
0.1428571428571428 -0.001023411814320024 -0.02004676204298585
0.1904761904761905 -0.001023411814320024 -0.02004676204298585
0.2380952380952381 -0.001023411814320024 -0.02004676204298585
0.2857142857142857 -0.001023411814320024 -0.02004676204298585
0.3333333333333333 -0.001023411814320024 -0.02004676204298585
0.3809523809523809 -0.001023411814320024 -0.02004676204298585
0.4285714285714285 -0.001023411814320024 -0.02004676204298585
0.4761904761904762 -0.001023411814320024 -0.02004676204298585
0.5238095238095238 -0.001023411814320024 -0.02004676204298585
0.5714285714285714 -0.001023411814320024 -0.02004676204298585
0.6190476190476191 -0.001023411814320024 -0.02004676204298585
0.6666666666666666 -0.001023411814320024 -0.02004676204298585
0.7142857142857143 -0.001023411814320024 -0.02004676204298585
0.7619047619047619 -0.001023411814320024 -0.02004676204298585
0.8095238095238095 -0.001023411814320024 -0.02004676204298585
0.8571428571428571 -0.001023411814320024 -0.02004676204298585
0.9047619047619048 -0.001023411814320024 -0.02004676204298585
0.9523809523809523 -0.001023411814320024 -0.02004676204298585
0.04761904761904762 -0.04447571591838387 -0.009692354661886957
0.09523809523809523 -0.04447571591838387 -0.009692354661886957
0.1428571428571428 -0.04447571591838387 -0.009692354661886957
0.1904761904761905 -0.04447571591838387 -0.009692354661886957
0.2380952380952381 -0.04447571591838387 -0.009692354661886957
0.2857142857142857 -0.04447571591838387 -0.009692354661886957
0.3333333333333333 -0.04447571591838387 -0.009692354661886957
0.3809523809523809 -0.04447571591838387 -0.009692354661886957
0.4285714285714285 -0.04447571591838387 -0.009692354661886957
0.4761904761904762 -0.04447571591838387 -0.009692354661886957
0.5238095238095238 -0.04447571591838387 -0.009692354661886957
0.5714285714285714 -0.04447571591838387 -0.009692354661886957
0.6190476190476191 -0.04447571591838387 -0.009692354661886957
0.6666666666666666 -0.04447571591838387 -0.009692354661886957
0.7142857142857143 -0.04447571591838387 -0.009692354661886957
0.7619047619047619 -0.04447571591838387 -0.009692354661886957
0.8095238095238095 -0.04447571591838387 -0.009692354661886957
0.8571428571428571 -0.04447571591838387 -0.009692354661886957
0.9047619047619048 -0.04447571591838387 -0.009692354661886957
0.9523809523809523 -0.04447571591838387 -0.009692354661886957
0.04761904761904762 -0.04344445750790368 -0.009072331206764952
0.09523809523809523 -0.04344445750790368 -0.009072331206764952
0.1428571428571428 -0.04344445750790368 -0.009072331206764952
0.1904761904761905 -0.04344445750790368 -0.009072331206764952
0.2380952380952381 -0.04344445750790368 -0.009072331206764952
0.2857142857142857 -0.04344445750790368 -0.009072331206764952
0.3333333333333333 -0.04344445750790368 -0.009072331206764952
0.3809523809523809 -0.04344445750790368 -0.009072331206764952
0.4285714285714285 -0.04344445750790368 -0.009072331206764952
0.4761904761904762 -0.04344445750790368 -0.009072331206764952
0.5238095238095238 -0.04344445750790368 -0.009072331206764952
0.5714285714285714 -0.04344445750790368 -0.009072331206764952
0.6190476190476191 -0.04344445750790368 -0.009072331206764952
0.6666666666666666 -0.04344445750790368 -0.009072331206764952
0.7142857142857143 -0.04344445750790368 -0.009072331206764952
0.7619047619047619 -0.04344445750790368 -0.009072331206764952
0.8095238095238095 -0.04344445750790368 -0.009072331206764952
0.8571428571428571 -0.04344445750790368 -0.009072331206764952
0.9047619047619048 -0.04344445750790368 -0.009072331206764952
0.9523809523809523 -0.04344445750790368 -0.009072331206764952
0.04761904761904762 0.04183133822427169 -0.01461575918267932
0.09523809523809523 0.04183133822427169 -0.01461575918267932
0.1428571428571428 0.04183133822427169 -0.01461575918267932
0.1904761904761905 0.04183133822427169 -0.01461575918267932
0.2380952380952381 0.04183133822427169 -0.01461575918267932
0.2857142857142857 0.04183133822427169 -0.01461575918267932
0.3333333333333333 0.04183133822427169 -0.01461575918267932
0.3809523809523809 0.04183133822427169 -0.01461575918267932
0.4285714285714285 0.04183133822427169 -0.01461575918267932
0.4761904761904762 0.04183133822427169 -0.01461575918267932
0.5238095238095238 0.04183133822427169 -0.01461575918267932
0.5714285714285714 0.04183133822427169 -0.01461575918267932
0.6190476190476191 0.04183133822427169 -0.01461575918267932
0.6666666666666666 0.04183133822427169 -0.01461575918267932
0.7142857142857143 0.04183133822427169 -0.01461575918267932
0.7619047619047619 0.04183133822427169 -0.01461575918267932
0.8095238095238095 0.04183133822427169 -0.01461575918267932
0.8571428571428571 0.04183133822427169 -0.01461575918267932
0.9047619047619048 0.04183133822427169 -0.01461575918267932
0.9523809523809523 0.04183133822427169 -0.01461575918267932
0.04761904761904762 0.04299601893633948 -0.007769160192829311
0.09523809523809523 0.04299601893633948 -0.007769160192829311
0.1428571428571428 0.04299601893633948 -0.007769160192829311
0.1904761904761905 0.04299601893633948 -0.007769160192829311
0.2380952380952381 0.04299601893633948 -0.007769160192829311
0.2857142857142857 0.04299601893633948 -0.007769160192829311
0.3333333333333333 0.04299601893633948 -0.007769160192829311
0.3809523809523809 0.04299601893633948 -0.007769160192829311
0.4285714285714285 0.04299601893633948 -0.007769160192829311
0.4761904761904762 0.04299601893633948 -0.007769160192829311
0.5238095238095238 0.04299601893633948 -0.007769160192829311
0.5714285714285714 0.04299601893633948 -0.007769160192829311
0.6190476190476191 0.04299601893633948 -0.007769160192829311
0.6666666666666666 0.04299601893633948 -0.007769160192829311
0.7142857142857143 0.04299601893633948 -0.007769160192829311
0.7619047619047619 0.04299601893633948 -0.007769160192829311
0.8095238095238095 0.04299601893633948 -0.007769160192829311
0.8571428571428571 0.04299601893633948 -0.007769160192829311
0.9047619047619048 0.04299601893633948 -0.007769160192829311
0.9523809523809523 0.04299601893633948 -0.007769160192829311
0.04761904761904762 0.005039000806798713 -0.04090723926031176
0.09523809523809523 0.005039000806798713 -0.04090723926031176
0.1428571428571428 0.005039000806798713 -0.04090723926031176
0.1904761904761905 0.005039000806798713 -0.04090723926031176
0.2380952380952381 0.005039000806798713 -0.04090723926031176
0.2857142857142857 0.005039000806798713 -0.04090723926031176
0.3333333333333333 0.005039000806798713 -0.04090723926031176
0.3809523809523809 0.005039000806798713 -0.04090723926031176
0.4285714285714285 0.005039000806798713 -0.04090723926031176
0.4761904761904762 0.005039000806798713 -0.04090723926031176
0.5238095238095238 0.005039000806798713 -0.04090723926031176
0.5714285714285714 0.005039000806798713 -0.04090723926031176
0.6190476190476191 0.005039000806798713 -0.04090723926031176
0.6666666666666666 0.005039000806798713 -0.04090723926031176
0.7142857142857143 0.005039000806798713 -0.04090723926031176
0.7619047619047619 0.005039000806798713 -0.04090723926031176
0.8095238095238095 0.005039000806798713 -0.04090723926031176
0.8571428571428571 0.005039000806798713 -0.04090723926031176
0.9047619047619048 0.005039000806798713 -0.04090723926031176
0.9523809523809523 0.005039000806798713 -0.04090723926031176
0.04761904761904762 0.005685917295762804 -0.03854867570584167
0.09523809523809523 0.005685917295762804 -0.03854867570584167
0.1428571428571428 0.005685917295762804 -0.03854867570584167
0.1904761904761905 0.005685917295762804 -0.03854867570584167
0.2380952380952381 0.005685917295762804 -0.03854867570584167
0.2857142857142857 0.005685917295762804 -0.03854867570584167
0.3333333333333333 0.005685917295762804 -0.03854867570584167
0.3809523809523809 0.005685917295762804 -0.03854867570584167
0.4285714285714285 0.005685917295762804 -0.03854867570584167
0.4761904761904762 0.005685917295762804 -0.03854867570584167
0.5238095238095238 0.005685917295762804 -0.03854867570584167
0.5714285714285714 0.005685917295762804 -0.03854867570584167
0.6190476190476191 0.005685917295762804 -0.03854867570584167
0.6666666666666666 0.005685917295762804 -0.03854867570584167
0.7142857142857143 0.005685917295762804 -0.03854867570584167
0.7619047619047619 0.005685917295762804 -0.03854867570584167
0.8095238095238095 0.005685917295762804 -0.03854867570584167
0.8571428571428571 0.005685917295762804 -0.03854867570584167
0.9047619047619048 0.005685917295762804 -0.03854867570584167
0.9523809523809523 0.005685917295762804 -0.03854867570584167
0.04761904761904762 0.007372857512566789 0.0417015959928957
0.09523809523809523 0.007372857512566789 0.0417015959928957
0.1428571428571428 0.007372857512566789 0.0417015959928957
0.1904761904761905 0.007372857512566789 0.0417015959928957
0.2380952380952381 0.007372857512566789 0.0417015959928957
0.2857142857142857 0.007372857512566789 0.0417015959928957
0.3333333333333333 0.007372857512566789 0.0417015959928957
0.3809523809523809 0.007372857512566789 0.0417015959928957
0.4285714285714285 0.007372857512566789 0.0417015959928957
0.4761904761904762 0.007372857512566789 0.0417015959928957
0.5238095238095238 0.007372857512566789 0.0417015959928957
0.5714285714285714 0.007372857512566789 0.0417015959928957
0.6190476190476191 0.007372857512566789 0.0417015959928957
0.6666666666666666 0.007372857512566789 0.0417015959928957
0.7142857142857143 0.007372857512566789 0.0417015959928957
0.7619047619047619 0.007372857512566789 0.0417015959928957
0.8095238095238095 0.007372857512566789 0.0417015959928957
0.8571428571428571 0.007372857512566789 0.0417015959928957
0.9047619047619048 0.007372857512566789 0.0417015959928957
0.9523809523809523 0.007372857512566789 0.0417015959928957
0.04761904761904762 0.008595208808359327 0.03888662319124506
0.09523809523809523 0.008595208808359327 0.03888662319124506
0.1428571428571428 0.008595208808359327 0.03888662319124506
0.1904761904761905 0.008595208808359327 0.03888662319124506
0.2380952380952381 0.008595208808359327 0.03888662319124506
0.2857142857142857 0.008595208808359327 0.03888662319124506
0.3333333333333333 0.008595208808359327 0.03888662319124506
0.3809523809523809 0.008595208808359327 0.03888662319124506
0.4285714285714285 0.008595208808359327 0.03888662319124506
0.4761904761904762 0.008595208808359327 0.03888662319124506
0.5238095238095238 0.008595208808359327 0.03888662319124506
0.5714285714285714 0.008595208808359327 0.03888662319124506
0.6190476190476191 0.008595208808359327 0.03888662319124506
0.6666666666666666 0.008595208808359327 0.03888662319124506
0.7142857142857143 0.008595208808359327 0.03888662319124506
0.7619047619047619 0.008595208808359327 0.03888662319124506
0.8095238095238095 0.008595208808359327 0.03888662319124506
0.8571428571428571 0.008595208808359327 0.03888662319124506
0.9047619047619048 0.008595208808359327 0.03888662319124506
0.9523809523809523 0.008595208808359327 0.03888662319124506
0.04761904761904762 0.01488663258576405 0.01848543402506802
0.09523809523809523 0.01488663258576405 0.01848543402506802
0.1428571428571428 0.01488663258576405 0.01848543402506802
0.1904761904761905 0.01488663258576405 0.01848543402506802
0.2380952380952381 0.01488663258576405 0.01848543402506802
0.2857142857142857 0.01488663258576405 0.01848543402506802
0.3333333333333333 0.01488663258576405 0.01848543402506802
0.3809523809523809 0.01488663258576405 0.01848543402506802
0.4285714285714285 0.01488663258576405 0.01848543402506802
0.4761904761904762 0.01488663258576405 0.01848543402506802
0.5238095238095238 0.01488663258576405 0.01848543402506802
0.5714285714285714 0.01488663258576405 0.01848543402506802
0.6190476190476191 0.01488663258576405 0.01848543402506802
0.6666666666666666 0.01488663258576405 0.01848543402506802
0.7142857142857143 0.01488663258576405 0.01848543402506802
0.7619047619047619 0.01488663258576405 0.01848543402506802
0.8095238095238095 0.01488663258576405 0.01848543402506802
0.8571428571428571 0.01488663258576405 0.01848543402506802
0.9047619047619048 0.01488663258576405 0.01848543402506802
0.9523809523809523 0.01488663258576405 0.01848543402506802
0.04761904761904762 -0.02127654837130416 -0.0006873227414624569
0.09523809523809523 -0.02127654837130416 -0.0006873227414624569
0.1428571428571428 -0.02127654837130416 -0.0006873227414624569
0.1904761904761905 -0.02127654837130416 -0.0006873227414624569
0.2380952380952381 -0.02127654837130416 -0.0006873227414624569
0.2857142857142857 -0.02127654837130416 -0.0006873227414624569
0.3333333333333333 -0.02127654837130416 -0.0006873227414624569
0.3809523809523809 -0.02127654837130416 -0.0006873227414624569
0.4285714285714285 -0.02127654837130416 -0.0006873227414624569
0.4761904761904762 -0.02127654837130416 -0.0006873227414624569
0.5238095238095238 -0.02127654837130416 -0.0006873227414624569
0.5714285714285714 -0.02127654837130416 -0.0006873227414624569
0.6190476190476191 -0.02127654837130416 -0.0006873227414624569
0.6666666666666666 -0.02127654837130416 -0.0006873227414624569
0.7142857142857143 -0.02127654837130416 -0.0006873227414624569
0.7619047619047619 -0.02127654837130416 -0.0006873227414624569
0.8095238095238095 -0.02127654837130416 -0.0006873227414624569
0.8571428571428571 -0.02127654837130416 -0.0006873227414624569
0.9047619047619048 -0.02127654837130416 -0.0006873227414624569
0.9523809523809523 -0.02127654837130416 -0.0006873227414624569
0.04761904761904762 0.01738438148724257 -0.01298601508038374
0.09523809523809523 0.01738438148724257 -0.01298601508038374
0.1428571428571428 0.01738438148724257 -0.01298601508038374
0.1904761904761905 0.01738438148724257 -0.01298601508038374
0.2380952380952381 0.01738438148724257 -0.01298601508038374
0.2857142857142857 0.01738438148724257 -0.01298601508038374
0.3333333333333333 0.01738438148724257 -0.01298601508038374
0.3809523809523809 0.01738438148724257 -0.01298601508038374
0.4285714285714285 0.01738438148724257 -0.01298601508038374
0.4761904761904762 0.01738438148724257 -0.01298601508038374
0.5238095238095238 0.01738438148724257 -0.01298601508038374
0.5714285714285714 0.01738438148724257 -0.01298601508038374
0.6190476190476191 0.01738438148724257 -0.01298601508038374
0.6666666666666666 0.01738438148724257 -0.01298601508038374
0.7142857142857143 0.01738438148724257 -0.01298601508038374
0.7619047619047619 0.01738438148724257 -0.01298601508038374
0.8095238095238095 0.01738438148724257 -0.01298601508038374
0.8571428571428571 0.01738438148724257 -0.01298601508038374
0.9047619047619048 0.01738438148724257 -0.01298601508038374
0.9523809523809523 0.01738438148724257 -0.01298601508038374
0.04761904761904762 0.03686373788591388 -0.004198630407974603
0.09523809523809523 0.03686373788591388 -0.004198630407974603
0.1428571428571428 0.03686373788591388 -0.004198630407974603
0.1904761904761905 0.03686373788591388 -0.004198630407974603
0.2380952380952381 0.03686373788591388 -0.004198630407974603
0.2857142857142857 0.03686373788591388 -0.004198630407974603
0.3333333333333333 0.03686373788591388 -0.004198630407974603
0.3809523809523809 0.03686373788591388 -0.004198630407974603
0.4285714285714285 0.03686373788591388 -0.004198630407974603
0.4761904761904762 0.03686373788591388 -0.004198630407974603
0.5238095238095238 0.03686373788591388 -0.004198630407974603
0.5714285714285714 0.03686373788591388 -0.004198630407974603
0.6190476190476191 0.03686373788591388 -0.004198630407974603
0.6666666666666666 0.03686373788591388 -0.004198630407974603
0.7142857142857143 0.03686373788591388 -0.004198630407974603
0.7619047619047619 0.03686373788591388 -0.004198630407974603
0.8095238095238095 0.03686373788591388 -0.004198630407974603
0.8571428571428571 0.03686373788591388 -0.004198630407974603
0.9047619047619048 0.03686373788591388 -0.004198630407974603
0.9523809523809523 0.03686373788591388 -0.004198630407974603
0.04761904761904762 -0.0348509393357683 -0.01070920075484717
0.09523809523809523 -0.0348509393357683 -0.01070920075484717
0.1428571428571428 -0.0348509393357683 -0.01070920075484717
0.1904761904761905 -0.0348509393357683 -0.01070920075484717
0.2380952380952381 -0.0348509393357683 -0.01070920075484717
0.2857142857142857 -0.0348509393357683 -0.01070920075484717
0.3333333333333333 -0.0348509393357683 -0.01070920075484717
0.3809523809523809 -0.0348509393357683 -0.01070920075484717
0.4285714285714285 -0.0348509393357683 -0.01070920075484717
0.4761904761904762 -0.0348509393357683 -0.01070920075484717
0.5238095238095238 -0.0348509393357683 -0.01070920075484717
0.5714285714285714 -0.0348509393357683 -0.01070920075484717
0.6190476190476191 -0.0348509393357683 -0.01070920075484717
0.6666666666666666 -0.0348509393357683 -0.01070920075484717
0.7142857142857143 -0.0348509393357683 -0.01070920075484717
0.7619047619047619 -0.0348509393357683 -0.01070920075484717
0.8095238095238095 -0.0348509393357683 -0.01070920075484717
0.8571428571428571 -0.0348509393357683 -0.01070920075484717
0.9047619047619048 -0.0348509393357683 -0.01070920075484717
0.9523809523809523 -0.0348509393357683 -0.01070920075484717
0.04761904761904762 0.02084302313646661 0.004116368183911114
0.09523809523809523 0.02084302313646661 0.004116368183911114
0.1428571428571428 0.02084302313646661 0.004116368183911114
0.1904761904761905 0.02084302313646661 0.004116368183911114
0.2380952380952381 0.02084302313646661 0.004116368183911114
0.2857142857142857 0.02084302313646661 0.004116368183911114
0.3333333333333333 0.02084302313646661 0.004116368183911114
0.3809523809523809 0.02084302313646661 0.004116368183911114
0.4285714285714285 0.02084302313646661 0.004116368183911114
0.4761904761904762 0.02084302313646661 0.004116368183911114
0.5238095238095238 0.02084302313646661 0.004116368183911114
0.5714285714285714 0.02084302313646661 0.004116368183911114
0.6190476190476191 0.02084302313646661 0.004116368183911114
0.6666666666666666 0.02084302313646661 0.004116368183911114
0.7142857142857143 0.02084302313646661 0.004116368183911114
0.7619047619047619 0.02084302313646661 0.004116368183911114
0.8095238095238095 0.02084302313646661 0.004116368183911114
0.8571428571428571 0.02084302313646661 0.004116368183911114
0.9047619047619048 0.02084302313646661 0.004116368183911114
0.9523809523809523 0.02084302313646661 0.004116368183911114
0.04761904761904762 0.04441301326635459 -0.002500970630165105
0.09523809523809523 0.04441301326635459 -0.002500970630165105
0.1428571428571428 0.04441301326635459 -0.002500970630165105
0.1904761904761905 0.04441301326635459 -0.002500970630165105
0.2380952380952381 0.04441301326635459 -0.002500970630165105
0.2857142857142857 0.04441301326635459 -0.002500970630165105
0.3333333333333333 0.04441301326635459 -0.002500970630165105
0.3809523809523809 0.04441301326635459 -0.002500970630165105
0.4285714285714285 0.04441301326635459 -0.002500970630165105
0.4761904761904762 0.04441301326635459 -0.002500970630165105
0.5238095238095238 0.04441301326635459 -0.002500970630165105
0.5714285714285714 0.04441301326635459 -0.002500970630165105
0.6190476190476191 0.04441301326635459 -0.002500970630165105
0.6666666666666666 0.04441301326635459 -0.002500970630165105
0.7142857142857143 0.04441301326635459 -0.002500970630165105
0.7619047619047619 0.04441301326635459 -0.002500970630165105
0.8095238095238095 0.04441301326635459 -0.002500970630165105
0.8571428571428571 0.04441301326635459 -0.002500970630165105
0.9047619047619048 0.04441301326635459 -0.002500970630165105
0.9523809523809523 0.04441301326635459 -0.002500970630165105
0.04761904761904762 -0.04253290157463063 -0.01332685136530778
0.09523809523809523 -0.04253290157463063 -0.01332685136530778
0.1428571428571428 -0.04253290157463063 -0.01332685136530778
0.1904761904761905 -0.04253290157463063 -0.01332685136530778
0.2380952380952381 -0.04253290157463063 -0.01332685136530778
0.2857142857142857 -0.04253290157463063 -0.01332685136530778
0.3333333333333333 -0.04253290157463063 -0.01332685136530778
0.3809523809523809 -0.04253290157463063 -0.01332685136530778
0.4285714285714285 -0.04253290157463063 -0.01332685136530778
0.4761904761904762 -0.04253290157463063 -0.01332685136530778
0.5238095238095238 -0.04253290157463063 -0.01332685136530778
0.5714285714285714 -0.04253290157463063 -0.01332685136530778
0.6190476190476191 -0.04253290157463063 -0.01332685136530778
0.6666666666666666 -0.04253290157463063 -0.01332685136530778
0.7142857142857143 -0.04253290157463063 -0.01332685136530778
0.7619047619047619 -0.04253290157463063 -0.01332685136530778
0.8095238095238095 -0.04253290157463063 -0.01332685136530778
0.8571428571428571 -0.04253290157463063 -0.01332685136530778
0.9047619047619048 -0.04253290157463063 -0.01332685136530778
0.9523809523809523 -0.04253290157463063 -0.01332685136530778
0.04761904761904762 -0.04531136075469302 -0.005722058060938513
0.09523809523809523 -0.04531136075469302 -0.005722058060938513
0.1428571428571428 -0.04531136075469302 -0.005722058060938513
0.1904761904761905 -0.04531136075469302 -0.005722058060938513
0.2380952380952381 -0.04531136075469302 -0.005722058060938513
0.2857142857142857 -0.04531136075469302 -0.005722058060938513
0.3333333333333333 -0.04531136075469302 -0.005722058060938513
0.3809523809523809 -0.04531136075469302 -0.005722058060938513
0.4285714285714285 -0.04531136075469302 -0.005722058060938513
0.4761904761904762 -0.04531136075469302 -0.005722058060938513
0.5238095238095238 -0.04531136075469302 -0.005722058060938513
0.5714285714285714 -0.04531136075469302 -0.005722058060938513
0.6190476190476191 -0.04531136075469302 -0.005722058060938513
0.6666666666666666 -0.04531136075469302 -0.005722058060938513
0.7142857142857143 -0.04531136075469302 -0.005722058060938513
0.7619047619047619 -0.04531136075469302 -0.005722058060938513
0.8095238095238095 -0.04531136075469302 -0.005722058060938513
0.8571428571428571 -0.04531136075469302 -0.005722058060938513
0.9047619047619048 -0.04531136075469302 -0.005722058060938513
0.9523809523809523 -0.04531136075469302 -0.005722058060938513
0.04761904761904762 -0.005220701813432085 0.02026820770769584
0.09523809523809523 -0.005220701813432085 0.02026820770769584
0.1428571428571428 -0.005220701813432085 0.02026820770769584
0.1904761904761905 -0.005220701813432085 0.02026820770769584
0.2380952380952381 -0.005220701813432085 0.02026820770769584
0.2857142857142857 -0.005220701813432085 0.02026820770769584
0.3333333333333333 -0.005220701813432085 0.02026820770769584
0.3809523809523809 -0.005220701813432085 0.02026820770769584
0.4285714285714285 -0.005220701813432085 0.02026820770769584
0.4761904761904762 -0.005220701813432085 0.02026820770769584
0.5238095238095238 -0.005220701813432085 0.02026820770769584
0.5714285714285714 -0.005220701813432085 0.02026820770769584
0.6190476190476191 -0.005220701813432085 0.02026820770769584
0.6666666666666666 -0.005220701813432085 0.02026820770769584
0.7142857142857143 -0.005220701813432085 0.02026820770769584
0.7619047619047619 -0.005220701813432085 0.02026820770769584
0.8095238095238095 -0.005220701813432085 0.02026820770769584
0.8571428571428571 -0.005220701813432085 0.02026820770769584
0.9047619047619048 -0.005220701813432085 0.02026820770769584
0.9523809523809523 -0.005220701813432085 0.02026820770769584
0.04761904761904762 0.03738527050058035 -0.01224248529285829
0.09523809523809523 0.03738527050058035 -0.01224248529285829
0.1428571428571428 0.03738527050058035 -0.01224248529285829
0.1904761904761905 0.03738527050058035 -0.01224248529285829
0.2380952380952381 0.03738527050058035 -0.01224248529285829
0.2857142857142857 0.03738527050058035 -0.01224248529285829
0.3333333333333333 0.03738527050058035 -0.01224248529285829
0.3809523809523809 0.03738527050058035 -0.01224248529285829
0.4285714285714285 0.03738527050058035 -0.01224248529285829
0.4761904761904762 0.03738527050058035 -0.01224248529285829
0.5238095238095238 0.03738527050058035 -0.01224248529285829
0.5714285714285714 0.03738527050058035 -0.01224248529285829
0.6190476190476191 0.03738527050058035 -0.01224248529285829
0.6666666666666666 0.03738527050058035 -0.01224248529285829
0.7142857142857143 0.03738527050058035 -0.01224248529285829
0.7619047619047619 0.03738527050058035 -0.01224248529285829
0.8095238095238095 0.03738527050058035 -0.01224248529285829
0.8571428571428571 0.03738527050058035 -0.01224248529285829
0.9047619047619048 0.03738527050058035 -0.01224248529285829
0.9523809523809523 0.03738527050058035 -0.01224248529285829
0.04761904761904762 -0.04147206222947215 -0.003937751032534785
0.09523809523809523 -0.04147206222947215 -0.003937751032534785
0.1428571428571428 -0.04147206222947215 -0.003937751032534785
0.1904761904761905 -0.04147206222947215 -0.003937751032534785
0.2380952380952381 -0.04147206222947215 -0.003937751032534785
0.2857142857142857 -0.04147206222947215 -0.003937751032534785
0.3333333333333333 -0.04147206222947215 -0.003937751032534785
0.3809523809523809 -0.04147206222947215 -0.003937751032534785
0.4285714285714285 -0.04147206222947215 -0.003937751032534785
0.4761904761904762 -0.04147206222947215 -0.003937751032534785
0.5238095238095238 -0.04147206222947215 -0.003937751032534785
0.5714285714285714 -0.04147206222947215 -0.003937751032534785
0.6190476190476191 -0.04147206222947215 -0.003937751032534785
0.6666666666666666 -0.04147206222947215 -0.003937751032534785
0.7142857142857143 -0.04147206222947215 -0.003937751032534785
0.7619047619047619 -0.04147206222947215 -0.003937751032534785
0.8095238095238095 -0.04147206222947215 -0.003937751032534785
0.8571428571428571 -0.04147206222947215 -0.003937751032534785
0.9047619047619048 -0.04147206222947215 -0.003937751032534785
0.9523809523809523 -0.04147206222947215 -0.003937751032534785
0.04761904761904762 -0.01661953690619037 -0.01195001221002822
0.09523809523809523 -0.01661953690619037 -0.01195001221002822
0.1428571428571428 -0.01661953690619037 -0.01195001221002822
0.1904761904761905 -0.01661953690619037 -0.01195001221002822
0.2380952380952381 -0.01661953690619037 -0.01195001221002822
0.2857142857142857 -0.01661953690619037 -0.01195001221002822
0.3333333333333333 -0.01661953690619037 -0.01195001221002822
0.3809523809523809 -0.01661953690619037 -0.01195001221002822
0.4285714285714285 -0.01661953690619037 -0.01195001221002822
0.4761904761904762 -0.01661953690619037 -0.01195001221002822
0.5238095238095238 -0.01661953690619037 -0.01195001221002822
0.5714285714285714 -0.01661953690619037 -0.01195001221002822
0.6190476190476191 -0.01661953690619037 -0.01195001221002822
0.6666666666666666 -0.01661953690619037 -0.01195001221002822
0.7142857142857143 -0.01661953690619037 -0.01195001221002822
0.7619047619047619 -0.01661953690619037 -0.01195001221002822
0.8095238095238095 -0.01661953690619037 -0.01195001221002822
0.8571428571428571 -0.01661953690619037 -0.01195001221002822
0.9047619047619048 -0.01661953690619037 -0.01195001221002822
0.9523809523809523 -0.01661953690619037 -0.01195001221002822
0.04761904761904762 0.009074569380624101 -0.04076855741266646
0.09523809523809523 0.009074569380624101 -0.04076855741266646
0.1428571428571428 0.009074569380624101 -0.04076855741266646
0.1904761904761905 0.009074569380624101 -0.04076855741266646
0.2380952380952381 0.009074569380624101 -0.04076855741266646
0.2857142857142857 0.009074569380624101 -0.04076855741266646
0.3333333333333333 0.009074569380624101 -0.04076855741266646
0.3809523809523809 0.009074569380624101 -0.04076855741266646
0.4285714285714285 0.009074569380624101 -0.04076855741266646
0.4761904761904762 0.009074569380624101 -0.04076855741266646
0.5238095238095238 0.009074569380624101 -0.04076855741266646
0.5714285714285714 0.009074569380624101 -0.04076855741266646
0.6190476190476191 0.009074569380624101 -0.04076855741266646
0.6666666666666666 0.009074569380624101 -0.04076855741266646
0.7142857142857143 0.009074569380624101 -0.04076855741266646
0.7619047619047619 0.009074569380624101 -0.04076855741266646
0.8095238095238095 0.009074569380624101 -0.04076855741266646
0.8571428571428571 0.009074569380624101 -0.04076855741266646
0.9047619047619048 0.009074569380624101 -0.04076855741266646
0.9523809523809523 0.009074569380624101 -0.04076855741266646
0.04761904761904762 0.004907315410693152 -0.03337907413565522
0.09523809523809523 0.004907315410693152 -0.03337907413565522
0.1428571428571428 0.004907315410693152 -0.03337907413565522
0.1904761904761905 0.004907315410693152 -0.03337907413565522
0.2380952380952381 0.004907315410693152 -0.03337907413565522
0.2857142857142857 0.004907315410693152 -0.03337907413565522
0.3333333333333333 0.004907315410693152 -0.03337907413565522
0.3809523809523809 0.004907315410693152 -0.03337907413565522
0.4285714285714285 0.004907315410693152 -0.03337907413565522
0.4761904761904762 0.004907315410693152 -0.03337907413565522
0.5238095238095238 0.004907315410693152 -0.03337907413565522
0.5714285714285714 0.004907315410693152 -0.03337907413565522
0.6190476190476191 0.004907315410693152 -0.03337907413565522
0.6666666666666666 0.004907315410693152 -0.03337907413565522
0.7142857142857143 0.004907315410693152 -0.03337907413565522
0.7619047619047619 0.004907315410693152 -0.03337907413565522
0.8095238095238095 0.004907315410693152 -0.03337907413565522
0.8571428571428571 0.004907315410693152 -0.03337907413565522
0.9047619047619048 0.004907315410693152 -0.03337907413565522
0.9523809523809523 0.004907315410693152 -0.03337907413565522
0.04761904761904762 0.009622147831911777 0.03306770264208744
0.09523809523809523 0.009622147831911777 0.03306770264208744
0.1428571428571428 0.009622147831911777 0.03306770264208744
0.1904761904761905 0.009622147831911777 0.03306770264208744
0.2380952380952381 0.009622147831911777 0.03306770264208744
0.2857142857142857 0.009622147831911777 0.03306770264208744
0.3333333333333333 0.009622147831911777 0.03306770264208744
0.3809523809523809 0.009622147831911777 0.03306770264208744
0.4285714285714285 0.009622147831911777 0.03306770264208744
0.4761904761904762 0.009622147831911777 0.03306770264208744
0.5238095238095238 0.009622147831911777 0.03306770264208744
0.5714285714285714 0.009622147831911777 0.03306770264208744
0.6190476190476191 0.009622147831911777 0.03306770264208744
0.6666666666666666 0.009622147831911777 0.03306770264208744
0.7142857142857143 0.009622147831911777 0.03306770264208744
0.7619047619047619 0.009622147831911777 0.03306770264208744
0.8095238095238095 0.009622147831911777 0.03306770264208744
0.8571428571428571 0.009622147831911777 0.03306770264208744
0.9047619047619048 0.009622147831911777 0.03306770264208744
0.9523809523809523 0.009622147831911777 0.03306770264208744
0.04761904761904762 0.003609923180588821 0.04030634818663867
0.09523809523809523 0.003609923180588821 0.04030634818663867
0.1428571428571428 0.003609923180588821 0.04030634818663867
0.1904761904761905 0.003609923180588821 0.04030634818663867
0.2380952380952381 0.003609923180588821 0.04030634818663867
0.2857142857142857 0.003609923180588821 0.04030634818663867
0.3333333333333333 0.003609923180588821 0.04030634818663867
0.3809523809523809 0.003609923180588821 0.04030634818663867
0.4285714285714285 0.003609923180588821 0.04030634818663867
0.4761904761904762 0.003609923180588821 0.04030634818663867
0.5238095238095238 0.003609923180588821 0.04030634818663867
0.5714285714285714 0.003609923180588821 0.04030634818663867
0.6190476190476191 0.003609923180588821 0.04030634818663867
0.6666666666666666 0.003609923180588821 0.04030634818663867
0.7142857142857143 0.003609923180588821 0.04030634818663867
0.7619047619047619 0.003609923180588821 0.04030634818663867
0.8095238095238095 0.003609923180588821 0.04030634818663867
0.8571428571428571 0.003609923180588821 0.04030634818663867
0.9047619047619048 0.003609923180588821 0.04030634818663867
0.9523809523809523 0.003609923180588821 0.04030634818663867
0.04761904761904762 0.01099787979279366 0.0410937711909158
0.09523809523809523 0.01099787979279366 0.0410937711909158
0.1428571428571428 0.01099787979279366 0.0410937711909158
0.1904761904761905 0.01099787979279366 0.0410937711909158
0.2380952380952381 0.01099787979279366 0.0410937711909158
0.2857142857142857 0.01099787979279366 0.0410937711909158
0.3333333333333333 0.01099787979279366 0.0410937711909158
0.3809523809523809 0.01099787979279366 0.0410937711909158
0.4285714285714285 0.01099787979279366 0.0410937711909158
0.4761904761904762 0.01099787979279366 0.0410937711909158
0.5238095238095238 0.01099787979279366 0.0410937711909158
0.5714285714285714 0.01099787979279366 0.0410937711909158
0.6190476190476191 0.01099787979279366 0.0410937711909158
0.6666666666666666 0.01099787979279366 0.0410937711909158
0.7142857142857143 0.01099787979279366 0.0410937711909158
0.7619047619047619 0.01099787979279366 0.0410937711909158
0.8095238095238095 0.01099787979279366 0.0410937711909158
0.8571428571428571 0.01099787979279366 0.0410937711909158
0.9047619047619048 0.01099787979279366 0.0410937711909158
0.9523809523809523 0.01099787979279366 0.0410937711909158
0.04761904761904762 0.009943684755310505 -0.03420711259536564
0.09523809523809523 0.009943684755310505 -0.03420711259536564
0.1428571428571428 0.009943684755310505 -0.03420711259536564
0.1904761904761905 0.009943684755310505 -0.03420711259536564
0.2380952380952381 0.009943684755310505 -0.03420711259536564
0.2857142857142857 0.009943684755310505 -0.03420711259536564
0.3333333333333333 0.009943684755310505 -0.03420711259536564
0.3809523809523809 0.009943684755310505 -0.03420711259536564
0.4285714285714285 0.009943684755310505 -0.03420711259536564
0.4761904761904762 0.009943684755310505 -0.03420711259536564
0.5238095238095238 0.009943684755310505 -0.03420711259536564
0.5714285714285714 0.009943684755310505 -0.03420711259536564
0.6190476190476191 0.009943684755310505 -0.03420711259536564
0.6666666666666666 0.009943684755310505 -0.03420711259536564
0.7142857142857143 0.009943684755310505 -0.03420711259536564
0.7619047619047619 0.009943684755310505 -0.03420711259536564
0.8095238095238095 0.009943684755310505 -0.03420711259536564
0.8571428571428571 0.009943684755310505 -0.03420711259536564
0.9047619047619048 0.009943684755310505 -0.03420711259536564
0.9523809523809523 0.009943684755310505 -0.03420711259536564
0.04761904761904762 0.002955270820978595 0.0360907420040794
0.09523809523809523 0.002955270820978595 0.0360907420040794
0.1428571428571428 0.002955270820978595 0.0360907420040794
0.1904761904761905 0.002955270820978595 0.0360907420040794
0.2380952380952381 0.002955270820978595 0.0360907420040794
0.2857142857142857 0.002955270820978595 0.0360907420040794
0.3333333333333333 0.002955270820978595 0.0360907420040794
0.3809523809523809 0.002955270820978595 0.0360907420040794
0.4285714285714285 0.002955270820978595 0.0360907420040794
0.4761904761904762 0.002955270820978595 0.0360907420040794
0.5238095238095238 0.002955270820978595 0.0360907420040794
0.5714285714285714 0.002955270820978595 0.0360907420040794
0.6190476190476191 0.002955270820978595 0.0360907420040794
0.6666666666666666 0.002955270820978595 0.0360907420040794
0.7142857142857143 0.002955270820978595 0.0360907420040794
0.7619047619047619 0.002955270820978595 0.0360907420040794
0.8095238095238095 0.002955270820978595 0.0360907420040794
0.8571428571428571 0.002955270820978595 0.0360907420040794
0.9047619047619048 0.002955270820978595 0.0360907420040794
0.9523809523809523 0.002955270820978595 0.0360907420040794
0.04761904761904762 0.03092571636040881 -0.008362665992501288
0.09523809523809523 0.03092571636040881 -0.008362665992501288
0.1428571428571428 0.03092571636040881 -0.008362665992501288
0.1904761904761905 0.03092571636040881 -0.008362665992501288
0.2380952380952381 0.03092571636040881 -0.008362665992501288
0.2857142857142857 0.03092571636040881 -0.008362665992501288
0.3333333333333333 0.03092571636040881 -0.008362665992501288
0.3809523809523809 0.03092571636040881 -0.008362665992501288
0.4285714285714285 0.03092571636040881 -0.008362665992501288
0.4761904761904762 0.03092571636040881 -0.008362665992501288
0.5238095238095238 0.03092571636040881 -0.008362665992501288
0.5714285714285714 0.03092571636040881 -0.008362665992501288
0.6190476190476191 0.03092571636040881 -0.008362665992501288
0.6666666666666666 0.03092571636040881 -0.008362665992501288
0.7142857142857143 0.03092571636040881 -0.008362665992501288
0.7619047619047619 0.03092571636040881 -0.008362665992501288
0.8095238095238095 0.03092571636040881 -0.008362665992501288
0.8571428571428571 0.03092571636040881 -0.008362665992501288
0.9047619047619048 0.03092571636040881 -0.008362665992501288
0.9523809523809523 0.03092571636040881 -0.008362665992501288
0.04761904761904762 -0.03441307067354617 -0.003714729857729447
0.09523809523809523 -0.03441307067354617 -0.003714729857729447
0.1428571428571428 -0.03441307067354617 -0.003714729857729447
0.1904761904761905 -0.03441307067354617 -0.003714729857729447
0.2380952380952381 -0.03441307067354617 -0.003714729857729447
0.2857142857142857 -0.03441307067354617 -0.003714729857729447
0.3333333333333333 -0.03441307067354617 -0.003714729857729447
0.3809523809523809 -0.03441307067354617 -0.003714729857729447
0.4285714285714285 -0.03441307067354617 -0.003714729857729447
0.4761904761904762 -0.03441307067354617 -0.003714729857729447
0.5238095238095238 -0.03441307067354617 -0.003714729857729447
0.5714285714285714 -0.03441307067354617 -0.003714729857729447
0.6190476190476191 -0.03441307067354617 -0.003714729857729447
0.6666666666666666 -0.03441307067354617 -0.003714729857729447
0.7142857142857143 -0.03441307067354617 -0.003714729857729447
0.7619047619047619 -0.03441307067354617 -0.003714729857729447
0.8095238095238095 -0.03441307067354617 -0.003714729857729447
0.8571428571428571 -0.03441307067354617 -0.003714729857729447
0.9047619047619048 -0.03441307067354617 -0.003714729857729447
0.9523809523809523 -0.03441307067354617 -0.003714729857729447
0.04761904761904762 0.02167063337489676 -0.00287868872082372
0.09523809523809523 0.02167063337489676 -0.00287868872082372
0.1428571428571428 0.02167063337489676 -0.00287868872082372
0.1904761904761905 0.02167063337489676 -0.00287868872082372
0.2380952380952381 0.02167063337489676 -0.00287868872082372
0.2857142857142857 0.02167063337489676 -0.00287868872082372
0.3333333333333333 0.02167063337489676 -0.00287868872082372
0.3809523809523809 0.02167063337489676 -0.00287868872082372
0.4285714285714285 0.02167063337489676 -0.00287868872082372
0.4761904761904762 0.02167063337489676 -0.00287868872082372
0.5238095238095238 0.02167063337489676 -0.00287868872082372
0.5714285714285714 0.02167063337489676 -0.00287868872082372
0.6190476190476191 0.02167063337489676 -0.00287868872082372
0.6666666666666666 0.02167063337489676 -0.00287868872082372
0.7142857142857143 0.02167063337489676 -0.00287868872082372
0.7619047619047619 0.02167063337489676 -0.00287868872082372
0.8095238095238095 0.02167063337489676 -0.00287868872082372
0.8571428571428571 0.02167063337489676 -0.00287868872082372
0.9047619047619048 0.02167063337489676 -0.00287868872082372
0.9523809523809523 0.02167063337489676 -0.00287868872082372
0.04761904761904762 0.01295356575611617 -0.001724794564064428
0.09523809523809523 0.01295356575611617 -0.001724794564064428
0.1428571428571428 0.01295356575611617 -0.001724794564064428
0.1904761904761905 0.01295356575611617 -0.001724794564064428
0.2380952380952381 0.01295356575611617 -0.001724794564064428
0.2857142857142857 0.01295356575611617 -0.001724794564064428
0.3333333333333333 0.01295356575611617 -0.001724794564064428
0.3809523809523809 0.01295356575611617 -0.001724794564064428
0.4285714285714285 0.01295356575611617 -0.001724794564064428
0.4761904761904762 0.01295356575611617 -0.001724794564064428
0.5238095238095238 0.01295356575611617 -0.001724794564064428
0.5714285714285714 0.01295356575611617 -0.001724794564064428
0.6190476190476191 0.01295356575611617 -0.001724794564064428
0.6666666666666666 0.01295356575611617 -0.001724794564064428
0.7142857142857143 0.01295356575611617 -0.001724794564064428
0.7619047619047619 0.01295356575611617 -0.001724794564064428
0.8095238095238095 0.01295356575611617 -0.001724794564064428
0.8571428571428571 0.01295356575611617 -0.001724794564064428
0.9047619047619048 0.01295356575611617 -0.001724794564064428
0.9523809523809523 0.01295356575611617 -0.001724794564064428
0.04761904761904762 0.005372686625960562 -0.02601671322797361
0.09523809523809523 0.005372686625960562 -0.02601671322797361
0.1428571428571428 0.005372686625960562 -0.02601671322797361
0.1904761904761905 0.005372686625960562 -0.02601671322797361
0.2380952380952381 0.005372686625960562 -0.02601671322797361
0.2857142857142857 0.005372686625960562 -0.02601671322797361
0.3333333333333333 0.005372686625960562 -0.02601671322797361
0.3809523809523809 0.005372686625960562 -0.02601671322797361
0.4285714285714285 0.005372686625960562 -0.02601671322797361
0.4761904761904762 0.005372686625960562 -0.02601671322797361
0.5238095238095238 0.005372686625960562 -0.02601671322797361
0.5714285714285714 0.005372686625960562 -0.02601671322797361
0.6190476190476191 0.005372686625960562 -0.02601671322797361
0.6666666666666666 0.005372686625960562 -0.02601671322797361
0.7142857142857143 0.005372686625960562 -0.02601671322797361
0.7619047619047619 0.005372686625960562 -0.02601671322797361
0.8095238095238095 0.005372686625960562 -0.02601671322797361
0.8571428571428571 0.005372686625960562 -0.02601671322797361
0.9047619047619048 0.005372686625960562 -0.02601671322797361
0.9523809523809523 0.005372686625960562 -0.02601671322797361
0.04761904761904762 0.005924787470760672 0.02789516253988863
0.09523809523809523 0.005924787470760672 0.02789516253988863
0.1428571428571428 0.005924787470760672 0.02789516253988863
0.1904761904761905 0.005924787470760672 0.02789516253988863
0.2380952380952381 0.005924787470760672 0.02789516253988863
0.2857142857142857 0.005924787470760672 0.02789516253988863
0.3333333333333333 0.005924787470760672 0.02789516253988863
0.3809523809523809 0.005924787470760672 0.02789516253988863
0.4285714285714285 0.005924787470760672 0.02789516253988863
0.4761904761904762 0.005924787470760672 0.02789516253988863
0.5238095238095238 0.005924787470760672 0.02789516253988863
0.5714285714285714 0.005924787470760672 0.02789516253988863
0.6190476190476191 0.005924787470760672 0.02789516253988863
0.6666666666666666 0.005924787470760672 0.02789516253988863
0.7142857142857143 0.005924787470760672 0.02789516253988863
0.7619047619047619 0.005924787470760672 0.02789516253988863
0.8095238095238095 0.005924787470760672 0.02789516253988863
0.8571428571428571 0.005924787470760672 0.02789516253988863
0.9047619047619048 0.005924787470760672 0.02789516253988863
0.9523809523809523 0.005924787470760672 0.02789516253988863
0.04761904761904762 -0.02982525496937695 -0.00487367581087836
0.09523809523809523 -0.02982525496937695 -0.00487367581087836
0.1428571428571428 -0.02982525496937695 -0.00487367581087836
0.1904761904761905 -0.02982525496937695 -0.00487367581087836
0.2380952380952381 -0.02982525496937695 -0.00487367581087836
0.2857142857142857 -0.02982525496937695 -0.00487367581087836
0.3333333333333333 -0.02982525496937695 -0.00487367581087836
0.3809523809523809 -0.02982525496937695 -0.00487367581087836
0.4285714285714285 -0.02982525496937695 -0.00487367581087836
0.4761904761904762 -0.02982525496937695 -0.00487367581087836
0.5238095238095238 -0.02982525496937695 -0.00487367581087836
0.5714285714285714 -0.02982525496937695 -0.00487367581087836
0.6190476190476191 -0.02982525496937695 -0.00487367581087836
0.6666666666666666 -0.02982525496937695 -0.00487367581087836
0.7142857142857143 -0.02982525496937695 -0.00487367581087836
0.7619047619047619 -0.02982525496937695 -0.00487367581087836
0.8095238095238095 -0.02982525496937695 -0.00487367581087836
0.8571428571428571 -0.02982525496937695 -0.00487367581087836
0.9047619047619048 -0.02982525496937695 -0.00487367581087836
0.9523809523809523 -0.02982525496937695 -0.00487367581087836
0.04761904761904762 0.01317006812855154 0.006208180073355789
0.09523809523809523 0.01317006812855154 0.006208180073355789
0.1428571428571428 0.01317006812855154 0.006208180073355789
0.1904761904761905 0.01317006812855154 0.006208180073355789
0.2380952380952381 0.01317006812855154 0.006208180073355789
0.2857142857142857 0.01317006812855154 0.006208180073355789
0.3333333333333333 0.01317006812855154 0.006208180073355789
0.3809523809523809 0.01317006812855154 0.006208180073355789
0.4285714285714285 0.01317006812855154 0.006208180073355789
0.4761904761904762 0.01317006812855154 0.006208180073355789
0.5238095238095238 0.01317006812855154 0.006208180073355789
0.5714285714285714 0.01317006812855154 0.006208180073355789
0.6190476190476191 0.01317006812855154 0.006208180073355789
0.6666666666666666 0.01317006812855154 0.006208180073355789
0.7142857142857143 0.01317006812855154 0.006208180073355789
0.7619047619047619 0.01317006812855154 0.006208180073355789
0.8095238095238095 0.01317006812855154 0.006208180073355789
0.8571428571428571 0.01317006812855154 0.006208180073355789
0.9047619047619048 0.01317006812855154 0.006208180073355789
0.9523809523809523 0.01317006812855154 0.006208180073355789
0.04761904761904762 0.008833466230642831 0.00315191615871931
0.09523809523809523 0.008833466230642831 0.00315191615871931
0.1428571428571428 0.008833466230642831 0.00315191615871931
0.1904761904761905 0.008833466230642831 0.00315191615871931
0.2380952380952381 0.008833466230642831 0.00315191615871931
0.2857142857142857 0.008833466230642831 0.00315191615871931
0.3333333333333333 0.008833466230642831 0.00315191615871931
0.3809523809523809 0.008833466230642831 0.00315191615871931
0.4285714285714285 0.008833466230642831 0.00315191615871931
0.4761904761904762 0.008833466230642831 0.00315191615871931
0.5238095238095238 0.008833466230642831 0.00315191615871931
0.5714285714285714 0.008833466230642831 0.00315191615871931
0.6190476190476191 0.008833466230642831 0.00315191615871931
0.6666666666666666 0.008833466230642831 0.00315191615871931
0.7142857142857143 0.008833466230642831 0.00315191615871931
0.7619047619047619 0.008833466230642831 0.00315191615871931
0.8095238095238095 0.008833466230642831 0.00315191615871931
0.8571428571428571 0.008833466230642831 0.00315191615871931
0.9047619047619048 0.008833466230642831 0.00315191615871931
0.9523809523809523 0.008833466230642831 0.00315191615871931
0.04761904761904762 0.006951349273754485 -0.006793960973863129
0.09523809523809523 0.006951349273754485 -0.006793960973863129
0.1428571428571428 0.006951349273754485 -0.006793960973863129
0.1904761904761905 0.006951349273754485 -0.006793960973863129
0.2380952380952381 0.006951349273754485 -0.006793960973863129
0.2857142857142857 0.006951349273754485 -0.006793960973863129
0.3333333333333333 0.006951349273754485 -0.006793960973863129
0.3809523809523809 0.006951349273754485 -0.006793960973863129
0.4285714285714285 0.006951349273754485 -0.006793960973863129
0.4761904761904762 0.006951349273754485 -0.006793960973863129
0.5238095238095238 0.006951349273754485 -0.006793960973863129
0.5714285714285714 0.006951349273754485 -0.006793960973863129
0.6190476190476191 0.006951349273754485 -0.006793960973863129
0.6666666666666666 0.006951349273754485 -0.006793960973863129
0.7142857142857143 0.006951349273754485 -0.006793960973863129
0.7619047619047619 0.006951349273754485 -0.006793960973863129
0.8095238095238095 0.006951349273754485 -0.006793960973863129
0.8571428571428571 0.006951349273754485 -0.006793960973863129
0.9047619047619048 0.006951349273754485 -0.006793960973863129
0.9523809523809523 0.006951349273754485 -0.006793960973863129
0.04761904761904762 0.002800859480645161 -0.001239980980676873
0.09523809523809523 0.002800859480645161 -0.001239980980676873
0.1428571428571428 0.002800859480645161 -0.001239980980676873
0.1904761904761905 0.002800859480645161 -0.001239980980676873
0.2380952380952381 0.002800859480645161 -0.001239980980676873
0.2857142857142857 0.002800859480645161 -0.001239980980676873
0.3333333333333333 0.002800859480645161 -0.001239980980676873
0.3809523809523809 0.002800859480645161 -0.001239980980676873
0.4285714285714285 0.002800859480645161 -0.001239980980676873
0.4761904761904762 0.002800859480645161 -0.001239980980676873
0.5238095238095238 0.002800859480645161 -0.001239980980676873
0.5714285714285714 0.002800859480645161 -0.001239980980676873
0.6190476190476191 0.002800859480645161 -0.001239980980676873
0.6666666666666666 0.002800859480645161 -0.001239980980676873
0.7142857142857143 0.002800859480645161 -0.001239980980676873
0.7619047619047619 0.002800859480645161 -0.001239980980676873
0.8095238095238095 0.002800859480645161 -0.001239980980676873
0.8571428571428571 0.002800859480645161 -0.001239980980676873
0.9047619047619048 0.002800859480645161 -0.001239980980676873
0.9523809523809523 0.002800859480645161 -0.001239980980676873
0.04761904761904762 -0.001231533515204979 0.00442673357954367
0.09523809523809523 -0.001231533515204979 0.00442673357954367
0.1428571428571428 -0.001231533515204979 0.00442673357954367
0.1904761904761905 -0.001231533515204979 0.00442673357954367
0.2380952380952381 -0.001231533515204979 0.00442673357954367
0.2857142857142857 -0.001231533515204979 0.00442673357954367
0.3333333333333333 -0.001231533515204979 0.00442673357954367
0.3809523809523809 -0.001231533515204979 0.00442673357954367
0.4285714285714285 -0.001231533515204979 0.00442673357954367
0.4761904761904762 -0.001231533515204979 0.00442673357954367
0.5238095238095238 -0.001231533515204979 0.00442673357954367
0.5714285714285714 -0.001231533515204979 0.00442673357954367
0.6190476190476191 -0.001231533515204979 0.00442673357954367
0.6666666666666666 -0.001231533515204979 0.00442673357954367
0.7142857142857143 -0.001231533515204979 0.00442673357954367
0.7619047619047619 -0.001231533515204979 0.00442673357954367
0.8095238095238095 -0.001231533515204979 0.00442673357954367
0.8571428571428571 -0.001231533515204979 0.00442673357954367
0.9047619047619048 -0.001231533515204979 0.00442673357954367
0.9523809523809523 -0.001231533515204979 0.00442673357954367
0.04761904761904762 -0.005655760233221338 0.001032655353830475
0.09523809523809523 -0.005655760233221338 0.001032655353830475
0.1428571428571428 -0.005655760233221338 0.001032655353830475
0.1904761904761905 -0.005655760233221338 0.001032655353830475
0.2380952380952381 -0.005655760233221338 0.001032655353830475
0.2857142857142857 -0.005655760233221338 0.001032655353830475
0.3333333333333333 -0.005655760233221338 0.001032655353830475
0.3809523809523809 -0.005655760233221338 0.001032655353830475
0.4285714285714285 -0.005655760233221338 0.001032655353830475
0.4761904761904762 -0.005655760233221338 0.001032655353830475
0.5238095238095238 -0.005655760233221338 0.001032655353830475
0.5714285714285714 -0.005655760233221338 0.001032655353830475
0.6190476190476191 -0.005655760233221338 0.001032655353830475
0.6666666666666666 -0.005655760233221338 0.001032655353830475
0.7142857142857143 -0.005655760233221338 0.001032655353830475
0.7619047619047619 -0.005655760233221338 0.001032655353830475
0.8095238095238095 -0.005655760233221338 0.001032655353830475
0.8571428571428571 -0.005655760233221338 0.001032655353830475
0.9047619047619048 -0.005655760233221338 0.001032655353830475
0.9523809523809523 -0.005655760233221338 0.001032655353830475
0.04761904761904762 -0.004666042346143485 -0.006440134850291499
0.09523809523809523 -0.004666042346143485 -0.006440134850291499
0.1428571428571428 -0.004666042346143485 -0.006440134850291499
0.1904761904761905 -0.004666042346143485 -0.006440134850291499
0.2380952380952381 -0.004666042346143485 -0.006440134850291499
0.2857142857142857 -0.004666042346143485 -0.006440134850291499
0.3333333333333333 -0.004666042346143485 -0.006440134850291499
0.3809523809523809 -0.004666042346143485 -0.006440134850291499
0.4285714285714285 -0.004666042346143485 -0.006440134850291499
0.4761904761904762 -0.004666042346143485 -0.006440134850291499
0.5238095238095238 -0.004666042346143485 -0.006440134850291499
0.5714285714285714 -0.004666042346143485 -0.006440134850291499
0.6190476190476191 -0.004666042346143485 -0.006440134850291499
0.6666666666666666 -0.004666042346143485 -0.006440134850291499
0.7142857142857143 -0.004666042346143485 -0.006440134850291499
0.7619047619047619 -0.004666042346143485 -0.006440134850291499
0.8095238095238095 -0.004666042346143485 -0.006440134850291499
0.8571428571428571 -0.004666042346143485 -0.006440134850291499
0.9047619047619048 -0.004666042346143485 -0.006440134850291499
0.9523809523809523 -0.004666042346143485 -0.006440134850291499
0.04761904761904762 0.01143684115606324 0.03640371261028488
0.09523809523809523 0.01143684115606324 0.03640371261028488
0.1428571428571428 0.01143684115606324 0.03640371261028488
0.1904761904761905 0.01143684115606324 0.03640371261028488
0.2380952380952381 0.01143684115606324 0.03640371261028488
0.2857142857142857 0.01143684115606324 0.03640371261028488
0.3333333333333333 0.01143684115606324 0.03640371261028488
0.3809523809523809 0.01143684115606324 0.03640371261028488
0.4285714285714285 0.01143684115606324 0.03640371261028488
0.4761904761904762 0.01143684115606324 0.03640371261028488
0.5238095238095238 0.01143684115606324 0.03640371261028488
0.5714285714285714 0.01143684115606324 0.03640371261028488
0.6190476190476191 0.01143684115606324 0.03640371261028488
0.6666666666666666 0.01143684115606324 0.03640371261028488
0.7142857142857143 0.01143684115606324 0.03640371261028488
0.7619047619047619 0.01143684115606324 0.03640371261028488
0.8095238095238095 0.01143684115606324 0.03640371261028488
0.8571428571428571 0.01143684115606324 0.03640371261028488
0.9047619047619048 0.01143684115606324 0.03640371261028488
0.9523809523809523 0.01143684115606324 0.03640371261028488
0.04761904761904762 0.003450536701303021 -0.03627392699699989
0.09523809523809523 0.003450536701303021 -0.03627392699699989
0.1428571428571428 0.003450536701303021 -0.03627392699699989
0.1904761904761905 0.003450536701303021 -0.03627392699699989
0.2380952380952381 0.003450536701303021 -0.03627392699699989
0.2857142857142857 0.003450536701303021 -0.03627392699699989
0.3333333333333333 0.003450536701303021 -0.03627392699699989
0.3809523809523809 0.003450536701303021 -0.03627392699699989
0.4285714285714285 0.003450536701303021 -0.03627392699699989
0.4761904761904762 0.003450536701303021 -0.03627392699699989
0.5238095238095238 0.003450536701303021 -0.03627392699699989
0.5714285714285714 0.003450536701303021 -0.03627392699699989
0.6190476190476191 0.003450536701303021 -0.03627392699699989
0.6666666666666666 0.003450536701303021 -0.03627392699699989
0.7142857142857143 0.003450536701303021 -0.03627392699699989
0.7619047619047619 0.003450536701303021 -0.03627392699699989
0.8095238095238095 0.003450536701303021 -0.03627392699699989
0.8571428571428571 0.003450536701303021 -0.03627392699699989
0.9047619047619048 0.003450536701303021 -0.03627392699699989
0.9523809523809523 0.003450536701303021 -0.03627392699699989
0.04761904761904762 0.03968736998565266 -0.00334080423688622
0.09523809523809523 0.03968736998565266 -0.00334080423688622
0.1428571428571428 0.03968736998565266 -0.00334080423688622
0.1904761904761905 0.03968736998565266 -0.00334080423688622
0.2380952380952381 0.03968736998565266 -0.00334080423688622
0.2857142857142857 0.03968736998565266 -0.00334080423688622
0.3333333333333333 0.03968736998565266 -0.00334080423688622
0.3809523809523809 0.03968736998565266 -0.00334080423688622
0.4285714285714285 0.03968736998565266 -0.00334080423688622
0.4761904761904762 0.03968736998565266 -0.00334080423688622
0.5238095238095238 0.03968736998565266 -0.00334080423688622
0.5714285714285714 0.03968736998565266 -0.00334080423688622
0.6190476190476191 0.03968736998565266 -0.00334080423688622
0.6666666666666666 0.03968736998565266 -0.00334080423688622
0.7142857142857143 0.03968736998565266 -0.00334080423688622
0.7619047619047619 0.03968736998565266 -0.00334080423688622
0.8095238095238095 0.03968736998565266 -0.00334080423688622
0.8571428571428571 0.03968736998565266 -0.00334080423688622
0.9047619047619048 0.03968736998565266 -0.00334080423688622
0.9523809523809523 0.03968736998565266 -0.00334080423688622
0.04761904761904762 0.0378321993874079 -0.006401793080577651
0.09523809523809523 0.0378321993874079 -0.006401793080577651
0.1428571428571428 0.0378321993874079 -0.006401793080577651
0.1904761904761905 0.0378321993874079 -0.006401793080577651
0.2380952380952381 0.0378321993874079 -0.006401793080577651
0.2857142857142857 0.0378321993874079 -0.006401793080577651
0.3333333333333333 0.0378321993874079 -0.006401793080577651
0.3809523809523809 0.0378321993874079 -0.006401793080577651
0.4285714285714285 0.0378321993874079 -0.006401793080577651
0.4761904761904762 0.0378321993874079 -0.006401793080577651
0.5238095238095238 0.0378321993874079 -0.006401793080577651
0.5714285714285714 0.0378321993874079 -0.006401793080577651
0.6190476190476191 0.0378321993874079 -0.006401793080577651
0.6666666666666666 0.0378321993874079 -0.006401793080577651
0.7142857142857143 0.0378321993874079 -0.006401793080577651
0.7619047619047619 0.0378321993874079 -0.006401793080577651
0.8095238095238095 0.0378321993874079 -0.006401793080577651
0.8571428571428571 0.0378321993874079 -0.006401793080577651
0.9047619047619048 0.0378321993874079 -0.006401793080577651
0.9523809523809523 0.0378321993874079 -0.006401793080577651
0.04761904761904762 -0.03803291772560624 -0.01229866220178462
0.09523809523809523 -0.03803291772560624 -0.01229866220178462
0.1428571428571428 -0.03803291772560624 -0.01229866220178462
0.1904761904761905 -0.03803291772560624 -0.01229866220178462
0.2380952380952381 -0.03803291772560624 -0.01229866220178462
0.2857142857142857 -0.03803291772560624 -0.01229866220178462
0.3333333333333333 -0.03803291772560624 -0.01229866220178462
0.3809523809523809 -0.03803291772560624 -0.01229866220178462
0.4285714285714285 -0.03803291772560624 -0.01229866220178462
0.4761904761904762 -0.03803291772560624 -0.01229866220178462
0.5238095238095238 -0.03803291772560624 -0.01229866220178462
0.5714285714285714 -0.03803291772560624 -0.01229866220178462
0.6190476190476191 -0.03803291772560624 -0.01229866220178462
0.6666666666666666 -0.03803291772560624 -0.01229866220178462
0.7142857142857143 -0.03803291772560624 -0.01229866220178462
0.7619047619047619 -0.03803291772560624 -0.01229866220178462
0.8095238095238095 -0.03803291772560624 -0.01229866220178462
0.8571428571428571 -0.03803291772560624 -0.01229866220178462
0.9047619047619048 -0.03803291772560624 -0.01229866220178462
0.9523809523809523 -0.03803291772560624 -0.01229866220178462
0.04761904761904762 -0.03734953418300677 -0.008434049616162367
0.09523809523809523 -0.03734953418300677 -0.008434049616162367
0.1428571428571428 -0.03734953418300677 -0.008434049616162367
0.1904761904761905 -0.03734953418300677 -0.008434049616162367
0.2380952380952381 -0.03734953418300677 -0.008434049616162367
0.2857142857142857 -0.03734953418300677 -0.008434049616162367
0.3333333333333333 -0.03734953418300677 -0.008434049616162367
0.3809523809523809 -0.03734953418300677 -0.008434049616162367
0.4285714285714285 -0.03734953418300677 -0.008434049616162367
0.4761904761904762 -0.03734953418300677 -0.008434049616162367
0.5238095238095238 -0.03734953418300677 -0.008434049616162367
0.5714285714285714 -0.03734953418300677 -0.008434049616162367
0.6190476190476191 -0.03734953418300677 -0.008434049616162367
0.6666666666666666 -0.03734953418300677 -0.008434049616162367
0.7142857142857143 -0.03734953418300677 -0.008434049616162367
0.7619047619047619 -0.03734953418300677 -0.008434049616162367
0.8095238095238095 -0.03734953418300677 -0.008434049616162367
0.8571428571428571 -0.03734953418300677 -0.008434049616162367
0.9047619047619048 -0.03734953418300677 -0.008434049616162367
0.9523809523809523 -0.03734953418300677 -0.008434049616162367
0.04761904761904762 0.01431180725754893 -0.01671843470669212
0.09523809523809523 0.01431180725754893 -0.01671843470669212
0.1428571428571428 0.01431180725754893 -0.01671843470669212
0.1904761904761905 0.01431180725754893 -0.01671843470669212
0.2380952380952381 0.01431180725754893 -0.01671843470669212
0.2857142857142857 0.01431180725754893 -0.01671843470669212
0.3333333333333333 0.01431180725754893 -0.01671843470669212
0.3809523809523809 0.01431180725754893 -0.01671843470669212
0.4285714285714285 0.01431180725754893 -0.01671843470669212
0.4761904761904762 0.01431180725754893 -0.01671843470669212
0.5238095238095238 0.01431180725754893 -0.01671843470669212
0.5714285714285714 0.01431180725754893 -0.01671843470669212
0.6190476190476191 0.01431180725754893 -0.01671843470669212
0.6666666666666666 0.01431180725754893 -0.01671843470669212
0.7142857142857143 0.01431180725754893 -0.01671843470669212
0.7619047619047619 0.01431180725754893 -0.01671843470669212
0.8095238095238095 0.01431180725754893 -0.01671843470669212
0.8571428571428571 0.01431180725754893 -0.01671843470669212
0.9047619047619048 0.01431180725754893 -0.01671843470669212
0.9523809523809523 0.01431180725754893 -0.01671843470669212
0.04761904761904762 0.03425231962107814 -0.01052521222629877
0.09523809523809523 0.03425231962107814 -0.01052521222629877
0.1428571428571428 0.03425231962107814 -0.01052521222629877
0.1904761904761905 0.03425231962107814 -0.01052521222629877
0.2380952380952381 0.03425231962107814 -0.01052521222629877
0.2857142857142857 0.03425231962107814 -0.01052521222629877
0.3333333333333333 0.03425231962107814 -0.01052521222629877
0.3809523809523809 0.03425231962107814 -0.01052521222629877
0.4285714285714285 0.03425231962107814 -0.01052521222629877
0.4761904761904762 0.03425231962107814 -0.01052521222629877
0.5238095238095238 0.03425231962107814 -0.01052521222629877
0.5714285714285714 0.03425231962107814 -0.01052521222629877
0.6190476190476191 0.03425231962107814 -0.01052521222629877
0.6666666666666666 0.03425231962107814 -0.01052521222629877
0.7142857142857143 0.03425231962107814 -0.01052521222629877
0.7619047619047619 0.03425231962107814 -0.01052521222629877
0.8095238095238095 0.03425231962107814 -0.01052521222629877
0.8571428571428571 0.03425231962107814 -0.01052521222629877
0.9047619047619048 0.03425231962107814 -0.01052521222629877
0.9523809523809523 0.03425231962107814 -0.01052521222629877
0.04761904761904762 -0.03803517245825723 -0.003322956809007413
0.09523809523809523 -0.03803517245825723 -0.003322956809007413
0.1428571428571428 -0.03803517245825723 -0.003322956809007413
0.1904761904761905 -0.03803517245825723 -0.003322956809007413
0.2380952380952381 -0.03803517245825723 -0.003322956809007413
0.2857142857142857 -0.03803517245825723 -0.003322956809007413
0.3333333333333333 -0.03803517245825723 -0.003322956809007413
0.3809523809523809 -0.03803517245825723 -0.003322956809007413
0.4285714285714285 -0.03803517245825723 -0.003322956809007413
0.4761904761904762 -0.03803517245825723 -0.003322956809007413
0.5238095238095238 -0.03803517245825723 -0.003322956809007413
0.5714285714285714 -0.03803517245825723 -0.003322956809007413
0.6190476190476191 -0.03803517245825723 -0.003322956809007413
0.6666666666666666 -0.03803517245825723 -0.003322956809007413
0.7142857142857143 -0.03803517245825723 -0.003322956809007413
0.7619047619047619 -0.03803517245825723 -0.003322956809007413
0.8095238095238095 -0.03803517245825723 -0.003322956809007413
0.8571428571428571 -0.03803517245825723 -0.003322956809007413
0.9047619047619048 -0.03803517245825723 -0.003322956809007413
0.9523809523809523 -0.03803517245825723 -0.003322956809007413
0.04761904761904762 0.04242767165641201 -0.002955320218410617
0.09523809523809523 0.04242767165641201 -0.002955320218410617
0.1428571428571428 0.04242767165641201 -0.002955320218410617
0.1904761904761905 0.04242767165641201 -0.002955320218410617
0.2380952380952381 0.04242767165641201 -0.002955320218410617
0.2857142857142857 0.04242767165641201 -0.002955320218410617
0.3333333333333333 0.04242767165641201 -0.002955320218410617
0.3809523809523809 0.04242767165641201 -0.002955320218410617
0.4285714285714285 0.04242767165641201 -0.002955320218410617
0.4761904761904762 0.04242767165641201 -0.002955320218410617
0.5238095238095238 0.04242767165641201 -0.002955320218410617
0.5714285714285714 0.04242767165641201 -0.002955320218410617
0.6190476190476191 0.04242767165641201 -0.002955320218410617
0.6666666666666666 0.04242767165641201 -0.002955320218410617
0.7142857142857143 0.04242767165641201 -0.002955320218410617
0.7619047619047619 0.04242767165641201 -0.002955320218410617
0.8095238095238095 0.04242767165641201 -0.002955320218410617
0.8571428571428571 0.04242767165641201 -0.002955320218410617
0.9047619047619048 0.04242767165641201 -0.002955320218410617
0.9523809523809523 0.04242767165641201 -0.002955320218410617
0.04761904761904762 0.04475717341123473 -0.005781995018865872
0.09523809523809523 0.04475717341123473 -0.005781995018865872
0.1428571428571428 0.04475717341123473 -0.005781995018865872
0.1904761904761905 0.04475717341123473 -0.005781995018865872
0.2380952380952381 0.04475717341123473 -0.005781995018865872
0.2857142857142857 0.04475717341123473 -0.005781995018865872
0.3333333333333333 0.04475717341123473 -0.005781995018865872
0.3809523809523809 0.04475717341123473 -0.005781995018865872
0.4285714285714285 0.04475717341123473 -0.005781995018865872
0.4761904761904762 0.04475717341123473 -0.005781995018865872
0.5238095238095238 0.04475717341123473 -0.005781995018865872
0.5714285714285714 0.04475717341123473 -0.005781995018865872
0.6190476190476191 0.04475717341123473 -0.005781995018865872
0.6666666666666666 0.04475717341123473 -0.005781995018865872
0.7142857142857143 0.04475717341123473 -0.005781995018865872
0.7619047619047619 0.04475717341123473 -0.005781995018865872
0.8095238095238095 0.04475717341123473 -0.005781995018865872
0.8571428571428571 0.04475717341123473 -0.005781995018865872
0.9047619047619048 0.04475717341123473 -0.005781995018865872
0.9523809523809523 0.04475717341123473 -0.005781995018865872
0.04761904761904762 0.04272578138717735 -0.005764030441994143
0.09523809523809523 0.04272578138717735 -0.005764030441994143
0.1428571428571428 0.04272578138717735 -0.005764030441994143
0.1904761904761905 0.04272578138717735 -0.005764030441994143
0.2380952380952381 0.04272578138717735 -0.005764030441994143
0.2857142857142857 0.04272578138717735 -0.005764030441994143
0.3333333333333333 0.04272578138717735 -0.005764030441994143
0.3809523809523809 0.04272578138717735 -0.005764030441994143
0.4285714285714285 0.04272578138717735 -0.005764030441994143
0.4761904761904762 0.04272578138717735 -0.005764030441994143
0.5238095238095238 0.04272578138717735 -0.005764030441994143
0.5714285714285714 0.04272578138717735 -0.005764030441994143
0.6190476190476191 0.04272578138717735 -0.005764030441994143
0.6666666666666666 0.04272578138717735 -0.005764030441994143
0.7142857142857143 0.04272578138717735 -0.005764030441994143
0.7619047619047619 0.04272578138717735 -0.005764030441994143
0.8095238095238095 0.04272578138717735 -0.005764030441994143
0.8571428571428571 0.04272578138717735 -0.005764030441994143
0.9047619047619048 0.04272578138717735 -0.005764030441994143
0.9523809523809523 0.04272578138717735 -0.005764030441994143
0.04761904761904762 -0.04118190691338421 -0.01351711278690723
0.09523809523809523 -0.04118190691338421 -0.01351711278690723
0.1428571428571428 -0.04118190691338421 -0.01351711278690723
0.1904761904761905 -0.04118190691338421 -0.01351711278690723
0.2380952380952381 -0.04118190691338421 -0.01351711278690723
0.2857142857142857 -0.04118190691338421 -0.01351711278690723
0.3333333333333333 -0.04118190691338421 -0.01351711278690723
0.3809523809523809 -0.04118190691338421 -0.01351711278690723
0.4285714285714285 -0.04118190691338421 -0.01351711278690723
0.4761904761904762 -0.04118190691338421 -0.01351711278690723
0.5238095238095238 -0.04118190691338421 -0.01351711278690723
0.5714285714285714 -0.04118190691338421 -0.01351711278690723
0.6190476190476191 -0.04118190691338421 -0.01351711278690723
0.6666666666666666 -0.04118190691338421 -0.01351711278690723
0.7142857142857143 -0.04118190691338421 -0.01351711278690723
0.7619047619047619 -0.04118190691338421 -0.01351711278690723
0.8095238095238095 -0.04118190691338421 -0.01351711278690723
0.8571428571428571 -0.04118190691338421 -0.01351711278690723
0.9047619047619048 -0.04118190691338421 -0.01351711278690723
0.9523809523809523 -0.04118190691338421 -0.01351711278690723
0.04761904761904762 -0.04168923540037529 -0.01150870834942466
0.09523809523809523 -0.04168923540037529 -0.01150870834942466
0.1428571428571428 -0.04168923540037529 -0.01150870834942466
0.1904761904761905 -0.04168923540037529 -0.01150870834942466
0.2380952380952381 -0.04168923540037529 -0.01150870834942466
0.2857142857142857 -0.04168923540037529 -0.01150870834942466
0.3333333333333333 -0.04168923540037529 -0.01150870834942466
0.3809523809523809 -0.04168923540037529 -0.01150870834942466
0.4285714285714285 -0.04168923540037529 -0.01150870834942466
0.4761904761904762 -0.04168923540037529 -0.01150870834942466
0.5238095238095238 -0.04168923540037529 -0.01150870834942466
0.5714285714285714 -0.04168923540037529 -0.01150870834942466
0.6190476190476191 -0.04168923540037529 -0.01150870834942466
0.6666666666666666 -0.04168923540037529 -0.01150870834942466
0.7142857142857143 -0.04168923540037529 -0.01150870834942466
0.7619047619047619 -0.04168923540037529 -0.01150870834942466
0.8095238095238095 -0.04168923540037529 -0.01150870834942466
0.8571428571428571 -0.04168923540037529 -0.01150870834942466
0.9047619047619048 -0.04168923540037529 -0.01150870834942466
0.9523809523809523 -0.04168923540037529 -0.01150870834942466
0.04761904761904762 0.03227117675341473 -0.003763714687138979
0.09523809523809523 0.03227117675341473 -0.003763714687138979
0.1428571428571428 0.03227117675341473 -0.003763714687138979
0.1904761904761905 0.03227117675341473 -0.003763714687138979
0.2380952380952381 0.03227117675341473 -0.003763714687138979
0.2857142857142857 0.03227117675341473 -0.003763714687138979
0.3333333333333333 0.03227117675341473 -0.003763714687138979
0.3809523809523809 0.03227117675341473 -0.003763714687138979
0.4285714285714285 0.03227117675341473 -0.003763714687138979
0.4761904761904762 0.03227117675341473 -0.003763714687138979
0.5238095238095238 0.03227117675341473 -0.003763714687138979
0.5714285714285714 0.03227117675341473 -0.003763714687138979
0.6190476190476191 0.03227117675341473 -0.003763714687138979
0.6666666666666666 0.03227117675341473 -0.003763714687138979
0.7142857142857143 0.03227117675341473 -0.003763714687138979
0.7619047619047619 0.03227117675341473 -0.003763714687138979
0.8095238095238095 0.03227117675341473 -0.003763714687138979
0.8571428571428571 0.03227117675341473 -0.003763714687138979
0.9047619047619048 0.03227117675341473 -0.003763714687138979
0.9523809523809523 0.03227117675341473 -0.003763714687138979
0.04761904761904762 -0.006036823688275454 0.009549984068001645
0.09523809523809523 -0.006036823688275454 0.009549984068001645
0.1428571428571428 -0.006036823688275454 0.009549984068001645
0.1904761904761905 -0.006036823688275454 0.009549984068001645
0.2380952380952381 -0.006036823688275454 0.009549984068001645
0.2857142857142857 -0.006036823688275454 0.009549984068001645
0.3333333333333333 -0.006036823688275454 0.009549984068001645
0.3809523809523809 -0.006036823688275454 0.009549984068001645
0.4285714285714285 -0.006036823688275454 0.009549984068001645
0.4761904761904762 -0.006036823688275454 0.009549984068001645
0.5238095238095238 -0.006036823688275454 0.009549984068001645
0.5714285714285714 -0.006036823688275454 0.009549984068001645
0.6190476190476191 -0.006036823688275454 0.009549984068001645
0.6666666666666666 -0.006036823688275454 0.009549984068001645
0.7142857142857143 -0.006036823688275454 0.009549984068001645
0.7619047619047619 -0.006036823688275454 0.009549984068001645
0.8095238095238095 -0.006036823688275454 0.009549984068001645
0.8571428571428571 -0.006036823688275454 0.009549984068001645
0.9047619047619048 -0.006036823688275454 0.009549984068001645
0.9523809523809523 -0.006036823688275454 0.009549984068001645
0.04761904761904762 -0.03185299965509478 -0.008412761427476118
0.09523809523809523 -0.03185299965509478 -0.008412761427476118
0.1428571428571428 -0.03185299965509478 -0.008412761427476118
0.1904761904761905 -0.03185299965509478 -0.008412761427476118
0.2380952380952381 -0.03185299965509478 -0.008412761427476118
0.2857142857142857 -0.03185299965509478 -0.008412761427476118
0.3333333333333333 -0.03185299965509478 -0.008412761427476118
0.3809523809523809 -0.03185299965509478 -0.008412761427476118
0.4285714285714285 -0.03185299965509478 -0.008412761427476118
0.4761904761904762 -0.03185299965509478 -0.008412761427476118
0.5238095238095238 -0.03185299965509478 -0.008412761427476118
0.5714285714285714 -0.03185299965509478 -0.008412761427476118
0.6190476190476191 -0.03185299965509478 -0.008412761427476118
0.6666666666666666 -0.03185299965509478 -0.008412761427476118
0.7142857142857143 -0.03185299965509478 -0.008412761427476118
0.7619047619047619 -0.03185299965509478 -0.008412761427476118
0.8095238095238095 -0.03185299965509478 -0.008412761427476118
0.8571428571428571 -0.03185299965509478 -0.008412761427476118
0.9047619047619048 -0.03185299965509478 -0.008412761427476118
0.9523809523809523 -0.03185299965509478 -0.008412761427476118
0.04761904761904762 0.007823887512435545 -0.03027317391678962
0.09523809523809523 0.007823887512435545 -0.03027317391678962
0.1428571428571428 0.007823887512435545 -0.03027317391678962
0.1904761904761905 0.007823887512435545 -0.03027317391678962
0.2380952380952381 0.007823887512435545 -0.03027317391678962
0.2857142857142857 0.007823887512435545 -0.03027317391678962
0.3333333333333333 0.007823887512435545 -0.03027317391678962
0.3809523809523809 0.007823887512435545 -0.03027317391678962
0.4285714285714285 0.007823887512435545 -0.03027317391678962
0.4761904761904762 0.007823887512435545 -0.03027317391678962
0.5238095238095238 0.007823887512435545 -0.03027317391678962
0.5714285714285714 0.007823887512435545 -0.03027317391678962
0.6190476190476191 0.007823887512435545 -0.03027317391678962
0.6666666666666666 0.007823887512435545 -0.03027317391678962
0.7142857142857143 0.007823887512435545 -0.03027317391678962
0.7619047619047619 0.007823887512435545 -0.03027317391678962
0.8095238095238095 0.007823887512435545 -0.03027317391678962
0.8571428571428571 0.007823887512435545 -0.03027317391678962
0.9047619047619048 0.007823887512435545 -0.03027317391678962
0.9523809523809523 0.007823887512435545 -0.03027317391678962
0.04761904761904762 0.009779743058257316 -0.0217090900384241
0.09523809523809523 0.009779743058257316 -0.0217090900384241
0.1428571428571428 0.009779743058257316 -0.0217090900384241
0.1904761904761905 0.009779743058257316 -0.0217090900384241
0.2380952380952381 0.009779743058257316 -0.0217090900384241
0.2857142857142857 0.009779743058257316 -0.0217090900384241
0.3333333333333333 0.009779743058257316 -0.0217090900384241
0.3809523809523809 0.009779743058257316 -0.0217090900384241
0.4285714285714285 0.009779743058257316 -0.0217090900384241
0.4761904761904762 0.009779743058257316 -0.0217090900384241
0.5238095238095238 0.009779743058257316 -0.0217090900384241
0.5714285714285714 0.009779743058257316 -0.0217090900384241
0.6190476190476191 0.009779743058257316 -0.0217090900384241
0.6666666666666666 0.009779743058257316 -0.0217090900384241
0.7142857142857143 0.009779743058257316 -0.0217090900384241
0.7619047619047619 0.009779743058257316 -0.0217090900384241
0.8095238095238095 0.009779743058257316 -0.0217090900384241
0.8571428571428571 0.009779743058257316 -0.0217090900384241
0.9047619047619048 0.009779743058257316 -0.0217090900384241
0.9523809523809523 0.009779743058257316 -0.0217090900384241
0.04761904761904762 0.004114105617207014 0.03235418034750355
0.09523809523809523 0.004114105617207014 0.03235418034750355
0.1428571428571428 0.004114105617207014 0.03235418034750355
0.1904761904761905 0.004114105617207014 0.03235418034750355
0.2380952380952381 0.004114105617207014 0.03235418034750355
0.2857142857142857 0.004114105617207014 0.03235418034750355
0.3333333333333333 0.004114105617207014 0.03235418034750355
0.3809523809523809 0.004114105617207014 0.03235418034750355
0.4285714285714285 0.004114105617207014 0.03235418034750355
0.4761904761904762 0.004114105617207014 0.03235418034750355
0.5238095238095238 0.004114105617207014 0.03235418034750355
0.5714285714285714 0.004114105617207014 0.03235418034750355
0.6190476190476191 0.004114105617207014 0.03235418034750355
0.6666666666666666 0.004114105617207014 0.03235418034750355
0.7142857142857143 0.004114105617207014 0.03235418034750355
0.7619047619047619 0.004114105617207014 0.03235418034750355
0.8095238095238095 0.004114105617207014 0.03235418034750355
0.8571428571428571 0.004114105617207014 0.03235418034750355
0.9047619047619048 0.004114105617207014 0.03235418034750355
0.9523809523809523 0.004114105617207014 0.03235418034750355
0.04761904761904762 0.003540509241310105 -0.03955096756246151
0.09523809523809523 0.003540509241310105 -0.03955096756246151
0.1428571428571428 0.003540509241310105 -0.03955096756246151
0.1904761904761905 0.003540509241310105 -0.03955096756246151
0.2380952380952381 0.003540509241310105 -0.03955096756246151
0.2857142857142857 0.003540509241310105 -0.03955096756246151
0.3333333333333333 0.003540509241310105 -0.03955096756246151
0.3809523809523809 0.003540509241310105 -0.03955096756246151
0.4285714285714285 0.003540509241310105 -0.03955096756246151
0.4761904761904762 0.003540509241310105 -0.03955096756246151
0.5238095238095238 0.003540509241310105 -0.03955096756246151
0.5714285714285714 0.003540509241310105 -0.03955096756246151
0.6190476190476191 0.003540509241310105 -0.03955096756246151
0.6666666666666666 0.003540509241310105 -0.03955096756246151
0.7142857142857143 0.003540509241310105 -0.03955096756246151
0.7619047619047619 0.003540509241310105 -0.03955096756246151
0.8095238095238095 0.003540509241310105 -0.03955096756246151
0.8571428571428571 0.003540509241310105 -0.03955096756246151
0.9047619047619048 0.003540509241310105 -0.03955096756246151
0.9523809523809523 0.003540509241310105 -0.03955096756246151
0.04761904761904762 0.04002459704986533 -0.01355127602443296
0.09523809523809523 0.04002459704986533 -0.01355127602443296
0.1428571428571428 0.04002459704986533 -0.01355127602443296
0.1904761904761905 0.04002459704986533 -0.01355127602443296
0.2380952380952381 0.04002459704986533 -0.01355127602443296
0.2857142857142857 0.04002459704986533 -0.01355127602443296
0.3333333333333333 0.04002459704986533 -0.01355127602443296
0.3809523809523809 0.04002459704986533 -0.01355127602443296
0.4285714285714285 0.04002459704986533 -0.01355127602443296
0.4761904761904762 0.04002459704986533 -0.01355127602443296
0.5238095238095238 0.04002459704986533 -0.01355127602443296
0.5714285714285714 0.04002459704986533 -0.01355127602443296
0.6190476190476191 0.04002459704986533 -0.01355127602443296
0.6666666666666666 0.04002459704986533 -0.01355127602443296
0.7142857142857143 0.04002459704986533 -0.01355127602443296
0.7619047619047619 0.04002459704986533 -0.01355127602443296
0.8095238095238095 0.04002459704986533 -0.01355127602443296
0.8571428571428571 0.04002459704986533 -0.01355127602443296
0.9047619047619048 0.04002459704986533 -0.01355127602443296
0.9523809523809523 0.04002459704986533 -0.01355127602443296
0.04761904761904762 0.04356573953877564 -0.01174445229436608
0.09523809523809523 0.04356573953877564 -0.01174445229436608
0.1428571428571428 0.04356573953877564 -0.01174445229436608
0.1904761904761905 0.04356573953877564 -0.01174445229436608
0.2380952380952381 0.04356573953877564 -0.01174445229436608
0.2857142857142857 0.04356573953877564 -0.01174445229436608
0.3333333333333333 0.04356573953877564 -0.01174445229436608
0.3809523809523809 0.04356573953877564 -0.01174445229436608
0.4285714285714285 0.04356573953877564 -0.01174445229436608
0.4761904761904762 0.04356573953877564 -0.01174445229436608
0.5238095238095238 0.04356573953877564 -0.01174445229436608
0.5714285714285714 0.04356573953877564 -0.01174445229436608
0.6190476190476191 0.04356573953877564 -0.01174445229436608
0.6666666666666666 0.04356573953877564 -0.01174445229436608
0.7142857142857143 0.04356573953877564 -0.01174445229436608
0.7619047619047619 0.04356573953877564 -0.01174445229436608
0.8095238095238095 0.04356573953877564 -0.01174445229436608
0.8571428571428571 0.04356573953877564 -0.01174445229436608
0.9047619047619048 0.04356573953877564 -0.01174445229436608
0.9523809523809523 0.04356573953877564 -0.01174445229436608
0.04761904761904762 0.0409991799747435 -0.01100902275277243
0.09523809523809523 0.0409991799747435 -0.01100902275277243
0.1428571428571428 0.0409991799747435 -0.01100902275277243
0.1904761904761905 0.0409991799747435 -0.01100902275277243
0.2380952380952381 0.0409991799747435 -0.01100902275277243
0.2857142857142857 0.0409991799747435 -0.01100902275277243
0.3333333333333333 0.0409991799747435 -0.01100902275277243
0.3809523809523809 0.0409991799747435 -0.01100902275277243
0.4285714285714285 0.0409991799747435 -0.01100902275277243
0.4761904761904762 0.0409991799747435 -0.01100902275277243
0.5238095238095238 0.0409991799747435 -0.01100902275277243
0.5714285714285714 0.0409991799747435 -0.01100902275277243
0.6190476190476191 0.0409991799747435 -0.01100902275277243
0.6666666666666666 0.0409991799747435 -0.01100902275277243
0.7142857142857143 0.0409991799747435 -0.01100902275277243
0.7619047619047619 0.0409991799747435 -0.01100902275277243
0.8095238095238095 0.0409991799747435 -0.01100902275277243
0.8571428571428571 0.0409991799747435 -0.01100902275277243
0.9047619047619048 0.0409991799747435 -0.01100902275277243
0.9523809523809523 0.0409991799747435 -0.01100902275277243
0.04761904761904762 0.03874929334991277 -0.009696709971793673
0.09523809523809523 0.03874929334991277 -0.009696709971793673
0.1428571428571428 0.03874929334991277 -0.009696709971793673
0.1904761904761905 0.03874929334991277 -0.009696709971793673
0.2380952380952381 0.03874929334991277 -0.009696709971793673
0.2857142857142857 0.03874929334991277 -0.009696709971793673
0.3333333333333333 0.03874929334991277 -0.009696709971793673
0.3809523809523809 0.03874929334991277 -0.009696709971793673
0.4285714285714285 0.03874929334991277 -0.009696709971793673
0.4761904761904762 0.03874929334991277 -0.009696709971793673
0.5238095238095238 0.03874929334991277 -0.009696709971793673
0.5714285714285714 0.03874929334991277 -0.009696709971793673
0.6190476190476191 0.03874929334991277 -0.009696709971793673
0.6666666666666666 0.03874929334991277 -0.009696709971793673
0.7142857142857143 0.03874929334991277 -0.009696709971793673
0.7619047619047619 0.03874929334991277 -0.009696709971793673
0.8095238095238095 0.03874929334991277 -0.009696709971793673
0.8571428571428571 0.03874929334991277 -0.009696709971793673
0.9047619047619048 0.03874929334991277 -0.009696709971793673
0.9523809523809523 0.03874929334991277 -0.009696709971793673
0.04761904761904762 0.01199192105354188 0.03906785320163553
0.09523809523809523 0.01199192105354188 0.03906785320163553
0.1428571428571428 0.01199192105354188 0.03906785320163553
0.1904761904761905 0.01199192105354188 0.03906785320163553
0.2380952380952381 0.01199192105354188 0.03906785320163553
0.2857142857142857 0.01199192105354188 0.03906785320163553
0.3333333333333333 0.01199192105354188 0.03906785320163553
0.3809523809523809 0.01199192105354188 0.03906785320163553
0.4285714285714285 0.01199192105354188 0.03906785320163553
0.4761904761904762 0.01199192105354188 0.03906785320163553
0.5238095238095238 0.01199192105354188 0.03906785320163553
0.5714285714285714 0.01199192105354188 0.03906785320163553
0.6190476190476191 0.01199192105354188 0.03906785320163553
0.6666666666666666 0.01199192105354188 0.03906785320163553
0.7142857142857143 0.01199192105354188 0.03906785320163553
0.7619047619047619 0.01199192105354188 0.03906785320163553
0.8095238095238095 0.01199192105354188 0.03906785320163553
0.8571428571428571 0.01199192105354188 0.03906785320163553
0.9047619047619048 0.01199192105354188 0.03906785320163553
0.9523809523809523 0.01199192105354188 0.03906785320163553
0.04761904761904762 0.01078149573995566 -0.01198035206182793
0.09523809523809523 0.01078149573995566 -0.01198035206182793
0.1428571428571428 0.01078149573995566 -0.01198035206182793
0.1904761904761905 0.01078149573995566 -0.01198035206182793
0.2380952380952381 0.01078149573995566 -0.01198035206182793
0.2857142857142857 0.01078149573995566 -0.01198035206182793
0.3333333333333333 0.01078149573995566 -0.01198035206182793
0.3809523809523809 0.01078149573995566 -0.01198035206182793
0.4285714285714285 0.01078149573995566 -0.01198035206182793
0.4761904761904762 0.01078149573995566 -0.01198035206182793
0.5238095238095238 0.01078149573995566 -0.01198035206182793
0.5714285714285714 0.01078149573995566 -0.01198035206182793
0.6190476190476191 0.01078149573995566 -0.01198035206182793
0.6666666666666666 0.01078149573995566 -0.01198035206182793
0.7142857142857143 0.01078149573995566 -0.01198035206182793
0.7619047619047619 0.01078149573995566 -0.01198035206182793
0.8095238095238095 0.01078149573995566 -0.01198035206182793
0.8571428571428571 0.01078149573995566 -0.01198035206182793
0.9047619047619048 0.01078149573995566 -0.01198035206182793
0.9523809523809523 0.01078149573995566 -0.01198035206182793
0.04761904761904762 -0.0444588935198981 -0.00386778789231662
0.09523809523809523 -0.0444588935198981 -0.00386778789231662
0.1428571428571428 -0.0444588935198981 -0.00386778789231662
0.1904761904761905 -0.0444588935198981 -0.00386778789231662
0.2380952380952381 -0.0444588935198981 -0.00386778789231662
0.2857142857142857 -0.0444588935198981 -0.00386778789231662
0.3333333333333333 -0.0444588935198981 -0.00386778789231662
0.3809523809523809 -0.0444588935198981 -0.00386778789231662
0.4285714285714285 -0.0444588935198981 -0.00386778789231662
0.4761904761904762 -0.0444588935198981 -0.00386778789231662
0.5238095238095238 -0.0444588935198981 -0.00386778789231662
0.5714285714285714 -0.0444588935198981 -0.00386778789231662
0.6190476190476191 -0.0444588935198981 -0.00386778789231662
0.6666666666666666 -0.0444588935198981 -0.00386778789231662
0.7142857142857143 -0.0444588935198981 -0.00386778789231662
0.7619047619047619 -0.0444588935198981 -0.00386778789231662
0.8095238095238095 -0.0444588935198981 -0.00386778789231662
0.8571428571428571 -0.0444588935198981 -0.00386778789231662
0.9047619047619048 -0.0444588935198981 -0.00386778789231662
0.9523809523809523 -0.0444588935198981 -0.00386778789231662
0.04761904761904762 -0.04388786575022432 -0.006495892587505026
0.09523809523809523 -0.04388786575022432 -0.006495892587505026
0.1428571428571428 -0.04388786575022432 -0.006495892587505026
0.1904761904761905 -0.04388786575022432 -0.006495892587505026
0.2380952380952381 -0.04388786575022432 -0.006495892587505026
0.2857142857142857 -0.04388786575022432 -0.006495892587505026
0.3333333333333333 -0.04388786575022432 -0.006495892587505026
0.3809523809523809 -0.04388786575022432 -0.006495892587505026
0.4285714285714285 -0.04388786575022432 -0.006495892587505026
0.4761904761904762 -0.04388786575022432 -0.006495892587505026
0.5238095238095238 -0.04388786575022432 -0.006495892587505026
0.5714285714285714 -0.04388786575022432 -0.006495892587505026
0.6190476190476191 -0.04388786575022432 -0.006495892587505026
0.6666666666666666 -0.04388786575022432 -0.006495892587505026
0.7142857142857143 -0.04388786575022432 -0.006495892587505026
0.7619047619047619 -0.04388786575022432 -0.006495892587505026
0.8095238095238095 -0.04388786575022432 -0.006495892587505026
0.8571428571428571 -0.04388786575022432 -0.006495892587505026
0.9047619047619048 -0.04388786575022432 -0.006495892587505026
0.9523809523809523 -0.04388786575022432 -0.006495892587505026
0.04761904761904762 -0.03929734552592269 -0.006395795495345781
0.09523809523809523 -0.03929734552592269 -0.006395795495345781
0.1428571428571428 -0.03929734552592269 -0.006395795495345781
0.1904761904761905 -0.03929734552592269 -0.006395795495345781
0.2380952380952381 -0.03929734552592269 -0.006395795495345781
0.2857142857142857 -0.03929734552592269 -0.006395795495345781
0.3333333333333333 -0.03929734552592269 -0.006395795495345781
0.3809523809523809 -0.03929734552592269 -0.006395795495345781
0.4285714285714285 -0.03929734552592269 -0.006395795495345781
0.4761904761904762 -0.03929734552592269 -0.006395795495345781
0.5238095238095238 -0.03929734552592269 -0.006395795495345781
0.5714285714285714 -0.03929734552592269 -0.006395795495345781
0.6190476190476191 -0.03929734552592269 -0.006395795495345781
0.6666666666666666 -0.03929734552592269 -0.006395795495345781
0.7142857142857143 -0.03929734552592269 -0.006395795495345781
0.7619047619047619 -0.03929734552592269 -0.006395795495345781
0.8095238095238095 -0.03929734552592269 -0.006395795495345781
0.8571428571428571 -0.03929734552592269 -0.006395795495345781
0.9047619047619048 -0.03929734552592269 -0.006395795495345781
0.9523809523809523 -0.03929734552592269 -0.006395795495345781
0.04761904761904762 0.01116369230613316 -0.03820471509528232
0.09523809523809523 0.01116369230613316 -0.03820471509528232
0.1428571428571428 0.01116369230613316 -0.03820471509528232
0.1904761904761905 0.01116369230613316 -0.03820471509528232
0.2380952380952381 0.01116369230613316 -0.03820471509528232
0.2857142857142857 0.01116369230613316 -0.03820471509528232
0.3333333333333333 0.01116369230613316 -0.03820471509528232
0.3809523809523809 0.01116369230613316 -0.03820471509528232
0.4285714285714285 0.01116369230613316 -0.03820471509528232
0.4761904761904762 0.01116369230613316 -0.03820471509528232
0.5238095238095238 0.01116369230613316 -0.03820471509528232
0.5714285714285714 0.01116369230613316 -0.03820471509528232
0.6190476190476191 0.01116369230613316 -0.03820471509528232
0.6666666666666666 0.01116369230613316 -0.03820471509528232
0.7142857142857143 0.01116369230613316 -0.03820471509528232
0.7619047619047619 0.01116369230613316 -0.03820471509528232
0.8095238095238095 0.01116369230613316 -0.03820471509528232
0.8571428571428571 0.01116369230613316 -0.03820471509528232
0.9047619047619048 0.01116369230613316 -0.03820471509528232
0.9523809523809523 0.01116369230613316 -0.03820471509528232
0.04761904761904762 0.002134098318194476 0.03855471883191555
0.09523809523809523 0.002134098318194476 0.03855471883191555
0.1428571428571428 0.002134098318194476 0.03855471883191555
0.1904761904761905 0.002134098318194476 0.03855471883191555
0.2380952380952381 0.002134098318194476 0.03855471883191555
0.2857142857142857 0.002134098318194476 0.03855471883191555
0.3333333333333333 0.002134098318194476 0.03855471883191555
0.3809523809523809 0.002134098318194476 0.03855471883191555
0.4285714285714285 0.002134098318194476 0.03855471883191555
0.4761904761904762 0.002134098318194476 0.03855471883191555
0.5238095238095238 0.002134098318194476 0.03855471883191555
0.5714285714285714 0.002134098318194476 0.03855471883191555
0.6190476190476191 0.002134098318194476 0.03855471883191555
0.6666666666666666 0.002134098318194476 0.03855471883191555
0.7142857142857143 0.002134098318194476 0.03855471883191555
0.7619047619047619 0.002134098318194476 0.03855471883191555
0.8095238095238095 0.002134098318194476 0.03855471883191555
0.8571428571428571 0.002134098318194476 0.03855471883191555
0.9047619047619048 0.002134098318194476 0.03855471883191555
0.9523809523809523 0.002134098318194476 0.03855471883191555
0.04761904761904762 0.03398936312443205 -0.005891879773736276
0.09523809523809523 0.03398936312443205 -0.005891879773736276
0.1428571428571428 0.03398936312443205 -0.005891879773736276
0.1904761904761905 0.03398936312443205 -0.005891879773736276
0.2380952380952381 0.03398936312443205 -0.005891879773736276
0.2857142857142857 0.03398936312443205 -0.005891879773736276
0.3333333333333333 0.03398936312443205 -0.005891879773736276
0.3809523809523809 0.03398936312443205 -0.005891879773736276
0.4285714285714285 0.03398936312443205 -0.005891879773736276
0.4761904761904762 0.03398936312443205 -0.005891879773736276
0.5238095238095238 0.03398936312443205 -0.005891879773736276
0.5714285714285714 0.03398936312443205 -0.005891879773736276
0.6190476190476191 0.03398936312443205 -0.005891879773736276
0.6666666666666666 0.03398936312443205 -0.005891879773736276
0.7142857142857143 0.03398936312443205 -0.005891879773736276
0.7619047619047619 0.03398936312443205 -0.005891879773736276
0.8095238095238095 0.03398936312443205 -0.005891879773736276
0.8571428571428571 0.03398936312443205 -0.005891879773736276
0.9047619047619048 0.03398936312443205 -0.005891879773736276
0.9523809523809523 0.03398936312443205 -0.005891879773736276
0.04761904761904762 -0.03533688752830695 -0.00652542493496601
0.09523809523809523 -0.03533688752830695 -0.00652542493496601
0.1428571428571428 -0.03533688752830695 -0.00652542493496601
0.1904761904761905 -0.03533688752830695 -0.00652542493496601
0.2380952380952381 -0.03533688752830695 -0.00652542493496601
0.2857142857142857 -0.03533688752830695 -0.00652542493496601
0.3333333333333333 -0.03533688752830695 -0.00652542493496601
0.3809523809523809 -0.03533688752830695 -0.00652542493496601
0.4285714285714285 -0.03533688752830695 -0.00652542493496601
0.4761904761904762 -0.03533688752830695 -0.00652542493496601
0.5238095238095238 -0.03533688752830695 -0.00652542493496601
0.5714285714285714 -0.03533688752830695 -0.00652542493496601
0.6190476190476191 -0.03533688752830695 -0.00652542493496601
0.6666666666666666 -0.03533688752830695 -0.00652542493496601
0.7142857142857143 -0.03533688752830695 -0.00652542493496601
0.7619047619047619 -0.03533688752830695 -0.00652542493496601
0.8095238095238095 -0.03533688752830695 -0.00652542493496601
0.8571428571428571 -0.03533688752830695 -0.00652542493496601
0.9047619047619048 -0.03533688752830695 -0.00652542493496601
0.9523809523809523 -0.03533688752830695 -0.00652542493496601
0.04761904761904762 0.007202530278225705 -0.03603309664429548
0.09523809523809523 0.007202530278225705 -0.03603309664429548
0.1428571428571428 0.007202530278225705 -0.03603309664429548
0.1904761904761905 0.007202530278225705 -0.03603309664429548
0.2380952380952381 0.007202530278225705 -0.03603309664429548
0.2857142857142857 0.007202530278225705 -0.03603309664429548
0.3333333333333333 0.007202530278225705 -0.03603309664429548
0.3809523809523809 0.007202530278225705 -0.03603309664429548
0.4285714285714285 0.007202530278225705 -0.03603309664429548
0.4761904761904762 0.007202530278225705 -0.03603309664429548
0.5238095238095238 0.007202530278225705 -0.03603309664429548
0.5714285714285714 0.007202530278225705 -0.03603309664429548
0.6190476190476191 0.007202530278225705 -0.03603309664429548
0.6666666666666666 0.007202530278225705 -0.03603309664429548
0.7142857142857143 0.007202530278225705 -0.03603309664429548
0.7619047619047619 0.007202530278225705 -0.03603309664429548
0.8095238095238095 0.007202530278225705 -0.03603309664429548
0.8571428571428571 0.007202530278225705 -0.03603309664429548
0.9047619047619048 0.007202530278225705 -0.03603309664429548
0.9523809523809523 0.007202530278225705 -0.03603309664429548
0.04761904761904762 0.007200806554254749 0.03505785884505481
0.09523809523809523 0.007200806554254749 0.03505785884505481
0.1428571428571428 0.007200806554254749 0.03505785884505481
0.1904761904761905 0.007200806554254749 0.03505785884505481
0.2380952380952381 0.007200806554254749 0.03505785884505481
0.2857142857142857 0.007200806554254749 0.03505785884505481
0.3333333333333333 0.007200806554254749 0.03505785884505481
0.3809523809523809 0.007200806554254749 0.03505785884505481
0.4285714285714285 0.007200806554254749 0.03505785884505481
0.4761904761904762 0.007200806554254749 0.03505785884505481
0.5238095238095238 0.007200806554254749 0.03505785884505481
0.5714285714285714 0.007200806554254749 0.03505785884505481
0.6190476190476191 0.007200806554254749 0.03505785884505481
0.6666666666666666 0.007200806554254749 0.03505785884505481
0.7142857142857143 0.007200806554254749 0.03505785884505481
0.7619047619047619 0.007200806554254749 0.03505785884505481
0.8095238095238095 0.007200806554254749 0.03505785884505481
0.8571428571428571 0.007200806554254749 0.03505785884505481
0.9047619047619048 0.007200806554254749 0.03505785884505481
0.9523809523809523 0.007200806554254749 0.03505785884505481
0.04761904761904762 0.006379194581317537 -0.01715635768636907
0.09523809523809523 0.006379194581317537 -0.01715635768636907
0.1428571428571428 0.006379194581317537 -0.01715635768636907
0.1904761904761905 0.006379194581317537 -0.01715635768636907
0.2380952380952381 0.006379194581317537 -0.01715635768636907
0.2857142857142857 0.006379194581317537 -0.01715635768636907
0.3333333333333333 0.006379194581317537 -0.01715635768636907
0.3809523809523809 0.006379194581317537 -0.01715635768636907
0.4285714285714285 0.006379194581317537 -0.01715635768636907
0.4761904761904762 0.006379194581317537 -0.01715635768636907
0.5238095238095238 0.006379194581317537 -0.01715635768636907
0.5714285714285714 0.006379194581317537 -0.01715635768636907
0.6190476190476191 0.006379194581317537 -0.01715635768636907
0.6666666666666666 0.006379194581317537 -0.01715635768636907
0.7142857142857143 0.006379194581317537 -0.01715635768636907
0.7619047619047619 0.006379194581317537 -0.01715635768636907
0.8095238095238095 0.006379194581317537 -0.01715635768636907
0.8571428571428571 0.006379194581317537 -0.01715635768636907
0.9047619047619048 0.006379194581317537 -0.01715635768636907
0.9523809523809523 0.006379194581317537 -0.01715635768636907
0.04761904761904762 0.001929971177405026 -0.0126911246748868
0.09523809523809523 0.001929971177405026 -0.0126911246748868
0.1428571428571428 0.001929971177405026 -0.0126911246748868
0.1904761904761905 0.001929971177405026 -0.0126911246748868
0.2380952380952381 0.001929971177405026 -0.0126911246748868
0.2857142857142857 0.001929971177405026 -0.0126911246748868
0.3333333333333333 0.001929971177405026 -0.0126911246748868
0.3809523809523809 0.001929971177405026 -0.0126911246748868
0.4285714285714285 0.001929971177405026 -0.0126911246748868
0.4761904761904762 0.001929971177405026 -0.0126911246748868
0.5238095238095238 0.001929971177405026 -0.0126911246748868
0.5714285714285714 0.001929971177405026 -0.0126911246748868
0.6190476190476191 0.001929971177405026 -0.0126911246748868
0.6666666666666666 0.001929971177405026 -0.0126911246748868
0.7142857142857143 0.001929971177405026 -0.0126911246748868
0.7619047619047619 0.001929971177405026 -0.0126911246748868
0.8095238095238095 0.001929971177405026 -0.0126911246748868
0.8571428571428571 0.001929971177405026 -0.0126911246748868
0.9047619047619048 0.001929971177405026 -0.0126911246748868
0.9523809523809523 0.001929971177405026 -0.0126911246748868
0.04761904761904762 0.005522360077210153 -0.03715712734482345
0.09523809523809523 0.005522360077210153 -0.03715712734482345
0.1428571428571428 0.005522360077210153 -0.03715712734482345
0.1904761904761905 0.005522360077210153 -0.03715712734482345
0.2380952380952381 0.005522360077210153 -0.03715712734482345
0.2857142857142857 0.005522360077210153 -0.03715712734482345
0.3333333333333333 0.005522360077210153 -0.03715712734482345
0.3809523809523809 0.005522360077210153 -0.03715712734482345
0.4285714285714285 0.005522360077210153 -0.03715712734482345
0.4761904761904762 0.005522360077210153 -0.03715712734482345
0.5238095238095238 0.005522360077210153 -0.03715712734482345
0.5714285714285714 0.005522360077210153 -0.03715712734482345
0.6190476190476191 0.005522360077210153 -0.03715712734482345
0.6666666666666666 0.005522360077210153 -0.03715712734482345
0.7142857142857143 0.005522360077210153 -0.03715712734482345
0.7619047619047619 0.005522360077210153 -0.03715712734482345
0.8095238095238095 0.005522360077210153 -0.03715712734482345
0.8571428571428571 0.005522360077210153 -0.03715712734482345
0.9047619047619048 0.005522360077210153 -0.03715712734482345
0.9523809523809523 0.005522360077210153 -0.03715712734482345
0.04761904761904762 0.007809084522379555 -0.03871835140012507
0.09523809523809523 0.007809084522379555 -0.03871835140012507
0.1428571428571428 0.007809084522379555 -0.03871835140012507
0.1904761904761905 0.007809084522379555 -0.03871835140012507
0.2380952380952381 0.007809084522379555 -0.03871835140012507
0.2857142857142857 0.007809084522379555 -0.03871835140012507
0.3333333333333333 0.007809084522379555 -0.03871835140012507
0.3809523809523809 0.007809084522379555 -0.03871835140012507
0.4285714285714285 0.007809084522379555 -0.03871835140012507
0.4761904761904762 0.007809084522379555 -0.03871835140012507
0.5238095238095238 0.007809084522379555 -0.03871835140012507
0.5714285714285714 0.007809084522379555 -0.03871835140012507
0.6190476190476191 0.007809084522379555 -0.03871835140012507
0.6666666666666666 0.007809084522379555 -0.03871835140012507
0.7142857142857143 0.007809084522379555 -0.03871835140012507
0.7619047619047619 0.007809084522379555 -0.03871835140012507
0.8095238095238095 0.007809084522379555 -0.03871835140012507
0.8571428571428571 0.007809084522379555 -0.03871835140012507
0.9047619047619048 0.007809084522379555 -0.03871835140012507
0.9523809523809523 0.007809084522379555 -0.03871835140012507
0.04761904761904762 0.00911806256248047 0.03682122179853579
0.09523809523809523 0.00911806256248047 0.03682122179853579
0.1428571428571428 0.00911806256248047 0.03682122179853579
0.1904761904761905 0.00911806256248047 0.03682122179853579
0.2380952380952381 0.00911806256248047 0.03682122179853579
0.2857142857142857 0.00911806256248047 0.03682122179853579
0.3333333333333333 0.00911806256248047 0.03682122179853579
0.3809523809523809 0.00911806256248047 0.03682122179853579
0.4285714285714285 0.00911806256248047 0.03682122179853579
0.4761904761904762 0.00911806256248047 0.03682122179853579
0.5238095238095238 0.00911806256248047 0.03682122179853579
0.5714285714285714 0.00911806256248047 0.03682122179853579
0.6190476190476191 0.00911806256248047 0.03682122179853579
0.6666666666666666 0.00911806256248047 0.03682122179853579
0.7142857142857143 0.00911806256248047 0.03682122179853579
0.7619047619047619 0.00911806256248047 0.03682122179853579
0.8095238095238095 0.00911806256248047 0.03682122179853579
0.8571428571428571 0.00911806256248047 0.03682122179853579
0.9047619047619048 0.00911806256248047 0.03682122179853579
0.9523809523809523 0.00911806256248047 0.03682122179853579
0.04761904761904762 0.005659720518170191 0.03760006861520542
0.09523809523809523 0.005659720518170191 0.03760006861520542
0.1428571428571428 0.005659720518170191 0.03760006861520542
0.1904761904761905 0.005659720518170191 0.03760006861520542
0.2380952380952381 0.005659720518170191 0.03760006861520542
0.2857142857142857 0.005659720518170191 0.03760006861520542
0.3333333333333333 0.005659720518170191 0.03760006861520542
0.3809523809523809 0.005659720518170191 0.03760006861520542
0.4285714285714285 0.005659720518170191 0.03760006861520542
0.4761904761904762 0.005659720518170191 0.03760006861520542
0.5238095238095238 0.005659720518170191 0.03760006861520542
0.5714285714285714 0.005659720518170191 0.03760006861520542
0.6190476190476191 0.005659720518170191 0.03760006861520542
0.6666666666666666 0.005659720518170191 0.03760006861520542
0.7142857142857143 0.005659720518170191 0.03760006861520542
0.7619047619047619 0.005659720518170191 0.03760006861520542
0.8095238095238095 0.005659720518170191 0.03760006861520542
0.8571428571428571 0.005659720518170191 0.03760006861520542
0.9047619047619048 0.005659720518170191 0.03760006861520542
0.9523809523809523 0.005659720518170191 0.03760006861520542
0.04761904761904762 -0.01359495012320178 -0.003795261882739034
0.09523809523809523 -0.01359495012320178 -0.003795261882739034
0.1428571428571428 -0.01359495012320178 -0.003795261882739034
0.1904761904761905 -0.01359495012320178 -0.003795261882739034
0.2380952380952381 -0.01359495012320178 -0.003795261882739034
0.2857142857142857 -0.01359495012320178 -0.003795261882739034
0.3333333333333333 -0.01359495012320178 -0.003795261882739034
0.3809523809523809 -0.01359495012320178 -0.003795261882739034
0.4285714285714285 -0.01359495012320178 -0.003795261882739034
0.4761904761904762 -0.01359495012320178 -0.003795261882739034
0.5238095238095238 -0.01359495012320178 -0.003795261882739034
0.5714285714285714 -0.01359495012320178 -0.003795261882739034
0.6190476190476191 -0.01359495012320178 -0.003795261882739034
0.6666666666666666 -0.01359495012320178 -0.003795261882739034
0.7142857142857143 -0.01359495012320178 -0.003795261882739034
0.7619047619047619 -0.01359495012320178 -0.003795261882739034
0.8095238095238095 -0.01359495012320178 -0.003795261882739034
0.8571428571428571 -0.01359495012320178 -0.003795261882739034
0.9047619047619048 -0.01359495012320178 -0.003795261882739034
0.9523809523809523 -0.01359495012320178 -0.003795261882739034
0.04761904761904762 0.02726093081105323 -0.00463902829675223
0.09523809523809523 0.02726093081105323 -0.00463902829675223
0.1428571428571428 0.02726093081105323 -0.00463902829675223
0.1904761904761905 0.02726093081105323 -0.00463902829675223
0.2380952380952381 0.02726093081105323 -0.00463902829675223
0.2857142857142857 0.02726093081105323 -0.00463902829675223
0.3333333333333333 0.02726093081105323 -0.00463902829675223
0.3809523809523809 0.02726093081105323 -0.00463902829675223
0.4285714285714285 0.02726093081105323 -0.00463902829675223
0.4761904761904762 0.02726093081105323 -0.00463902829675223
0.5238095238095238 0.02726093081105323 -0.00463902829675223
0.5714285714285714 0.02726093081105323 -0.00463902829675223
0.6190476190476191 0.02726093081105323 -0.00463902829675223
0.6666666666666666 0.02726093081105323 -0.00463902829675223
0.7142857142857143 0.02726093081105323 -0.00463902829675223
0.7619047619047619 0.02726093081105323 -0.00463902829675223
0.8095238095238095 0.02726093081105323 -0.00463902829675223
0.8571428571428571 0.02726093081105323 -0.00463902829675223
0.9047619047619048 0.02726093081105323 -0.00463902829675223
0.9523809523809523 0.02726093081105323 -0.00463902829675223
0.04761904761904762 0.01637626058492548 -0.006767107055252631
0.09523809523809523 0.01637626058492548 -0.006767107055252631
0.1428571428571428 0.01637626058492548 -0.006767107055252631
0.1904761904761905 0.01637626058492548 -0.006767107055252631
0.2380952380952381 0.01637626058492548 -0.006767107055252631
0.2857142857142857 0.01637626058492548 -0.006767107055252631
0.3333333333333333 0.01637626058492548 -0.006767107055252631
0.3809523809523809 0.01637626058492548 -0.006767107055252631
0.4285714285714285 0.01637626058492548 -0.006767107055252631
0.4761904761904762 0.01637626058492548 -0.006767107055252631
0.5238095238095238 0.01637626058492548 -0.006767107055252631
0.5714285714285714 0.01637626058492548 -0.006767107055252631
0.6190476190476191 0.01637626058492548 -0.006767107055252631
0.6666666666666666 0.01637626058492548 -0.006767107055252631
0.7142857142857143 0.01637626058492548 -0.006767107055252631
0.7619047619047619 0.01637626058492548 -0.006767107055252631
0.8095238095238095 0.01637626058492548 -0.006767107055252631
0.8571428571428571 0.01637626058492548 -0.006767107055252631
0.9047619047619048 0.01637626058492548 -0.006767107055252631
0.9523809523809523 0.01637626058492548 -0.006767107055252631
0.04761904761904762 0.001544940201613212 0.02418266179259484
0.09523809523809523 0.001544940201613212 0.02418266179259484
0.1428571428571428 0.001544940201613212 0.02418266179259484
0.1904761904761905 0.001544940201613212 0.02418266179259484
0.2380952380952381 0.001544940201613212 0.02418266179259484
0.2857142857142857 0.001544940201613212 0.02418266179259484
0.3333333333333333 0.001544940201613212 0.02418266179259484
0.3809523809523809 0.001544940201613212 0.02418266179259484
0.4285714285714285 0.001544940201613212 0.02418266179259484
0.4761904761904762 0.001544940201613212 0.02418266179259484
0.5238095238095238 0.001544940201613212 0.02418266179259484
0.5714285714285714 0.001544940201613212 0.02418266179259484
0.6190476190476191 0.001544940201613212 0.02418266179259484
0.6666666666666666 0.001544940201613212 0.02418266179259484
0.7142857142857143 0.001544940201613212 0.02418266179259484
0.7619047619047619 0.001544940201613212 0.02418266179259484
0.8095238095238095 0.001544940201613212 0.02418266179259484
0.8571428571428571 0.001544940201613212 0.02418266179259484
0.9047619047619048 0.001544940201613212 0.02418266179259484
0.9523809523809523 0.001544940201613212 0.02418266179259484
0.04761904761904762 0.0001250260115194618 0.01411785143748726
0.09523809523809523 0.0001250260115194618 0.01411785143748726
0.1428571428571428 0.0001250260115194618 0.01411785143748726
0.1904761904761905 0.0001250260115194618 0.01411785143748726
0.2380952380952381 0.0001250260115194618 0.01411785143748726
0.2857142857142857 0.0001250260115194618 0.01411785143748726
0.3333333333333333 0.0001250260115194618 0.01411785143748726
0.3809523809523809 0.0001250260115194618 0.01411785143748726
0.4285714285714285 0.0001250260115194618 0.01411785143748726
0.4761904761904762 0.0001250260115194618 0.01411785143748726
0.5238095238095238 0.0001250260115194618 0.01411785143748726
0.5714285714285714 0.0001250260115194618 0.01411785143748726
0.6190476190476191 0.0001250260115194618 0.01411785143748726
0.6666666666666666 0.0001250260115194618 0.01411785143748726
0.7142857142857143 0.0001250260115194618 0.01411785143748726
0.7619047619047619 0.0001250260115194618 0.01411785143748726
0.8095238095238095 0.0001250260115194618 0.01411785143748726
0.8571428571428571 0.0001250260115194618 0.01411785143748726
0.9047619047619048 0.0001250260115194618 0.01411785143748726
0.9523809523809523 0.0001250260115194618 0.01411785143748726
0.04761904761904762 0.004640183053639235 0.008271748383783516
0.09523809523809523 0.004640183053639235 0.008271748383783516
0.1428571428571428 0.004640183053639235 0.008271748383783516
0.1904761904761905 0.004640183053639235 0.008271748383783516
0.2380952380952381 0.004640183053639235 0.008271748383783516
0.2857142857142857 0.004640183053639235 0.008271748383783516
0.3333333333333333 0.004640183053639235 0.008271748383783516
0.3809523809523809 0.004640183053639235 0.008271748383783516
0.4285714285714285 0.004640183053639235 0.008271748383783516
0.4761904761904762 0.004640183053639235 0.008271748383783516
0.5238095238095238 0.004640183053639235 0.008271748383783516
0.5714285714285714 0.004640183053639235 0.008271748383783516
0.6190476190476191 0.004640183053639235 0.008271748383783516
0.6666666666666666 0.004640183053639235 0.008271748383783516
0.7142857142857143 0.004640183053639235 0.008271748383783516
0.7619047619047619 0.004640183053639235 0.008271748383783516
0.8095238095238095 0.004640183053639235 0.008271748383783516
0.8571428571428571 0.004640183053639235 0.008271748383783516
0.9047619047619048 0.004640183053639235 0.008271748383783516
0.9523809523809523 0.004640183053639235 0.008271748383783516
0.04761904761904762 0.04203182450855939 -0.009095732385277507
0.09523809523809523 0.04203182450855939 -0.009095732385277507
0.1428571428571428 0.04203182450855939 -0.009095732385277507
0.1904761904761905 0.04203182450855939 -0.009095732385277507
0.2380952380952381 0.04203182450855939 -0.009095732385277507
0.2857142857142857 0.04203182450855939 -0.009095732385277507
0.3333333333333333 0.04203182450855939 -0.009095732385277507
0.3809523809523809 0.04203182450855939 -0.009095732385277507
0.4285714285714285 0.04203182450855939 -0.009095732385277507
0.4761904761904762 0.04203182450855939 -0.009095732385277507
0.5238095238095238 0.04203182450855939 -0.009095732385277507
0.5714285714285714 0.04203182450855939 -0.009095732385277507
0.6190476190476191 0.04203182450855939 -0.009095732385277507
0.6666666666666666 0.04203182450855939 -0.009095732385277507
0.7142857142857143 0.04203182450855939 -0.009095732385277507
0.7619047619047619 0.04203182450855939 -0.009095732385277507
0.8095238095238095 0.04203182450855939 -0.009095732385277507
0.8571428571428571 0.04203182450855939 -0.009095732385277507
0.9047619047619048 0.04203182450855939 -0.009095732385277507
0.9523809523809523 0.04203182450855939 -0.009095732385277507
0.04761904761904762 -0.04086489423646632 -0.007380909385914406
0.09523809523809523 -0.04086489423646632 -0.007380909385914406
0.1428571428571428 -0.04086489423646632 -0.007380909385914406
0.1904761904761905 -0.04086489423646632 -0.007380909385914406
0.2380952380952381 -0.04086489423646632 -0.007380909385914406
0.2857142857142857 -0.04086489423646632 -0.007380909385914406
0.3333333333333333 -0.04086489423646632 -0.007380909385914406
0.3809523809523809 -0.04086489423646632 -0.007380909385914406
0.4285714285714285 -0.04086489423646632 -0.007380909385914406
0.4761904761904762 -0.04086489423646632 -0.007380909385914406
0.5238095238095238 -0.04086489423646632 -0.007380909385914406
0.5714285714285714 -0.04086489423646632 -0.007380909385914406
0.6190476190476191 -0.04086489423646632 -0.007380909385914406
0.6666666666666666 -0.04086489423646632 -0.007380909385914406
0.7142857142857143 -0.04086489423646632 -0.007380909385914406
0.7619047619047619 -0.04086489423646632 -0.007380909385914406
0.8095238095238095 -0.04086489423646632 -0.007380909385914406
0.8571428571428571 -0.04086489423646632 -0.007380909385914406
0.9047619047619048 -0.04086489423646632 -0.007380909385914406
0.9523809523809523 -0.04086489423646632 -0.007380909385914406
0.04761904761904762 0.04308548585658317 -0.009783527294771112
0.09523809523809523 0.04308548585658317 -0.009783527294771112
0.1428571428571428 0.04308548585658317 -0.009783527294771112
0.1904761904761905 0.04308548585658317 -0.009783527294771112
0.2380952380952381 0.04308548585658317 -0.009783527294771112
0.2857142857142857 0.04308548585658317 -0.009783527294771112
0.3333333333333333 0.04308548585658317 -0.009783527294771112
0.3809523809523809 0.04308548585658317 -0.009783527294771112
0.4285714285714285 0.04308548585658317 -0.009783527294771112
0.4761904761904762 0.04308548585658317 -0.009783527294771112
0.5238095238095238 0.04308548585658317 -0.009783527294771112
0.5714285714285714 0.04308548585658317 -0.009783527294771112
0.6190476190476191 0.04308548585658317 -0.009783527294771112
0.6666666666666666 0.04308548585658317 -0.009783527294771112
0.7142857142857143 0.04308548585658317 -0.009783527294771112
0.7619047619047619 0.04308548585658317 -0.009783527294771112
0.8095238095238095 0.04308548585658317 -0.009783527294771112
0.8571428571428571 0.04308548585658317 -0.009783527294771112
0.9047619047619048 0.04308548585658317 -0.009783527294771112
0.9523809523809523 0.04308548585658317 -0.009783527294771112
0.04761904761904762 -0.008386891904134849 -0.0165979920002886
0.09523809523809523 -0.008386891904134849 -0.0165979920002886
0.1428571428571428 -0.008386891904134849 -0.0165979920002886
0.1904761904761905 -0.008386891904134849 -0.0165979920002886
0.2380952380952381 -0.008386891904134849 -0.0165979920002886
0.2857142857142857 -0.008386891904134849 -0.0165979920002886
0.3333333333333333 -0.008386891904134849 -0.0165979920002886
0.3809523809523809 -0.008386891904134849 -0.0165979920002886
0.4285714285714285 -0.008386891904134849 -0.0165979920002886
0.4761904761904762 -0.008386891904134849 -0.0165979920002886
0.5238095238095238 -0.008386891904134849 -0.0165979920002886
0.5714285714285714 -0.008386891904134849 -0.0165979920002886
0.6190476190476191 -0.008386891904134849 -0.0165979920002886
0.6666666666666666 -0.008386891904134849 -0.0165979920002886
0.7142857142857143 -0.008386891904134849 -0.0165979920002886
0.7619047619047619 -0.008386891904134849 -0.0165979920002886
0.8095238095238095 -0.008386891904134849 -0.0165979920002886
0.8571428571428571 -0.008386891904134849 -0.0165979920002886
0.9047619047619048 -0.008386891904134849 -0.0165979920002886
0.9523809523809523 -0.008386891904134849 -0.0165979920002886
0.04761904761904762 -0.01249974011671382 0.01458237844200144
0.09523809523809523 -0.01249974011671382 0.01458237844200144
0.1428571428571428 -0.01249974011671382 0.01458237844200144
0.1904761904761905 -0.01249974011671382 0.01458237844200144
0.2380952380952381 -0.01249974011671382 0.01458237844200144
0.2857142857142857 -0.01249974011671382 0.01458237844200144
0.3333333333333333 -0.01249974011671382 0.01458237844200144
0.3809523809523809 -0.01249974011671382 0.01458237844200144
0.4285714285714285 -0.01249974011671382 0.01458237844200144
0.4761904761904762 -0.01249974011671382 0.01458237844200144
0.5238095238095238 -0.01249974011671382 0.01458237844200144
0.5714285714285714 -0.01249974011671382 0.01458237844200144
0.6190476190476191 -0.01249974011671382 0.01458237844200144
0.6666666666666666 -0.01249974011671382 0.01458237844200144
0.7142857142857143 -0.01249974011671382 0.01458237844200144
0.7619047619047619 -0.01249974011671382 0.01458237844200144
0.8095238095238095 -0.01249974011671382 0.01458237844200144
0.8571428571428571 -0.01249974011671382 0.01458237844200144
0.9047619047619048 -0.01249974011671382 0.01458237844200144
0.9523809523809523 -0.01249974011671382 0.01458237844200144
0.04761904761904762 0.04335511853160028 -0.008133199235246726
0.09523809523809523 0.04335511853160028 -0.008133199235246726
0.1428571428571428 0.04335511853160028 -0.008133199235246726
0.1904761904761905 0.04335511853160028 -0.008133199235246726
0.2380952380952381 0.04335511853160028 -0.008133199235246726
0.2857142857142857 0.04335511853160028 -0.008133199235246726
0.3333333333333333 0.04335511853160028 -0.008133199235246726
0.3809523809523809 0.04335511853160028 -0.008133199235246726
0.4285714285714285 0.04335511853160028 -0.008133199235246726
0.4761904761904762 0.04335511853160028 -0.008133199235246726
0.5238095238095238 0.04335511853160028 -0.008133199235246726
0.5714285714285714 0.04335511853160028 -0.008133199235246726
0.6190476190476191 0.04335511853160028 -0.008133199235246726
0.6666666666666666 0.04335511853160028 -0.008133199235246726
0.7142857142857143 0.04335511853160028 -0.008133199235246726
0.7619047619047619 0.04335511853160028 -0.008133199235246726
0.8095238095238095 0.04335511853160028 -0.008133199235246726
0.8571428571428571 0.04335511853160028 -0.008133199235246726
0.9047619047619048 0.04335511853160028 -0.008133199235246726
0.9523809523809523 0.04335511853160028 -0.008133199235246726
0.04761904761904762 -0.04295600357788496 -0.006416340744980729
0.09523809523809523 -0.04295600357788496 -0.006416340744980729
0.1428571428571428 -0.04295600357788496 -0.006416340744980729
0.1904761904761905 -0.04295600357788496 -0.006416340744980729
0.2380952380952381 -0.04295600357788496 -0.006416340744980729
0.2857142857142857 -0.04295600357788496 -0.006416340744980729
0.3333333333333333 -0.04295600357788496 -0.006416340744980729
0.3809523809523809 -0.04295600357788496 -0.006416340744980729
0.4285714285714285 -0.04295600357788496 -0.006416340744980729
0.4761904761904762 -0.04295600357788496 -0.006416340744980729
0.5238095238095238 -0.04295600357788496 -0.006416340744980729
0.5714285714285714 -0.04295600357788496 -0.006416340744980729
0.6190476190476191 -0.04295600357788496 -0.006416340744980729
0.6666666666666666 -0.04295600357788496 -0.006416340744980729
0.7142857142857143 -0.04295600357788496 -0.006416340744980729
0.7619047619047619 -0.04295600357788496 -0.006416340744980729
0.8095238095238095 -0.04295600357788496 -0.006416340744980729
0.8571428571428571 -0.04295600357788496 -0.006416340744980729
0.9047619047619048 -0.04295600357788496 -0.006416340744980729
0.9523809523809523 -0.04295600357788496 -0.006416340744980729
0.04761904761904762 -0.04241763233233862 -0.01120712878428507
0.09523809523809523 -0.04241763233233862 -0.01120712878428507
0.1428571428571428 -0.04241763233233862 -0.01120712878428507
0.1904761904761905 -0.04241763233233862 -0.01120712878428507
0.2380952380952381 -0.04241763233233862 -0.01120712878428507
0.2857142857142857 -0.04241763233233862 -0.01120712878428507
0.3333333333333333 -0.04241763233233862 -0.01120712878428507
0.3809523809523809 -0.04241763233233862 -0.01120712878428507
0.4285714285714285 -0.04241763233233862 -0.01120712878428507
0.4761904761904762 -0.04241763233233862 -0.01120712878428507
0.5238095238095238 -0.04241763233233862 -0.01120712878428507
0.5714285714285714 -0.04241763233233862 -0.01120712878428507
0.6190476190476191 -0.04241763233233862 -0.01120712878428507
0.6666666666666666 -0.04241763233233862 -0.01120712878428507
0.7142857142857143 -0.04241763233233862 -0.01120712878428507
0.7619047619047619 -0.04241763233233862 -0.01120712878428507
0.8095238095238095 -0.04241763233233862 -0.01120712878428507
0.8571428571428571 -0.04241763233233862 -0.01120712878428507
0.9047619047619048 -0.04241763233233862 -0.01120712878428507
0.9523809523809523 -0.04241763233233862 -0.01120712878428507
0.04761904761904762 0.008686179916794443 0.02312745162782834
0.09523809523809523 0.008686179916794443 0.02312745162782834
0.1428571428571428 0.008686179916794443 0.02312745162782834
0.1904761904761905 0.008686179916794443 0.02312745162782834
0.2380952380952381 0.008686179916794443 0.02312745162782834
0.2857142857142857 0.008686179916794443 0.02312745162782834
0.3333333333333333 0.008686179916794443 0.02312745162782834
0.3809523809523809 0.008686179916794443 0.02312745162782834
0.4285714285714285 0.008686179916794443 0.02312745162782834
0.4761904761904762 0.008686179916794443 0.02312745162782834
0.5238095238095238 0.008686179916794443 0.02312745162782834
0.5714285714285714 0.008686179916794443 0.02312745162782834
0.6190476190476191 0.008686179916794443 0.02312745162782834
0.6666666666666666 0.008686179916794443 0.02312745162782834
0.7142857142857143 0.008686179916794443 0.02312745162782834
0.7619047619047619 0.008686179916794443 0.02312745162782834
0.8095238095238095 0.008686179916794443 0.02312745162782834
0.8571428571428571 0.008686179916794443 0.02312745162782834
0.9047619047619048 0.008686179916794443 0.02312745162782834
0.9523809523809523 0.008686179916794443 0.02312745162782834
0.04761904761904762 0.01160613392382829 0.02282617233094797
0.09523809523809523 0.01160613392382829 0.02282617233094797
0.1428571428571428 0.01160613392382829 0.02282617233094797
0.1904761904761905 0.01160613392382829 0.02282617233094797
0.2380952380952381 0.01160613392382829 0.02282617233094797
0.2857142857142857 0.01160613392382829 0.02282617233094797
0.3333333333333333 0.01160613392382829 0.02282617233094797
0.3809523809523809 0.01160613392382829 0.02282617233094797
0.4285714285714285 0.01160613392382829 0.02282617233094797
0.4761904761904762 0.01160613392382829 0.02282617233094797
0.5238095238095238 0.01160613392382829 0.02282617233094797
0.5714285714285714 0.01160613392382829 0.02282617233094797
0.6190476190476191 0.01160613392382829 0.02282617233094797
0.6666666666666666 0.01160613392382829 0.02282617233094797
0.7142857142857143 0.01160613392382829 0.02282617233094797
0.7619047619047619 0.01160613392382829 0.02282617233094797
0.8095238095238095 0.01160613392382829 0.02282617233094797
0.8571428571428571 0.01160613392382829 0.02282617233094797
0.9047619047619048 0.01160613392382829 0.02282617233094797
0.9523809523809523 0.01160613392382829 0.02282617233094797
0.04761904761904762 0.01835572077568463 0.01133602568316201
0.09523809523809523 0.01835572077568463 0.01133602568316201
0.1428571428571428 0.01835572077568463 0.01133602568316201
0.1904761904761905 0.01835572077568463 0.01133602568316201
0.2380952380952381 0.01835572077568463 0.01133602568316201
0.2857142857142857 0.01835572077568463 0.01133602568316201
0.3333333333333333 0.01835572077568463 0.01133602568316201
0.3809523809523809 0.01835572077568463 0.01133602568316201
0.4285714285714285 0.01835572077568463 0.01133602568316201
0.4761904761904762 0.01835572077568463 0.01133602568316201
0.5238095238095238 0.01835572077568463 0.01133602568316201
0.5714285714285714 0.01835572077568463 0.01133602568316201
0.6190476190476191 0.01835572077568463 0.01133602568316201
0.6666666666666666 0.01835572077568463 0.01133602568316201
0.7142857142857143 0.01835572077568463 0.01133602568316201
0.7619047619047619 0.01835572077568463 0.01133602568316201
0.8095238095238095 0.01835572077568463 0.01133602568316201
0.8571428571428571 0.01835572077568463 0.01133602568316201
0.9047619047619048 0.01835572077568463 0.01133602568316201
0.9523809523809523 0.01835572077568463 0.01133602568316201
0.04761904761904762 -0.02387545391820966 -0.00757072990875544
0.09523809523809523 -0.02387545391820966 -0.00757072990875544
0.1428571428571428 -0.02387545391820966 -0.00757072990875544
0.1904761904761905 -0.02387545391820966 -0.00757072990875544
0.2380952380952381 -0.02387545391820966 -0.00757072990875544
0.2857142857142857 -0.02387545391820966 -0.00757072990875544
0.3333333333333333 -0.02387545391820966 -0.00757072990875544
0.3809523809523809 -0.02387545391820966 -0.00757072990875544
0.4285714285714285 -0.02387545391820966 -0.00757072990875544
0.4761904761904762 -0.02387545391820966 -0.00757072990875544
0.5238095238095238 -0.02387545391820966 -0.00757072990875544
0.5714285714285714 -0.02387545391820966 -0.00757072990875544
0.6190476190476191 -0.02387545391820966 -0.00757072990875544
0.6666666666666666 -0.02387545391820966 -0.00757072990875544
0.7142857142857143 -0.02387545391820966 -0.00757072990875544
0.7619047619047619 -0.02387545391820966 -0.00757072990875544
0.8095238095238095 -0.02387545391820966 -0.00757072990875544
0.8571428571428571 -0.02387545391820966 -0.00757072990875544
0.9047619047619048 -0.02387545391820966 -0.00757072990875544
0.9523809523809523 -0.02387545391820966 -0.00757072990875544
0.04761904761904762 0.003633537024229293 -0.0212909166553358
0.09523809523809523 0.003633537024229293 -0.0212909166553358
0.1428571428571428 0.003633537024229293 -0.0212909166553358
0.1904761904761905 0.003633537024229293 -0.0212909166553358
0.2380952380952381 0.003633537024229293 -0.0212909166553358
0.2857142857142857 0.003633537024229293 -0.0212909166553358
0.3333333333333333 0.003633537024229293 -0.0212909166553358
0.3809523809523809 0.003633537024229293 -0.0212909166553358
0.4285714285714285 0.003633537024229293 -0.0212909166553358
0.4761904761904762 0.003633537024229293 -0.0212909166553358
0.5238095238095238 0.003633537024229293 -0.0212909166553358
0.5714285714285714 0.003633537024229293 -0.0212909166553358
0.6190476190476191 0.003633537024229293 -0.0212909166553358
0.6666666666666666 0.003633537024229293 -0.0212909166553358
0.7142857142857143 0.003633537024229293 -0.0212909166553358
0.7619047619047619 0.003633537024229293 -0.0212909166553358
0.8095238095238095 0.003633537024229293 -0.0212909166553358
0.8571428571428571 0.003633537024229293 -0.0212909166553358
0.9047619047619048 0.003633537024229293 -0.0212909166553358
0.9523809523809523 0.003633537024229293 -0.0212909166553358
0.04761904761904762 0.02282202474461345 -0.009832872800532699
0.09523809523809523 0.02282202474461345 -0.009832872800532699
0.1428571428571428 0.02282202474461345 -0.009832872800532699
0.1904761904761905 0.02282202474461345 -0.009832872800532699
0.2380952380952381 0.02282202474461345 -0.009832872800532699
0.2857142857142857 0.02282202474461345 -0.009832872800532699
0.3333333333333333 0.02282202474461345 -0.009832872800532699
0.3809523809523809 0.02282202474461345 -0.009832872800532699
0.4285714285714285 0.02282202474461345 -0.009832872800532699
0.4761904761904762 0.02282202474461345 -0.009832872800532699
0.5238095238095238 0.02282202474461345 -0.009832872800532699
0.5714285714285714 0.02282202474461345 -0.009832872800532699
0.6190476190476191 0.02282202474461345 -0.009832872800532699
0.6666666666666666 0.02282202474461345 -0.009832872800532699
0.7142857142857143 0.02282202474461345 -0.009832872800532699
0.7619047619047619 0.02282202474461345 -0.009832872800532699
0.8095238095238095 0.02282202474461345 -0.009832872800532699
0.8571428571428571 0.02282202474461345 -0.009832872800532699
0.9047619047619048 0.02282202474461345 -0.009832872800532699
0.9523809523809523 0.02282202474461345 -0.009832872800532699
0.04761904761904762 0.0401612837397454 -0.006852809771158519
0.09523809523809523 0.0401612837397454 -0.006852809771158519
0.1428571428571428 0.0401612837397454 -0.006852809771158519
0.1904761904761905 0.0401612837397454 -0.006852809771158519
0.2380952380952381 0.0401612837397454 -0.006852809771158519
0.2857142857142857 0.0401612837397454 -0.006852809771158519
0.3333333333333333 0.0401612837397454 -0.006852809771158519
0.3809523809523809 0.0401612837397454 -0.006852809771158519
0.4285714285714285 0.0401612837397454 -0.006852809771158519
0.4761904761904762 0.0401612837397454 -0.006852809771158519
0.5238095238095238 0.0401612837397454 -0.006852809771158519
0.5714285714285714 0.0401612837397454 -0.006852809771158519
0.6190476190476191 0.0401612837397454 -0.006852809771158519
0.6666666666666666 0.0401612837397454 -0.006852809771158519
0.7142857142857143 0.0401612837397454 -0.006852809771158519
0.7619047619047619 0.0401612837397454 -0.006852809771158519
0.8095238095238095 0.0401612837397454 -0.006852809771158519
0.8571428571428571 0.0401612837397454 -0.006852809771158519
0.9047619047619048 0.0401612837397454 -0.006852809771158519
0.9523809523809523 0.0401612837397454 -0.006852809771158519
0.04761904761904762 -0.01056231320716658 0.003465164159204899
0.09523809523809523 -0.01056231320716658 0.003465164159204899
0.1428571428571428 -0.01056231320716658 0.003465164159204899
0.1904761904761905 -0.01056231320716658 0.003465164159204899
0.2380952380952381 -0.01056231320716658 0.003465164159204899
0.2857142857142857 -0.01056231320716658 0.003465164159204899
0.3333333333333333 -0.01056231320716658 0.003465164159204899
0.3809523809523809 -0.01056231320716658 0.003465164159204899
0.4285714285714285 -0.01056231320716658 0.003465164159204899
0.4761904761904762 -0.01056231320716658 0.003465164159204899
0.5238095238095238 -0.01056231320716658 0.003465164159204899
0.5714285714285714 -0.01056231320716658 0.003465164159204899
0.6190476190476191 -0.01056231320716658 0.003465164159204899
0.6666666666666666 -0.01056231320716658 0.003465164159204899
0.7142857142857143 -0.01056231320716658 0.003465164159204899
0.7619047619047619 -0.01056231320716658 0.003465164159204899
0.8095238095238095 -0.01056231320716658 0.003465164159204899
0.8571428571428571 -0.01056231320716658 0.003465164159204899
0.9047619047619048 -0.01056231320716658 0.003465164159204899
0.9523809523809523 -0.01056231320716658 0.003465164159204899
0.04761904761904762 0.02009511202345384 -0.01361407048461459
0.09523809523809523 0.02009511202345384 -0.01361407048461459
0.1428571428571428 0.02009511202345384 -0.01361407048461459
0.1904761904761905 0.02009511202345384 -0.01361407048461459
0.2380952380952381 0.02009511202345384 -0.01361407048461459
0.2857142857142857 0.02009511202345384 -0.01361407048461459
0.3333333333333333 0.02009511202345384 -0.01361407048461459
0.3809523809523809 0.02009511202345384 -0.01361407048461459
0.4285714285714285 0.02009511202345384 -0.01361407048461459
0.4761904761904762 0.02009511202345384 -0.01361407048461459
0.5238095238095238 0.02009511202345384 -0.01361407048461459
0.5714285714285714 0.02009511202345384 -0.01361407048461459
0.6190476190476191 0.02009511202345384 -0.01361407048461459
0.6666666666666666 0.02009511202345384 -0.01361407048461459
0.7142857142857143 0.02009511202345384 -0.01361407048461459
0.7619047619047619 0.02009511202345384 -0.01361407048461459
0.8095238095238095 0.02009511202345384 -0.01361407048461459
0.8571428571428571 0.02009511202345384 -0.01361407048461459
0.9047619047619048 0.02009511202345384 -0.01361407048461459
0.9523809523809523 0.02009511202345384 -0.01361407048461459
0.04761904761904762 -0.04026303334669534 -0.009712138534550807
0.09523809523809523 -0.04026303334669534 -0.009712138534550807
0.1428571428571428 -0.04026303334669534 -0.009712138534550807
0.1904761904761905 -0.04026303334669534 -0.009712138534550807
0.2380952380952381 -0.04026303334669534 -0.009712138534550807
0.2857142857142857 -0.04026303334669534 -0.009712138534550807
0.3333333333333333 -0.04026303334669534 -0.009712138534550807
0.3809523809523809 -0.04026303334669534 -0.009712138534550807
0.4285714285714285 -0.04026303334669534 -0.009712138534550807
0.4761904761904762 -0.04026303334669534 -0.009712138534550807
0.5238095238095238 -0.04026303334669534 -0.009712138534550807
0.5714285714285714 -0.04026303334669534 -0.009712138534550807
0.6190476190476191 -0.04026303334669534 -0.009712138534550807
0.6666666666666666 -0.04026303334669534 -0.009712138534550807
0.7142857142857143 -0.04026303334669534 -0.009712138534550807
0.7619047619047619 -0.04026303334669534 -0.009712138534550807
0.8095238095238095 -0.04026303334669534 -0.009712138534550807
0.8571428571428571 -0.04026303334669534 -0.009712138534550807
0.9047619047619048 -0.04026303334669534 -0.009712138534550807
0.9523809523809523 -0.04026303334669534 -0.009712138534550807
0.04761904761904762 -0.01786334361506266 0.007115081837849873
0.09523809523809523 -0.01786334361506266 0.007115081837849873
0.1428571428571428 -0.01786334361506266 0.007115081837849873
0.1904761904761905 -0.01786334361506266 0.007115081837849873
0.2380952380952381 -0.01786334361506266 0.007115081837849873
0.2857142857142857 -0.01786334361506266 0.007115081837849873
0.3333333333333333 -0.01786334361506266 0.007115081837849873
0.3809523809523809 -0.01786334361506266 0.007115081837849873
0.4285714285714285 -0.01786334361506266 0.007115081837849873
0.4761904761904762 -0.01786334361506266 0.007115081837849873
0.5238095238095238 -0.01786334361506266 0.007115081837849873
0.5714285714285714 -0.01786334361506266 0.007115081837849873
0.6190476190476191 -0.01786334361506266 0.007115081837849873
0.6666666666666666 -0.01786334361506266 0.007115081837849873
0.7142857142857143 -0.01786334361506266 0.007115081837849873
0.7619047619047619 -0.01786334361506266 0.007115081837849873
0.8095238095238095 -0.01786334361506266 0.007115081837849873
0.8571428571428571 -0.01786334361506266 0.007115081837849873
0.9047619047619048 -0.01786334361506266 0.007115081837849873
0.9523809523809523 -0.01786334361506266 0.007115081837849873
0.04761904761904762 0.0363018224339124 -0.008075842791555338
0.09523809523809523 0.0363018224339124 -0.008075842791555338
0.1428571428571428 0.0363018224339124 -0.008075842791555338
0.1904761904761905 0.0363018224339124 -0.008075842791555338
0.2380952380952381 0.0363018224339124 -0.008075842791555338
0.2857142857142857 0.0363018224339124 -0.008075842791555338
0.3333333333333333 0.0363018224339124 -0.008075842791555338
0.3809523809523809 0.0363018224339124 -0.008075842791555338
0.4285714285714285 0.0363018224339124 -0.008075842791555338
0.4761904761904762 0.0363018224339124 -0.008075842791555338
0.5238095238095238 0.0363018224339124 -0.008075842791555338
0.5714285714285714 0.0363018224339124 -0.008075842791555338
0.6190476190476191 0.0363018224339124 -0.008075842791555338
0.6666666666666666 0.0363018224339124 -0.008075842791555338
0.7142857142857143 0.0363018224339124 -0.008075842791555338
0.7619047619047619 0.0363018224339124 -0.008075842791555338
0.8095238095238095 0.0363018224339124 -0.008075842791555338
0.8571428571428571 0.0363018224339124 -0.008075842791555338
0.9047619047619048 0.0363018224339124 -0.008075842791555338
0.9523809523809523 0.0363018224339124 -0.008075842791555338
0.04761904761904762 -0.0376056794341583 -0.005426860210106898
0.09523809523809523 -0.0376056794341583 -0.005426860210106898
0.1428571428571428 -0.0376056794341583 -0.005426860210106898
0.1904761904761905 -0.0376056794341583 -0.005426860210106898
0.2380952380952381 -0.0376056794341583 -0.005426860210106898
0.2857142857142857 -0.0376056794341583 -0.005426860210106898
0.3333333333333333 -0.0376056794341583 -0.005426860210106898
0.3809523809523809 -0.0376056794341583 -0.005426860210106898
0.4285714285714285 -0.0376056794341583 -0.005426860210106898
0.4761904761904762 -0.0376056794341583 -0.005426860210106898
0.5238095238095238 -0.0376056794341583 -0.005426860210106898
0.5714285714285714 -0.0376056794341583 -0.005426860210106898
0.6190476190476191 -0.0376056794341583 -0.005426860210106898
0.6666666666666666 -0.0376056794341583 -0.005426860210106898
0.7142857142857143 -0.0376056794341583 -0.005426860210106898
0.7619047619047619 -0.0376056794341583 -0.005426860210106898
0.8095238095238095 -0.0376056794341583 -0.005426860210106898
0.8571428571428571 -0.0376056794341583 -0.005426860210106898
0.9047619047619048 -0.0376056794341583 -0.005426860210106898
0.9523809523809523 -0.0376056794341583 -0.005426860210106898
0.04761904761904762 0.007250945114465371 0.01819773578578927
0.09523809523809523 0.007250945114465371 0.01819773578578927
0.1428571428571428 0.007250945114465371 0.01819773578578927
0.1904761904761905 0.007250945114465371 0.01819773578578927
0.2380952380952381 0.007250945114465371 0.01819773578578927
0.2857142857142857 0.007250945114465371 0.01819773578578927
0.3333333333333333 0.007250945114465371 0.01819773578578927
0.3809523809523809 0.007250945114465371 0.01819773578578927
0.4285714285714285 0.007250945114465371 0.01819773578578927
0.4761904761904762 0.007250945114465371 0.01819773578578927
0.5238095238095238 0.007250945114465371 0.01819773578578927
0.5714285714285714 0.007250945114465371 0.01819773578578927
0.6190476190476191 0.007250945114465371 0.01819773578578927
0.6666666666666666 0.007250945114465371 0.01819773578578927
0.7142857142857143 0.007250945114465371 0.01819773578578927
0.7619047619047619 0.007250945114465371 0.01819773578578927
0.8095238095238095 0.007250945114465371 0.01819773578578927
0.8571428571428571 0.007250945114465371 0.01819773578578927
0.9047619047619048 0.007250945114465371 0.01819773578578927
0.9523809523809523 0.007250945114465371 0.01819773578578927
0.04761904761904762 0.01100422391962318 0.01072850297764608
0.09523809523809523 0.01100422391962318 0.01072850297764608
0.1428571428571428 0.01100422391962318 0.01072850297764608
0.1904761904761905 0.01100422391962318 0.01072850297764608
0.2380952380952381 0.01100422391962318 0.01072850297764608
0.2857142857142857 0.01100422391962318 0.01072850297764608
0.3333333333333333 0.01100422391962318 0.01072850297764608
0.3809523809523809 0.01100422391962318 0.01072850297764608
0.4285714285714285 0.01100422391962318 0.01072850297764608
0.4761904761904762 0.01100422391962318 0.01072850297764608
0.5238095238095238 0.01100422391962318 0.01072850297764608
0.5714285714285714 0.01100422391962318 0.01072850297764608
0.6190476190476191 0.01100422391962318 0.01072850297764608
0.6666666666666666 0.01100422391962318 0.01072850297764608
0.7142857142857143 0.01100422391962318 0.01072850297764608
0.7619047619047619 0.01100422391962318 0.01072850297764608
0.8095238095238095 0.01100422391962318 0.01072850297764608
0.8571428571428571 0.01100422391962318 0.01072850297764608
0.9047619047619048 0.01100422391962318 0.01072850297764608
0.9523809523809523 0.01100422391962318 0.01072850297764608
$EndNodes
$Elements
4 5327 1 5327
2 1 3 217
1 1 3 71 53 
2 53 71 72 54 
3 15 16 59 137 
4 137 59 60 138 
5 138 60 61 139 
6 139 61 62 140 
7 140 62 63 141 
8 141 63 64 142 
9 6 65 119 7 
10 65 119 120 66 
11 66 120 121 67 
12 67 121 122 68 
13 68 122 123 69 
14 69 123 124 70 
15 3 4 113 71 
16 71 113 114 72 
17 72 114 115 73 
18 73 115 116 74 
19 74 116 117 75 
20 75 117 118 76 
21 5 6 65 143 
22 4 5 143 113 
23 113 143 144 114 
24 114 144 145 115 
25 115 145 146 116 
26 116 146 147 117 
27 117 147 148 118 
28 12 13 107 101 
29 101 107 108 102 
30 102 108 109 103 
31 103 109 110 104 
32 104 110 111 105 
33 105 111 112 106 
34 11 12 101 95 
35 95 101 102 96 
36 96 102 103 97 
37 97 103 104 98 
38 98 104 105 99 
39 99 105 106 100 
40 10 11 95 77 
41 77 95 96 78 
42 78 96 97 79 
43 79 97 98 80 
44 80 98 99 81 
45 81 99 100 82 
46 7 8 131 119 
47 119 131 132 120 
48 120 132 133 121 
49 121 133 134 122 
50 122 134 135 123 
51 123 135 136 124 
52 8 9 83 131 
53 131 83 84 132 
54 132 84 85 133 
55 133 85 86 134 
56 134 86 87 135 
57 135 87 88 136 
58 9 10 77 83 
59 83 77 78 84 
60 16 17 89 59 
61 59 89 90 60 
62 60 90 91 61 
63 61 91 92 62 
64 62 92 93 63 
65 63 93 94 64 
66 17 1 53 89 
67 89 53 54 90 
68 90 54 55 91 
69 91 55 56 92 
70 92 56 57 93 
71 93 57 58 94 
72 13 14 125 107 
73 107 125 126 108 
74 108 126 127 109 
75 109 127 128 110 
76 110 128 129 111 
77 111 129 130 112 
78 14 125 137 15 
79 251 159 130 184 
80 164 66 67 201 
81 165 138 139 204 
82 68 194 201 67 
83 140 196 204 139 
84 168 199 147 146 
85 209 76 210 182 
86 154 212 56 55 
87 152 213 145 144 
88 171 73 74 222 
89 174 79 80 223 
90 163 180 235 70 
91 257 151 247 205 
92 203 254 240 153 
93 128 200 179 129 
94 193 172 58 57 
95 199 178 148 147 
96 194 68 69 161 
97 213 215 216 168 
98 182 252 149 58 
99 196 140 141 162 
100 173 87 86 192 
101 200 128 127 169 
102 57 56 212 193 
103 176 75 76 209 
104 162 141 142 208 
105 201 194 254 203 
106 177 81 82 211 
107 146 145 213 168 
108 187 229 228 218 
109 75 176 222 74 
110 85 217 192 86 
111 126 219 169 127 
112 81 177 223 80 
113 100 167 237 82 
114 58 149 243 94 
115 186 181 163 185 
116 211 82 237 183 
117 241 257 197 221 
118 204 196 257 205 
119 236 180 163 181 
120 69 206 224 161 
121 176 209 172 226 
122 69 70 235 206 
123 161 195 254 194 
124 164 201 203 202 
125 184 179 225 208 
126 172 193 230 226 
127 183 173 227 211 
128 219 126 125 166 
129 217 85 84 175 
130 152 214 215 213 
131 162 197 257 196 
132 208 142 251 184 
133 94 243 170 64 
134 169 219 220 246 
135 211 227 233 177 
136 173 192 232 227 
137 257 241 246 151 
138 198 118 256 160 
139 64 170 251 142 
140 226 230 155 231 
141 191 234 170 243 
142 168 216 259 199 
143 183 237 261 248 
144 208 225 197 162 
145 155 230 193 212 
146 198 160 236 218 
147 238 167 244 207 
148 255 207 244 258 
149 218 228 210 198 
150 226 231 222 176 
151 169 221 260 200 
152 227 232 157 233 
153 157 232 192 217 
154 181 186 188 187 
155 224 206 235 178 
156 188 186 239 189 
157 187 188 191 229 
158 174 223 177 233 
159 191 188 189 190 
160 204 205 247 165 
161 70 124 250 163 
162 207 189 239 238 
163 209 182 58 172 
164 191 243 149 229 
165 254 216 215 240 
166 87 173 183 88 
167 236 160 256 253 
168 178 235 253 148 
169 153 245 202 203 
170 240 215 214 242 
171 181 187 218 236 
172 254 195 259 216 
173 169 246 241 221 
174 129 179 184 130 
175 228 252 182 210 
176 233 157 156 174 
177 191 190 255 234 
178 178 199 259 224 
179 261 237 167 238 
180 179 200 260 225 
181 124 136 158 250 
182 106 244 167 100 
183 161 224 259 195 
184 189 207 255 190 
185 221 197 225 260 
186 159 251 170 234 
187 262 261 238 239 
188 183 248 249 88 
189 186 185 262 239 
190 163 250 262 185 
191 261 262 250 158 
192 236 253 235 180 
193 112 258 244 106 
194 130 159 258 112 
195 234 255 258 159 
196 228 229 149 252 
197 249 248 261 158 
198 73 171 54 72 
199 55 54 171 154 
200 66 164 202 65 
201 79 174 156 78 
202 158 136 88 249 
203 253 256 118 148 
204 138 165 150 137 
205 144 143 214 152 
206 219 166 150 220 
207 151 150 165 247 
208 151 246 220 150 
209 240 242 245 153 
210 222 231 154 171 
211 212 154 231 155 
212 217 175 156 157 
213 202 245 242 214 
214 214 143 65 202 
215 175 84 78 156 
216 166 125 137 150 
217 210 76 118 198 
2 2 3 336
218 1 3 263 18 
219 18 263 264 19 
220 19 264 265 20 
221 20 265 266 21 
222 21 266 267 22 
223 22 267 268 23 
224 23 268 269 24 
225 24 269 270 25 
226 25 270 271 26 
227 26 271 272 27 
228 27 272 273 28 
229 28 273 274 29 
230 29 274 275 30 
231 30 275 276 31 
232 31 276 277 32 
233 32 277 278 33 
234 33 278 279 34 
235 34 279 280 35 
236 35 280 281 36 
237 36 281 282 37 
238 37 282 38 2 
239 3 4 283 263 
240 263 283 284 264 
241 264 284 285 265 
242 265 285 286 266 
243 266 286 287 267 
244 267 287 288 268 
245 268 288 289 269 
246 269 289 290 270 
247 270 290 291 271 
248 271 291 292 272 
249 272 292 293 273 
250 273 293 294 274 
251 274 294 295 275 
252 275 295 296 276 
253 276 296 297 277 
254 277 297 298 278 
255 278 298 299 279 
256 279 299 300 280 
257 280 300 301 281 
258 281 301 302 282 
259 282 302 39 38 
260 4 5 303 283 
261 283 303 304 284 
262 284 304 305 285 
263 285 305 306 286 
264 286 306 307 287 
265 287 307 308 288 
266 288 308 309 289 
267 289 309 310 290 
268 290 310 311 291 
269 291 311 312 292 
270 292 312 313 293 
271 293 313 314 294 
272 294 314 315 295 
273 295 315 316 296 
274 296 316 317 297 
275 297 317 318 298 
276 298 318 319 299 
277 299 319 320 300 
278 300 320 321 301 
279 301 321 322 302 
280 302 322 40 39 
281 5 6 323 303 
282 303 323 324 304 
283 304 324 325 305 
284 305 325 326 306 
285 306 326 327 307 
286 307 327 328 308 
287 308 328 329 309 
288 309 329 330 310 
289 310 330 331 311 
290 311 331 332 312 
291 312 332 333 313 
292 313 333 334 314 
293 314 334 335 315 
294 315 335 336 316 
295 316 336 337 317 
296 317 337 338 318 
297 318 338 339 319 
298 319 339 340 320 
299 320 340 341 321 
300 321 341 342 322 
301 322 342 41 40 
302 6 7 343 323 
303 323 343 344 324 
304 324 344 345 325 
305 325 345 346 326 
306 326 346 347 327 
307 327 347 348 328 
308 328 348 349 329 
309 329 349 350 330 
310 330 350 351 331 
311 331 351 352 332 
312 332 352 353 333 
313 333 353 354 334 
314 334 354 355 335 
315 335 355 356 336 
316 336 356 357 337 
317 337 357 358 338 
318 338 358 359 339 
319 339 359 360 340 
320 340 360 361 341 
321 341 361 362 342 
322 342 362 42 41 
323 7 8 363 343 
324 343 363 364 344 
325 344 364 365 345 
326 345 365 366 346 
327 346 366 367 347 
328 347 367 368 348 
329 348 368 369 349 
330 349 369 370 350 
331 350 370 371 351 
332 351 371 372 352 
333 352 372 373 353 
334 353 373 374 354 
335 354 374 375 355 
336 355 375 376 356 
337 356 376 377 357 
338 357 377 378 358 
339 358 378 379 359 
340 359 379 380 360 
341 360 380 381 361 
342 361 381 382 362 
343 362 382 43 42 
344 8 9 383 363 
345 363 383 384 364 
346 364 384 385 365 
347 365 385 386 366 
348 366 386 387 367 
349 367 387 388 368 
350 368 388 389 369 
351 369 389 390 370 
352 370 390 391 371 
353 371 391 392 372 
354 372 392 393 373 
355 373 393 394 374 
356 374 394 395 375 
357 375 395 396 376 
358 376 396 397 377 
359 377 397 398 378 
360 378 398 399 379 
361 379 399 400 380 
362 380 400 401 381 
363 381 401 402 382 
364 382 402 44 43 
365 9 10 403 383 
366 383 403 404 384 
367 384 404 405 385 
368 385 405 406 386 
369 386 406 407 387 
370 387 407 408 388 
371 388 408 409 389 
372 389 409 410 390 
373 390 410 411 391 
374 391 411 412 392 
375 392 412 413 393 
376 393 413 414 394 
377 394 414 415 395 
378 395 415 416 396 
379 396 416 417 397 
380 397 417 418 398 
381 398 418 419 399 
382 399 419 420 400 
383 400 420 421 401 
384 401 421 422 402 
385 402 422 45 44 
386 10 11 423 403 
387 403 423 424 404 
388 404 424 425 405 
389 405 425 426 406 
390 406 426 427 407 
391 407 427 428 408 
392 408 428 429 409 
393 409 429 430 410 
394 410 430 431 411 
395 411 431 432 412 
396 412 432 433 413 
397 413 433 434 414 
398 414 434 435 415 
399 415 435 436 416 
400 416 436 437 417 
401 417 437 438 418 
402 418 438 439 419 
403 419 439 440 420 
404 420 440 441 421 
405 421 441 442 422 
406 422 442 46 45 
407 11 12 443 423 
408 423 443 444 424 
409 424 444 445 425 
410 425 445 446 426 
411 426 446 447 427 
412 427 447 448 428 
413 428 448 449 429 
414 429 449 450 430 
415 430 450 451 431 
416 431 451 452 432 
417 432 452 453 433 
418 433 453 454 434 
419 434 454 455 435 
420 435 455 456 436 
421 436 456 457 437 
422 437 457 458 438 
423 438 458 459 439 
424 439 459 460 440 
425 440 460 461 441 
426 441 461 462 442 
427 442 462 47 46 
428 12 13 463 443 
429 443 463 464 444 
430 444 464 465 445 
431 445 465 466 446 
432 446 466 467 447 
433 447 467 468 448 
434 448 468 469 449 
435 449 469 470 450 
436 450 470 471 451 
437 451 471 472 452 
438 452 472 473 453 
439 453 473 474 454 
440 454 474 475 455 
441 455 475 476 456 
442 456 476 477 457 
443 457 477 478 458 
444 458 478 479 459 
445 459 479 480 460 
446 460 480 481 461 
447 461 481 482 462 
448 462 482 48 47 
449 13 14 483 463 
450 463 483 484 464 
451 464 484 485 465 
452 465 485 486 466 
453 466 486 487 467 
454 467 487 488 468 
455 468 488 489 469 
456 469 489 490 470 
457 470 490 491 471 
458 471 491 492 472 
459 472 492 493 473 
460 473 493 494 474 
461 474 494 495 475 
462 475 495 496 476 
463 476 496 497 477 
464 477 497 498 478 
465 478 498 499 479 
466 479 499 500 480 
467 480 500 501 481 
468 481 501 502 482 
469 482 502 49 48 
470 14 15 503 483 
471 483 503 504 484 
472 484 504 505 485 
473 485 505 506 486 
474 486 506 507 487 
475 487 507 508 488 
476 488 508 509 489 
477 489 509 510 490 
478 490 510 511 491 
479 491 511 512 492 
480 492 512 513 493 
481 493 513 514 494 
482 494 514 515 495 
483 495 515 516 496 
484 496 516 517 497 
485 497 517 518 498 
486 498 518 519 499 
487 499 519 520 500 
488 500 520 521 501 
489 501 521 522 502 
490 502 522 50 49 
491 15 16 523 503 
492 503 523 524 504 
493 504 524 525 505 
494 505 525 526 506 
495 506 526 527 507 
496 507 527 528 508 
497 508 528 529 509 
498 509 529 530 510 
499 510 530 531 511 
500 511 531 532 512 
501 512 532 533 513 
502 513 533 534 514 
503 514 534 535 515 
504 515 535 536 516 
505 516 536 537 517 
506 517 537 538 518 
507 518 538 539 519 
508 519 539 540 520 
509 520 540 541 521 
510 521 541 542 522 
511 522 542 51 50 
512 16 17 543 523 
513 523 543 544 524 
514 524 544 545 525 
515 525 545 546 526 
516 526 546 547 527 
517 527 547 548 528 
518 528 548 549 529 
519 529 549 550 530 
520 530 550 551 531 
521 531 551 552 532 
522 532 552 553 533 
523 533 553 554 534 
524 534 554 555 535 
525 535 555 556 536 
526 536 556 557 537 
527 537 557 558 538 
528 538 558 559 539 
529 539 559 560 540 
530 540 560 561 541 
531 541 561 562 542 
532 542 562 52 51 
533 17 1 18 543 
534 543 18 19 544 
535 544 19 20 545 
536 545 20 21 546 
537 546 21 22 547 
538 547 22 23 548 
539 548 23 24 549 
540 549 24 25 550 
541 550 25 26 551 
542 551 26 27 552 
543 552 27 28 553 
544 553 28 29 554 
545 554 29 30 555 
546 555 30 31 556 
547 556 31 32 557 
548 557 32 33 558 
549 558 33 34 559 
550 559 34 35 560 
551 560 35 36 561 
552 561 36 37 562 
553 562 37 2 52 
2 3 3 217
554 2 38 581 563 
555 563 581 582 564 
556 50 51 569 647 
557 647 569 570 648 
558 648 570 571 649 
559 649 571 572 650 
560 650 572 573 651 
561 651 573 574 652 
562 41 575 629 42 
563 575 629 630 576 
564 576 630 631 577 
565 577 631 632 578 
566 578 632 633 579 
567 579 633 634 580 
568 38 39 623 581 
569 581 623 624 582 
570 582 624 625 583 
571 583 625 626 584 
572 584 626 627 585 
573 585 627 628 586 
574 40 41 575 653 
575 39 40 653 623 
576 623 653 654 624 
577 624 654 655 625 
578 625 655 656 626 
579 626 656 657 627 
580 627 657 658 628 
581 47 48 617 611 
582 611 617 618 612 
583 612 618 619 613 
584 613 619 620 614 
585 614 620 621 615 
586 615 621 622 616 
587 46 47 611 605 
588 605 611 612 606 
589 606 612 613 607 
590 607 613 614 608 
591 608 614 615 609 
592 609 615 616 610 
593 45 46 605 587 
594 587 605 606 588 
595 588 606 607 589 
596 589 607 608 590 
597 590 608 609 591 
598 591 609 610 592 
599 42 43 641 629 
600 629 641 642 630 
601 630 642 643 631 
602 631 643 644 632 
603 632 644 645 633 
604 633 645 646 634 
605 43 44 593 641 
606 641 593 594 642 
607 642 594 595 643 
608 643 595 596 644 
609 644 596 597 645 
610 645 597 598 646 
611 44 45 587 593 
612 593 587 588 594 
613 51 52 599 569 
614 569 599 600 570 
615 570 600 601 571 
616 571 601 602 572 
617 572 602 603 573 
618 573 603 604 574 
619 52 2 563 599 
620 599 563 564 600 
621 600 564 565 601 
622 601 565 566 602 
623 602 566 567 603 
624 603 567 568 604 
625 48 49 635 617 
626 617 635 636 618 
627 618 636 637 619 
628 619 637 638 620 
629 620 638 639 621 
630 621 639 640 622 
631 49 635 647 50 
632 761 669 640 694 
633 674 576 577 711 
634 675 648 649 714 
635 578 704 711 577 
636 650 706 714 649 
637 678 709 657 656 
638 719 586 720 692 
639 664 722 566 565 
640 662 723 655 654 
641 681 583 584 732 
642 684 589 590 733 
643 673 690 745 580 
644 767 661 757 715 
645 713 764 750 663 
646 638 710 689 639 
647 703 682 568 567 
648 709 688 658 657 
649 704 578 579 671 
650 723 725 726 678 
651 692 762 659 568 
652 706 650 651 672 
653 683 597 596 702 
654 710 638 637 679 
655 567 566 722 703 
656 686 585 586 719 
657 672 651 652 718 
658 711 704 764 713 
659 687 591 592 721 
660 656 655 723 678 
661 697 739 738 728 
662 585 686 732 584 
663 595 727 702 596 
664 636 729 679 637 
665 591 687 733 590 
666 610 677 747 592 
667 568 659 753 604 
668 696 691 673 695 
669 721 592 747 693 
670 751 767 707 731 
671 714 706 767 715 
672 746 690 673 691 
673 579 716 734 671 
674 686 719 682 736 
675 579 580 745 716 
676 671 705 764 704 
677 674 711 713 712 
678 694 689 735 718 
679 682 703 740 736 
680 693 683 737 721 
681 729 636 635 676 
682 727 595 594 685 
683 662 724 725 723 
684 672 707 767 706 
685 718 652 761 694 
686 604 753 680 574 
687 679 729 730 756 
688 721 737 743 687 
689 683 702 742 737 
690 767 751 756 661 
691 708 628 766 670 
692 574 680 761 652 
693 736 740 665 741 
694 701 744 680 753 
695 678 726 769 709 
696 693 747 771 758 
697 718 735 707 672 
698 665 740 703 722 
699 708 670 746 728 
700 748 677 754 717 
701 765 717 754 768 
702 728 738 720 708 
703 736 741 732 686 
704 679 731 770 710 
705 737 742 667 743 
706 667 742 702 727 
707 691 696 698 697 
708 734 716 745 688 
709 698 696 749 699 
710 697 698 701 739 
711 684 733 687 743 
712 701 698 699 700 
713 714 715 757 675 
714 580 634 760 673 
715 717 699 749 748 
716 719 692 568 682 
717 701 753 659 739 
718 764 726 725 750 
719 597 683 693 598 
720 746 670 766 763 
721 688 745 763 658 
722 663 755 712 713 
723 750 725 724 752 
724 691 697 728 746 
725 764 705 769 726 
726 679 756 751 731 
727 639 689 694 640 
728 738 762 692 720 
729 743 667 666 684 
730 701 700 765 744 
731 688 709 769 734 
732 771 747 677 748 
733 689 710 770 735 
734 634 646 668 760 
735 616 754 677 610 
736 671 734 769 705 
737 699 717 765 700 
738 731 707 735 770 
739 669 761 680 744 
740 772 771 748 749 
741 693 758 759 598 
742 696 695 772 749 
743 673 760 772 695 
744 771 772 760 668 
745 746 763 745 690 
746 622 768 754 616 
747 640 669 768 622 
748 744 765 768 669 
749 738 739 659 762 
750 759 758 771 668 
751 583 681 564 582 
752 565 564 681 664 
753 576 674 712 575 
754 589 684 666 588 
755 668 646 598 759 
756 763 766 628 658 
757 648 675 660 647 
758 654 653 724 662 
759 729 676 660 730 
760 661 660 675 757 
761 661 756 730 660 
762 750 752 755 663 
763 732 741 664 681 
764 722 664 741 665 
765 727 685 666 667 
766 712 755 752 724 
767 724 653 575 712 
768 685 594 588 666 
769 676 635 647 660 
770 720 586 628 708 
3 1 5 4557
771 1 3 71 53 18 263 1133 773 
772 18 263 1133 773 19 264 1134 774 
773 19 264 1134 774 20 265 1135 775 
774 20 265 1135 775 21 266 1136 776 
775 21 266 1136 776 22 267 1137 777 
776 22 267 1137 777 23 268 1138 778 
777 23 268 1138 778 24 269 1139 779 
778 24 269 1139 779 25 270 1140 780 
779 25 270 1140 780 26 271 1141 781 
780 26 271 1141 781 27 272 1142 782 
781 27 272 1142 782 28 273 1143 783 
782 28 273 1143 783 29 274 1144 784 
783 29 274 1144 784 30 275 1145 785 
784 30 275 1145 785 31 276 1146 786 
785 31 276 1146 786 32 277 1147 787 
786 32 277 1147 787 33 278 1148 788 
787 33 278 1148 788 34 279 1149 789 
788 34 279 1149 789 35 280 1150 790 
789 35 280 1150 790 36 281 1151 791 
790 36 281 1151 791 37 282 1152 792 
791 37 282 1152 792 2 38 581 563 
792 53 71 72 54 773 1133 1153 793 
793 773 1133 1153 793 774 1134 1154 794 
794 774 1134 1154 794 775 1135 1155 795 
795 775 1135 1155 795 776 1136 1156 796 
796 776 1136 1156 796 777 1137 1157 797 
797 777 1137 1157 797 778 1138 1158 798 
798 778 1138 1158 798 779 1139 1159 799 
799 779 1139 1159 799 780 1140 1160 800 
800 780 1140 1160 800 781 1141 1161 801 
801 781 1141 1161 801 782 1142 1162 802 
802 782 1142 1162 802 783 1143 1163 803 
803 783 1143 1163 803 784 1144 1164 804 
804 784 1144 1164 804 785 1145 1165 805 
805 785 1145 1165 805 786 1146 1166 806 
806 786 1146 1166 806 787 1147 1167 807 
807 787 1147 1167 807 788 1148 1168 808 
808 788 1148 1168 808 789 1149 1169 809 
809 789 1149 1169 809 790 1150 1170 810 
810 790 1150 1170 810 791 1151 1171 811 
811 791 1151 1171 811 792 1152 1172 812 
812 792 1152 1172 812 563 581 582 564 
813 15 16 59 137 503 523 893 2453 
814 503 523 893 2453 504 524 894 2454 
815 504 524 894 2454 505 525 895 2455 
816 505 525 895 2455 506 526 896 2456 
817 506 526 896 2456 507 527 897 2457 
818 507 527 897 2457 508 528 898 2458 
819 508 528 898 2458 509 529 899 2459 
820 509 529 899 2459 510 530 900 2460 
821 510 530 900 2460 511 531 901 2461 
822 511 531 901 2461 512 532 902 2462 
823 512 532 902 2462 513 533 903 2463 
824 513 533 903 2463 514 534 904 2464 
825 514 534 904 2464 515 535 905 2465 
826 515 535 905 2465 516 536 906 2466 
827 516 536 906 2466 517 537 907 2467 
828 517 537 907 2467 518 538 908 2468 
829 518 538 908 2468 519 539 909 2469 
830 519 539 909 2469 520 540 910 2470 
831 520 540 910 2470 521 541 911 2471 
832 521 541 911 2471 522 542 912 2472 
833 522 542 912 2472 50 51 569 647 
834 137 59 60 138 2453 893 913 2473 
835 2453 893 913 2473 2454 894 914 2474 
836 2454 894 914 2474 2455 895 915 2475 
837 2455 895 915 2475 2456 896 916 2476 
838 2456 896 916 2476 2457 897 917 2477 
839 2457 897 917 2477 2458 898 918 2478 
840 2458 898 918 2478 2459 899 919 2479 
841 2459 899 919 2479 2460 900 920 2480 
842 2460 900 920 2480 2461 901 921 2481 
843 2461 901 921 2481 2462 902 922 2482 
844 2462 902 922 2482 2463 903 923 2483 
845 2463 903 923 2483 2464 904 924 2484 
846 2464 904 924 2484 2465 905 925 2485 
847 2465 905 925 2485 2466 906 926 2486 
848 2466 906 926 2486 2467 907 927 2487 
849 2467 907 927 2487 2468 908 928 2488 
850 2468 908 928 2488 2469 909 929 2489 
851 2469 909 929 2489 2470 910 930 2490 
852 2470 910 930 2490 2471 911 931 2491 
853 2471 911 931 2491 2472 912 932 2492 
854 2472 912 932 2492 647 569 570 648 
855 138 60 61 139 2473 913 933 2493 
856 2473 913 933 2493 2474 914 934 2494 
857 2474 914 934 2494 2475 915 935 2495 
858 2475 915 935 2495 2476 916 936 2496 
859 2476 916 936 2496 2477 917 937 2497 
860 2477 917 937 2497 2478 918 938 2498 
861 2478 918 938 2498 2479 919 939 2499 
862 2479 919 939 2499 2480 920 940 2500 
863 2480 920 940 2500 2481 921 941 2501 
864 2481 921 941 2501 2482 922 942 2502 
865 2482 922 942 2502 2483 923 943 2503 
866 2483 923 943 2503 2484 924 944 2504 
867 2484 924 944 2504 2485 925 945 2505 
868 2485 925 945 2505 2486 926 946 2506 
869 2486 926 946 2506 2487 927 947 2507 
870 2487 927 947 2507 2488 928 948 2508 
871 2488 928 948 2508 2489 929 949 2509 
872 2489 929 949 2509 2490 930 950 2510 
873 2490 930 950 2510 2491 931 951 2511 
874 2491 931 951 2511 2492 932 952 2512 
875 2492 932 952 2512 648 570 571 649 
876 139 61 62 140 2493 933 953 2513 
877 2493 933 953 2513 2494 934 954 2514 
878 2494 934 954 2514 2495 935 955 2515 
879 2495 935 955 2515 2496 936 956 2516 
880 2496 936 956 2516 2497 937 957 2517 
881 2497 937 957 2517 2498 938 958 2518 
882 2498 938 958 2518 2499 939 959 2519 
883 2499 939 959 2519 2500 940 960 2520 
884 2500 940 960 2520 2501 941 961 2521 
885 2501 941 961 2521 2502 942 962 2522 
886 2502 942 962 2522 2503 943 963 2523 
887 2503 943 963 2523 2504 944 964 2524 
888 2504 944 964 2524 2505 945 965 2525 
889 2505 945 965 2525 2506 946 966 2526 
890 2506 946 966 2526 2507 947 967 2527 
891 2507 947 967 2527 2508 948 968 2528 
892 2508 948 968 2528 2509 949 969 2529 
893 2509 949 969 2529 2510 950 970 2530 
894 2510 950 970 2530 2511 951 971 2531 
895 2511 951 971 2531 2512 952 972 2532 
896 2512 952 972 2532 649 571 572 650 
897 140 62 63 141 2513 953 973 2533 
898 2513 953 973 2533 2514 954 974 2534 
899 2514 954 974 2534 2515 955 975 2535 
900 2515 955 975 2535 2516 956 976 2536 
901 2516 956 976 2536 2517 957 977 2537 
902 2517 957 977 2537 2518 958 978 2538 
903 2518 958 978 2538 2519 959 979 2539 
904 2519 959 979 2539 2520 960 980 2540 
905 2520 960 980 2540 2521 961 981 2541 
906 2521 961 981 2541 2522 962 982 2542 
907 2522 962 982 2542 2523 963 983 2543 
908 2523 963 983 2543 2524 964 984 2544 
909 2524 964 984 2544 2525 965 985 2545 
910 2525 965 985 2545 2526 966 986 2546 
911 2526 966 986 2546 2527 967 987 2547 
912 2527 967 987 2547 2528 968 988 2548 
913 2528 968 988 2548 2529 969 989 2549 
914 2529 969 989 2549 2530 970 990 2550 
915 2530 970 990 2550 2531 971 991 2551 
916 2531 971 991 2551 2532 972 992 2552 
917 2532 972 992 2552 650 572 573 651 
918 141 63 64 142 2533 973 993 2553 
919 2533 973 993 2553 2534 974 994 2554 
920 2534 974 994 2554 2535 975 995 2555 
921 2535 975 995 2555 2536 976 996 2556 
922 2536 976 996 2556 2537 977 997 2557 
923 2537 977 997 2557 2538 978 998 2558 
924 2538 978 998 2558 2539 979 999 2559 
925 2539 979 999 2559 2540 980 1000 2560 
926 2540 980 1000 2560 2541 981 1001 2561 
927 2541 981 1001 2561 2542 982 1002 2562 
928 2542 982 1002 2562 2543 983 1003 2563 
929 2543 983 1003 2563 2544 984 1004 2564 
930 2544 984 1004 2564 2545 985 1005 2565 
931 2545 985 1005 2565 2546 986 1006 2566 
932 2546 986 1006 2566 2547 987 1007 2567 
933 2547 987 1007 2567 2548 988 1008 2568 
934 2548 988 1008 2568 2549 989 1009 2569 
935 2549 989 1009 2569 2550 990 1010 2570 
936 2550 990 1010 2570 2551 991 1011 2571 
937 2551 991 1011 2571 2552 992 1012 2572 
938 2552 992 1012 2572 651 573 574 652 
939 119 65 6 7 2093 1013 323 343 
940 2093 1013 323 343 2094 1014 324 344 
941 2094 1014 324 344 2095 1015 325 345 
942 2095 1015 325 345 2096 1016 326 346 
943 2096 1016 326 346 2097 1017 327 347 
944 2097 1017 327 347 2098 1018 328 348 
945 2098 1018 328 348 2099 1019 329 349 
946 2099 1019 329 349 2100 1020 330 350 
947 2100 1020 330 350 2101 1021 331 351 
948 2101 1021 331 351 2102 1022 332 352 
949 2102 1022 332 352 2103 1023 333 353 
950 2103 1023 333 353 2104 1024 334 354 
951 2104 1024 334 354 2105 1025 335 355 
952 2105 1025 335 355 2106 1026 336 356 
953 2106 1026 336 356 2107 1027 337 357 
954 2107 1027 337 357 2108 1028 338 358 
955 2108 1028 338 358 2109 1029 339 359 
956 2109 1029 339 359 2110 1030 340 360 
957 2110 1030 340 360 2111 1031 341 361 
958 2111 1031 341 361 2112 1032 342 362 
959 2112 1032 342 362 629 575 41 42 
960 65 119 120 66 1013 2093 2113 1033 
961 1013 2093 2113 1033 1014 2094 2114 1034 
962 1014 2094 2114 1034 1015 2095 2115 1035 
963 1015 2095 2115 1035 1016 2096 2116 1036 
964 1016 2096 2116 1036 1017 2097 2117 1037 
965 1017 2097 2117 1037 1018 2098 2118 1038 
966 1018 2098 2118 1038 1019 2099 2119 1039 
967 1019 2099 2119 1039 1020 2100 2120 1040 
968 1020 2100 2120 1040 1021 2101 2121 1041 
969 1021 2101 2121 1041 1022 2102 2122 1042 
970 1022 2102 2122 1042 1023 2103 2123 1043 
971 1023 2103 2123 1043 1024 2104 2124 1044 
972 1024 2104 2124 1044 1025 2105 2125 1045 
973 1025 2105 2125 1045 1026 2106 2126 1046 
974 1026 2106 2126 1046 1027 2107 2127 1047 
975 1027 2107 2127 1047 1028 2108 2128 1048 
976 1028 2108 2128 1048 1029 2109 2129 1049 
977 1029 2109 2129 1049 1030 2110 2130 1050 
978 1030 2110 2130 1050 1031 2111 2131 1051 
979 1031 2111 2131 1051 1032 2112 2132 1052 
980 1032 2112 2132 1052 575 629 630 576 
981 66 120 121 67 1033 2113 2133 1053 
982 1033 2113 2133 1053 1034 2114 2134 1054 
983 1034 2114 2134 1054 1035 2115 2135 1055 
984 1035 2115 2135 1055 1036 2116 2136 1056 
985 1036 2116 2136 1056 1037 2117 2137 1057 
986 1037 2117 2137 1057 1038 2118 2138 1058 
987 1038 2118 2138 1058 1039 2119 2139 1059 
988 1039 2119 2139 1059 1040 2120 2140 1060 
989 1040 2120 2140 1060 1041 2121 2141 1061 
990 1041 2121 2141 1061 1042 2122 2142 1062 
991 1042 2122 2142 1062 1043 2123 2143 1063 
992 1043 2123 2143 1063 1044 2124 2144 1064 
993 1044 2124 2144 1064 1045 2125 2145 1065 
994 1045 2125 2145 1065 1046 2126 2146 1066 
995 1046 2126 2146 1066 1047 2127 2147 1067 
996 1047 2127 2147 1067 1048 2128 2148 1068 
997 1048 2128 2148 1068 1049 2129 2149 1069 
998 1049 2129 2149 1069 1050 2130 2150 1070 
999 1050 2130 2150 1070 1051 2131 2151 1071 
1000 1051 2131 2151 1071 1052 2132 2152 1072 
1001 1052 2132 2152 1072 576 630 631 577 
1002 67 121 122 68 1053 2133 2153 1073 
1003 1053 2133 2153 1073 1054 2134 2154 1074 
1004 1054 2134 2154 1074 1055 2135 2155 1075 
1005 1055 2135 2155 1075 1056 2136 2156 1076 
1006 1056 2136 2156 1076 1057 2137 2157 1077 
1007 1057 2137 2157 1077 1058 2138 2158 1078 
1008 1058 2138 2158 1078 1059 2139 2159 1079 
1009 1059 2139 2159 1079 1060 2140 2160 1080 
1010 1060 2140 2160 1080 1061 2141 2161 1081 
1011 1061 2141 2161 1081 1062 2142 2162 1082 
1012 1062 2142 2162 1082 1063 2143 2163 1083 
1013 1063 2143 2163 1083 1064 2144 2164 1084 
1014 1064 2144 2164 1084 1065 2145 2165 1085 
1015 1065 2145 2165 1085 1066 2146 2166 1086 
1016 1066 2146 2166 1086 1067 2147 2167 1087 
1017 1067 2147 2167 1087 1068 2148 2168 1088 
1018 1068 2148 2168 1088 1069 2149 2169 1089 
1019 1069 2149 2169 1089 1070 2150 2170 1090 
1020 1070 2150 2170 1090 1071 2151 2171 1091 
1021 1071 2151 2171 1091 1072 2152 2172 1092 
1022 1072 2152 2172 1092 577 631 632 578 
1023 68 122 123 69 1073 2153 2173 1093 
1024 1073 2153 2173 1093 1074 2154 2174 1094 
1025 1074 2154 2174 1094 1075 2155 2175 1095 
1026 1075 2155 2175 1095 1076 2156 2176 1096 
1027 1076 2156 2176 1096 1077 2157 2177 1097 
1028 1077 2157 2177 1097 1078 2158 2178 1098 
1029 1078 2158 2178 1098 1079 2159 2179 1099 
1030 1079 2159 2179 1099 1080 2160 2180 1100 
1031 1080 2160 2180 1100 1081 2161 2181 1101 
1032 1081 2161 2181 1101 1082 2162 2182 1102 
1033 1082 2162 2182 1102 1083 2163 2183 1103 
1034 1083 2163 2183 1103 1084 2164 2184 1104 
1035 1084 2164 2184 1104 1085 2165 2185 1105 
1036 1085 2165 2185 1105 1086 2166 2186 1106 
1037 1086 2166 2186 1106 1087 2167 2187 1107 
1038 1087 2167 2187 1107 1088 2168 2188 1108 
1039 1088 2168 2188 1108 1089 2169 2189 1109 
1040 1089 2169 2189 1109 1090 2170 2190 1110 
1041 1090 2170 2190 1110 1091 2171 2191 1111 
1042 1091 2171 2191 1111 1092 2172 2192 1112 
1043 1092 2172 2192 1112 578 632 633 579 
1044 69 123 124 70 1093 2173 2193 1113 
1045 1093 2173 2193 1113 1094 2174 2194 1114 
1046 1094 2174 2194 1114 1095 2175 2195 1115 
1047 1095 2175 2195 1115 1096 2176 2196 1116 
1048 1096 2176 2196 1116 1097 2177 2197 1117 
1049 1097 2177 2197 1117 1098 2178 2198 1118 
1050 1098 2178 2198 1118 1099 2179 2199 1119 
1051 1099 2179 2199 1119 1100 2180 2200 1120 
1052 1100 2180 2200 1120 1101 2181 2201 1121 
1053 1101 2181 2201 1121 1102 2182 2202 1122 
1054 1102 2182 2202 1122 1103 2183 2203 1123 
1055 1103 2183 2203 1123 1104 2184 2204 1124 
1056 1104 2184 2204 1124 1105 2185 2205 1125 
1057 1105 2185 2205 1125 1106 2186 2206 1126 
1058 1106 2186 2206 1126 1107 2187 2207 1127 
1059 1107 2187 2207 1127 1108 2188 2208 1128 
1060 1108 2188 2208 1128 1109 2189 2209 1129 
1061 1109 2189 2209 1129 1110 2190 2210 1130 
1062 1110 2190 2210 1130 1111 2191 2211 1131 
1063 1111 2191 2211 1131 1112 2192 2212 1132 
1064 1112 2192 2212 1132 579 633 634 580 
1065 3 4 113 71 263 283 1973 1133 
1066 263 283 1973 1133 264 284 1974 1134 
1067 264 284 1974 1134 265 285 1975 1135 
1068 265 285 1975 1135 266 286 1976 1136 
1069 266 286 1976 1136 267 287 1977 1137 
1070 267 287 1977 1137 268 288 1978 1138 
1071 268 288 1978 1138 269 289 1979 1139 
1072 269 289 1979 1139 270 290 1980 1140 
1073 270 290 1980 1140 271 291 1981 1141 
1074 271 291 1981 1141 272 292 1982 1142 
1075 272 292 1982 1142 273 293 1983 1143 
1076 273 293 1983 1143 274 294 1984 1144 
1077 274 294 1984 1144 275 295 1985 1145 
1078 275 295 1985 1145 276 296 1986 1146 
1079 276 296 1986 1146 277 297 1987 1147 
1080 277 297 1987 1147 278 298 1988 1148 
1081 278 298 1988 1148 279 299 1989 1149 
1082 279 299 1989 1149 280 300 1990 1150 
1083 280 300 1990 1150 281 301 1991 1151 
1084 281 301 1991 1151 282 302 1992 1152 
1085 282 302 1992 1152 38 39 623 581 
1086 71 113 114 72 1133 1973 1993 1153 
1087 1133 1973 1993 1153 1134 1974 1994 1154 
1088 1134 1974 1994 1154 1135 1975 1995 1155 
1089 1135 1975 1995 1155 1136 1976 1996 1156 
1090 1136 1976 1996 1156 1137 1977 1997 1157 
1091 1137 1977 1997 1157 1138 1978 1998 1158 
1092 1138 1978 1998 1158 1139 1979 1999 1159 
1093 1139 1979 1999 1159 1140 1980 2000 1160 
1094 1140 1980 2000 1160 1141 1981 2001 1161 
1095 1141 1981 2001 1161 1142 1982 2002 1162 
1096 1142 1982 2002 1162 1143 1983 2003 1163 
1097 1143 1983 2003 1163 1144 1984 2004 1164 
1098 1144 1984 2004 1164 1145 1985 2005 1165 
1099 1145 1985 2005 1165 1146 1986 2006 1166 
1100 1146 1986 2006 1166 1147 1987 2007 1167 
1101 1147 1987 2007 1167 1148 1988 2008 1168 
1102 1148 1988 2008 1168 1149 1989 2009 1169 
1103 1149 1989 2009 1169 1150 1990 2010 1170 
1104 1150 1990 2010 1170 1151 1991 2011 1171 
1105 1151 1991 2011 1171 1152 1992 2012 1172 
1106 1152 1992 2012 1172 581 623 624 582 
1107 72 114 115 73 1153 1993 2013 1173 
1108 1153 1993 2013 1173 1154 1994 2014 1174 
1109 1154 1994 2014 1174 1155 1995 2015 1175 
1110 1155 1995 2015 1175 1156 1996 2016 1176 
1111 1156 1996 2016 1176 1157 1997 2017 1177 
1112 1157 1997 2017 1177 1158 1998 2018 1178 
1113 1158 1998 2018 1178 1159 1999 2019 1179 
1114 1159 1999 2019 1179 1160 2000 2020 1180 
1115 1160 2000 2020 1180 1161 2001 2021 1181 
1116 1161 2001 2021 1181 1162 2002 2022 1182 
1117 1162 2002 2022 1182 1163 2003 2023 1183 
1118 1163 2003 2023 1183 1164 2004 2024 1184 
1119 1164 2004 2024 1184 1165 2005 2025 1185 
1120 1165 2005 2025 1185 1166 2006 2026 1186 
1121 1166 2006 2026 1186 1167 2007 2027 1187 
1122 1167 2007 2027 1187 1168 2008 2028 1188 
1123 1168 2008 2028 1188 1169 2009 2029 1189 
1124 1169 2009 2029 1189 1170 2010 2030 1190 
1125 1170 2010 2030 1190 1171 2011 2031 1191 
1126 1171 2011 2031 1191 1172 2012 2032 1192 
1127 1172 2012 2032 1192 582 624 625 583 
1128 73 115 116 74 1173 2013 2033 1193 
1129 1173 2013 2033 1193 1174 2014 2034 1194 
1130 1174 2014 2034 1194 1175 2015 2035 1195 
1131 1175 2015 2035 1195 1176 2016 2036 1196 
1132 1176 2016 2036 1196 1177 2017 2037 1197 
1133 1177 2017 2037 1197 1178 2018 2038 1198 
1134 1178 2018 2038 1198 1179 2019 2039 1199 
1135 1179 2019 2039 1199 1180 2020 2040 1200 
1136 1180 2020 2040 1200 1181 2021 2041 1201 
1137 1181 2021 2041 1201 1182 2022 2042 1202 
1138 1182 2022 2042 1202 1183 2023 2043 1203 
1139 1183 2023 2043 1203 1184 2024 2044 1204 
1140 1184 2024 2044 1204 1185 2025 2045 1205 
1141 1185 2025 2045 1205 1186 2026 2046 1206 
1142 1186 2026 2046 1206 1187 2027 2047 1207 
1143 1187 2027 2047 1207 1188 2028 2048 1208 
1144 1188 2028 2048 1208 1189 2029 2049 1209 
1145 1189 2029 2049 1209 1190 2030 2050 1210 
1146 1190 2030 2050 1210 1191 2031 2051 1211 
1147 1191 2031 2051 1211 1192 2032 2052 1212 
1148 1192 2032 2052 1212 583 625 626 584 
1149 74 116 117 75 1193 2033 2053 1213 
1150 1193 2033 2053 1213 1194 2034 2054 1214 
1151 1194 2034 2054 1214 1195 2035 2055 1215 
1152 1195 2035 2055 1215 1196 2036 2056 1216 
1153 1196 2036 2056 1216 1197 2037 2057 1217 
1154 1197 2037 2057 1217 1198 2038 2058 1218 
1155 1198 2038 2058 1218 1199 2039 2059 1219 
1156 1199 2039 2059 1219 1200 2040 2060 1220 
1157 1200 2040 2060 1220 1201 2041 2061 1221 
1158 1201 2041 2061 1221 1202 2042 2062 1222 
1159 1202 2042 2062 1222 1203 2043 2063 1223 
1160 1203 2043 2063 1223 1204 2044 2064 1224 
1161 1204 2044 2064 1224 1205 2045 2065 1225 
1162 1205 2045 2065 1225 1206 2046 2066 1226 
1163 1206 2046 2066 1226 1207 2047 2067 1227 
1164 1207 2047 2067 1227 1208 2048 2068 1228 
1165 1208 2048 2068 1228 1209 2049 2069 1229 
1166 1209 2049 2069 1229 1210 2050 2070 1230 
1167 1210 2050 2070 1230 1211 2051 2071 1231 
1168 1211 2051 2071 1231 1212 2052 2072 1232 
1169 1212 2052 2072 1232 584 626 627 585 
1170 75 117 118 76 1213 2053 2073 1233 
1171 1213 2053 2073 1233 1214 2054 2074 1234 
1172 1214 2054 2074 1234 1215 2055 2075 1235 
1173 1215 2055 2075 1235 1216 2056 2076 1236 
1174 1216 2056 2076 1236 1217 2057 2077 1237 
1175 1217 2057 2077 1237 1218 2058 2078 1238 
1176 1218 2058 2078 1238 1219 2059 2079 1239 
1177 1219 2059 2079 1239 1220 2060 2080 1240 
1178 1220 2060 2080 1240 1221 2061 2081 1241 
1179 1221 2061 2081 1241 1222 2062 2082 1242 
1180 1222 2062 2082 1242 1223 2063 2083 1243 
1181 1223 2063 2083 1243 1224 2064 2084 1244 
1182 1224 2064 2084 1244 1225 2065 2085 1245 
1183 1225 2065 2085 1245 1226 2066 2086 1246 
1184 1226 2066 2086 1246 1227 2067 2087 1247 
1185 1227 2067 2087 1247 1228 2068 2088 1248 
1186 1228 2068 2088 1248 1229 2069 2089 1249 
1187 1229 2069 2089 1249 1230 2070 2090 1250 
1188 1230 2070 2090 1250 1231 2071 2091 1251 
1189 1231 2071 2091 1251 1232 2072 2092 1252 
1190 1232 2072 2092 1252 585 627 628 586 
1191 5 6 65 143 303 323 1013 2573 
1192 303 323 1013 2573 304 324 1014 2574 
1193 304 324 1014 2574 305 325 1015 2575 
1194 305 325 1015 2575 306 326 1016 2576 
1195 306 326 1016 2576 307 327 1017 2577 
1196 307 327 1017 2577 308 328 1018 2578 
1197 308 328 1018 2578 309 329 1019 2579 
1198 309 329 1019 2579 310 330 1020 2580 
1199 310 330 1020 2580 311 331 1021 2581 
1200 311 331 1021 2581 312 332 1022 2582 
1201 312 332 1022 2582 313 333 1023 2583 
1202 313 333 1023 2583 314 334 1024 2584 
1203 314 334 1024 2584 315 335 1025 2585 
1204 315 335 1025 2585 316 336 1026 2586 
1205 316 336 1026 2586 317 337 1027 2587 
1206 317 337 1027 2587 318 338 1028 2588 
1207 318 338 1028 2588 319 339 1029 2589 
1208 319 339 1029 2589 320 340 1030 2590 
1209 320 340 1030 2590 321 341 1031 2591 
1210 321 341 1031 2591 322 342 1032 2592 
1211 322 342 1032 2592 40 41 575 653 
1212 4 5 143 113 283 303 2573 1973 
1213 283 303 2573 1973 284 304 2574 1974 
1214 284 304 2574 1974 285 305 2575 1975 
1215 285 305 2575 1975 286 306 2576 1976 
1216 286 306 2576 1976 287 307 2577 1977 
1217 287 307 2577 1977 288 308 2578 1978 
1218 288 308 2578 1978 289 309 2579 1979 
1219 289 309 2579 1979 290 310 2580 1980 
1220 290 310 2580 1980 291 311 2581 1981 
1221 291 311 2581 1981 292 312 2582 1982 
1222 292 312 2582 1982 293 313 2583 1983 
1223 293 313 2583 1983 294 314 2584 1984 
1224 294 314 2584 1984 295 315 2585 1985 
1225 295 315 2585 1985 296 316 2586 1986 
1226 296 316 2586 1986 297 317 2587 1987 
1227 297 317 2587 1987 298 318 2588 1988 
1228 298 318 2588 1988 299 319 2589 1989 
1229 299 319 2589 1989 300 320 2590 1990 
1230 300 320 2590 1990 301 321 2591 1991 
1231 301 321 2591 1991 302 322 2592 1992 
1232 302 322 2592 1992 39 40 653 623 
1233 113 143 144 114 1973 2573 2593 1993 
1234 1973 2573 2593 1993 1974 2574 2594 1994 
1235 1974 2574 2594 1994 1975 2575 2595 1995 
1236 1975 2575 2595 1995 1976 2576 2596 1996 
1237 1976 2576 2596 1996 1977 2577 2597 1997 
1238 1977 2577 2597 1997 1978 2578 2598 1998 
1239 1978 2578 2598 1998 1979 2579 2599 1999 
1240 1979 2579 2599 1999 1980 2580 2600 2000 
1241 1980 2580 2600 2000 1981 2581 2601 2001 
1242 1981 2581 2601 2001 1982 2582 2602 2002 
1243 1982 2582 2602 2002 1983 2583 2603 2003 
1244 1983 2583 2603 2003 1984 2584 2604 2004 
1245 1984 2584 2604 2004 1985 2585 2605 2005 
1246 1985 2585 2605 2005 1986 2586 2606 2006 
1247 1986 2586 2606 2006 1987 2587 2607 2007 
1248 1987 2587 2607 2007 1988 2588 2608 2008 
1249 1988 2588 2608 2008 1989 2589 2609 2009 
1250 1989 2589 2609 2009 1990 2590 2610 2010 
1251 1990 2590 2610 2010 1991 2591 2611 2011 
1252 1991 2591 2611 2011 1992 2592 2612 2012 
1253 1992 2592 2612 2012 623 653 654 624 
1254 114 144 145 115 1993 2593 2613 2013 
1255 1993 2593 2613 2013 1994 2594 2614 2014 
1256 1994 2594 2614 2014 1995 2595 2615 2015 
1257 1995 2595 2615 2015 1996 2596 2616 2016 
1258 1996 2596 2616 2016 1997 2597 2617 2017 
1259 1997 2597 2617 2017 1998 2598 2618 2018 
1260 1998 2598 2618 2018 1999 2599 2619 2019 
1261 1999 2599 2619 2019 2000 2600 2620 2020 
1262 2000 2600 2620 2020 2001 2601 2621 2021 
1263 2001 2601 2621 2021 2002 2602 2622 2022 
1264 2002 2602 2622 2022 2003 2603 2623 2023 
1265 2003 2603 2623 2023 2004 2604 2624 2024 
1266 2004 2604 2624 2024 2005 2605 2625 2025 
1267 2005 2605 2625 2025 2006 2606 2626 2026 
1268 2006 2606 2626 2026 2007 2607 2627 2027 
1269 2007 2607 2627 2027 2008 2608 2628 2028 
1270 2008 2608 2628 2028 2009 2609 2629 2029 
1271 2009 2609 2629 2029 2010 2610 2630 2030 
1272 2010 2610 2630 2030 2011 2611 2631 2031 
1273 2011 2611 2631 2031 2012 2612 2632 2032 
1274 2012 2612 2632 2032 624 654 655 625 
1275 115 145 146 116 2013 2613 2633 2033 
1276 2013 2613 2633 2033 2014 2614 2634 2034 
1277 2014 2614 2634 2034 2015 2615 2635 2035 
1278 2015 2615 2635 2035 2016 2616 2636 2036 
1279 2016 2616 2636 2036 2017 2617 2637 2037 
1280 2017 2617 2637 2037 2018 2618 2638 2038 
1281 2018 2618 2638 2038 2019 2619 2639 2039 
1282 2019 2619 2639 2039 2020 2620 2640 2040 
1283 2020 2620 2640 2040 2021 2621 2641 2041 
1284 2021 2621 2641 2041 2022 2622 2642 2042 
1285 2022 2622 2642 2042 2023 2623 2643 2043 
1286 2023 2623 2643 2043 2024 2624 2644 2044 
1287 2024 2624 2644 2044 2025 2625 2645 2045 
1288 2025 2625 2645 2045 2026 2626 2646 2046 
1289 2026 2626 2646 2046 2027 2627 2647 2047 
1290 2027 2627 2647 2047 2028 2628 2648 2048 
1291 2028 2628 2648 2048 2029 2629 2649 2049 
1292 2029 2629 2649 2049 2030 2630 2650 2050 
1293 2030 2630 2650 2050 2031 2631 2651 2051 
1294 2031 2631 2651 2051 2032 2632 2652 2052 
1295 2032 2632 2652 2052 625 655 656 626 
1296 116 146 147 117 2033 2633 2653 2053 
1297 2033 2633 2653 2053 2034 2634 2654 2054 
1298 2034 2634 2654 2054 2035 2635 2655 2055 
1299 2035 2635 2655 2055 2036 2636 2656 2056 
1300 2036 2636 2656 2056 2037 2637 2657 2057 
1301 2037 2637 2657 2057 2038 2638 2658 2058 
1302 2038 2638 2658 2058 2039 2639 2659 2059 
1303 2039 2639 2659 2059 2040 2640 2660 2060 
1304 2040 2640 2660 2060 2041 2641 2661 2061 
1305 2041 2641 2661 2061 2042 2642 2662 2062 
1306 2042 2642 2662 2062 2043 2643 2663 2063 
1307 2043 2643 2663 2063 2044 2644 2664 2064 
1308 2044 2644 2664 2064 2045 2645 2665 2065 
1309 2045 2645 2665 2065 2046 2646 2666 2066 
1310 2046 2646 2666 2066 2047 2647 2667 2067 
1311 2047 2647 2667 2067 2048 2648 2668 2068 
1312 2048 2648 2668 2068 2049 2649 2669 2069 
1313 2049 2649 2669 2069 2050 2650 2670 2070 
1314 2050 2650 2670 2070 2051 2651 2671 2071 
1315 2051 2651 2671 2071 2052 2652 2672 2072 
1316 2052 2652 2672 2072 626 656 657 627 
1317 117 147 148 118 2053 2653 2673 2073 
1318 2053 2653 2673 2073 2054 2654 2674 2074 
1319 2054 2654 2674 2074 2055 2655 2675 2075 
1320 2055 2655 2675 2075 2056 2656 2676 2076 
1321 2056 2656 2676 2076 2057 2657 2677 2077 
1322 2057 2657 2677 2077 2058 2658 2678 2078 
1323 2058 2658 2678 2078 2059 2659 2679 2079 
1324 2059 2659 2679 2079 2060 2660 2680 2080 
1325 2060 2660 2680 2080 2061 2661 2681 2081 
1326 2061 2661 2681 2081 2062 2662 2682 2082 
1327 2062 2662 2682 2082 2063 2663 2683 2083 
1328 2063 2663 2683 2083 2064 2664 2684 2084 
1329 2064 2664 2684 2084 2065 2665 2685 2085 
1330 2065 2665 2685 2085 2066 2666 2686 2086 
1331 2066 2666 2686 2086 2067 2667 2687 2087 
1332 2067 2667 2687 2087 2068 2668 2688 2088 
1333 2068 2668 2688 2088 2069 2669 2689 2089 
1334 2069 2669 2689 2089 2070 2670 2690 2090 
1335 2070 2670 2690 2090 2071 2671 2691 2091 
1336 2071 2671 2691 2091 2072 2672 2692 2092 
1337 2072 2672 2692 2092 627 657 658 628 
1338 12 13 107 101 443 463 1853 1733 
1339 443 463 1853 1733 444 464 1854 1734 
1340 444 464 1854 1734 445 465 1855 1735 
1341 445 465 1855 1735 446 466 1856 1736 
1342 446 466 1856 1736 447 467 1857 1737 
1343 447 467 1857 1737 448 468 1858 1738 
1344 448 468 1858 1738 449 469 1859 1739 
1345 449 469 1859 1739 450 470 1860 1740 
1346 450 470 1860 1740 451 471 1861 1741 
1347 451 471 1861 1741 452 472 1862 1742 
1348 452 472 1862 1742 453 473 1863 1743 
1349 453 473 1863 1743 454 474 1864 1744 
1350 454 474 1864 1744 455 475 1865 1745 
1351 455 475 1865 1745 456 476 1866 1746 
1352 456 476 1866 1746 457 477 1867 1747 
1353 457 477 1867 1747 458 478 1868 1748 
1354 458 478 1868 1748 459 479 1869 1749 
1355 459 479 1869 1749 460 480 1870 1750 
1356 460 480 1870 1750 461 481 1871 1751 
1357 461 481 1871 1751 462 482 1872 1752 
1358 462 482 1872 1752 47 48 617 611 
1359 101 107 108 102 1733 1853 1873 1753 
1360 1733 1853 1873 1753 1734 1854 1874 1754 
1361 1734 1854 1874 1754 1735 1855 1875 1755 
1362 1735 1855 1875 1755 1736 1856 1876 1756 
1363 1736 1856 1876 1756 1737 1857 1877 1757 
1364 1737 1857 1877 1757 1738 1858 1878 1758 
1365 1738 1858 1878 1758 1739 1859 1879 1759 
1366 1739 1859 1879 1759 1740 1860 1880 1760 
1367 1740 1860 1880 1760 1741 1861 1881 1761 
1368 1741 1861 1881 1761 1742 1862 1882 1762 
1369 1742 1862 1882 1762 1743 1863 1883 1763 
1370 1743 1863 1883 1763 1744 1864 1884 1764 
1371 1744 1864 1884 1764 1745 1865 1885 1765 
1372 1745 1865 1885 1765 1746 1866 1886 1766 
1373 1746 1866 1886 1766 1747 1867 1887 1767 
1374 1747 1867 1887 1767 1748 1868 1888 1768 
1375 1748 1868 1888 1768 1749 1869 1889 1769 
1376 1749 1869 1889 1769 1750 1870 1890 1770 
1377 1750 1870 1890 1770 1751 1871 1891 1771 
1378 1751 1871 1891 1771 1752 1872 1892 1772 
1379 1752 1872 1892 1772 611 617 618 612 
1380 102 108 109 103 1753 1873 1893 1773 
1381 1753 1873 1893 1773 1754 1874 1894 1774 
1382 1754 1874 1894 1774 1755 1875 1895 1775 
1383 1755 1875 1895 1775 1756 1876 1896 1776 
1384 1756 1876 1896 1776 1757 1877 1897 1777 
1385 1757 1877 1897 1777 1758 1878 1898 1778 
1386 1758 1878 1898 1778 1759 1879 1899 1779 
1387 1759 1879 1899 1779 1760 1880 1900 1780 
1388 1760 1880 1900 1780 1761 1881 1901 1781 
1389 1761 1881 1901 1781 1762 1882 1902 1782 
1390 1762 1882 1902 1782 1763 1883 1903 1783 
1391 1763 1883 1903 1783 1764 1884 1904 1784 
1392 1764 1884 1904 1784 1765 1885 1905 1785 
1393 1765 1885 1905 1785 1766 1886 1906 1786 
1394 1766 1886 1906 1786 1767 1887 1907 1787 
1395 1767 1887 1907 1787 1768 1888 1908 1788 
1396 1768 1888 1908 1788 1769 1889 1909 1789 
1397 1769 1889 1909 1789 1770 1890 1910 1790 
1398 1770 1890 1910 1790 1771 1891 1911 1791 
1399 1771 1891 1911 1791 1772 1892 1912 1792 
1400 1772 1892 1912 1792 612 618 619 613 
1401 103 109 110 104 1773 1893 1913 1793 
1402 1773 1893 1913 1793 1774 1894 1914 1794 
1403 1774 1894 1914 1794 1775 1895 1915 1795 
1404 1775 1895 1915 1795 1776 1896 1916 1796 
1405 1776 1896 1916 1796 1777 1897 1917 1797 
1406 1777 1897 1917 1797 1778 1898 1918 1798 
1407 1778 1898 1918 1798 1779 1899 1919 1799 
1408 1779 1899 1919 1799 1780 1900 1920 1800 
1409 1780 1900 1920 1800 1781 1901 1921 1801 
1410 1781 1901 1921 1801 1782 1902 1922 1802 
1411 1782 1902 1922 1802 1783 1903 1923 1803 
1412 1783 1903 1923 1803 1784 1904 1924 1804 
1413 1784 1904 1924 1804 1785 1905 1925 1805 
1414 1785 1905 1925 1805 1786 1906 1926 1806 
1415 1786 1906 1926 1806 1787 1907 1927 1807 
1416 1787 1907 1927 1807 1788 1908 1928 1808 
1417 1788 1908 1928 1808 1789 1909 1929 1809 
1418 1789 1909 1929 1809 1790 1910 1930 1810 
1419 1790 1910 1930 1810 1791 1911 1931 1811 
1420 1791 1911 1931 1811 1792 1912 1932 1812 
1421 1792 1912 1932 1812 613 619 620 614 
1422 104 110 111 105 1793 1913 1933 1813 
1423 1793 1913 1933 1813 1794 1914 1934 1814 
1424 1794 1914 1934 1814 1795 1915 1935 1815 
1425 1795 1915 1935 1815 1796 1916 1936 1816 
1426 1796 1916 1936 1816 1797 1917 1937 1817 
1427 1797 1917 1937 1817 1798 1918 1938 1818 
1428 1798 1918 1938 1818 1799 1919 1939 1819 
1429 1799 1919 1939 1819 1800 1920 1940 1820 
1430 1800 1920 1940 1820 1801 1921 1941 1821 
1431 1801 1921 1941 1821 1802 1922 1942 1822 
1432 1802 1922 1942 1822 1803 1923 1943 1823 
1433 1803 1923 1943 1823 1804 1924 1944 1824 
1434 1804 1924 1944 1824 1805 1925 1945 1825 
1435 1805 1925 1945 1825 1806 1926 1946 1826 
1436 1806 1926 1946 1826 1807 1927 1947 1827 
1437 1807 1927 1947 1827 1808 1928 1948 1828 
1438 1808 1928 1948 1828 1809 1929 1949 1829 
1439 1809 1929 1949 1829 1810 1930 1950 1830 
1440 1810 1930 1950 1830 1811 1931 1951 1831 
1441 1811 1931 1951 1831 1812 1932 1952 1832 
1442 1812 1932 1952 1832 614 620 621 615 
1443 105 111 112 106 1813 1933 1953 1833 
1444 1813 1933 1953 1833 1814 1934 1954 1834 
1445 1814 1934 1954 1834 1815 1935 1955 1835 
1446 1815 1935 1955 1835 1816 1936 1956 1836 
1447 1816 1936 1956 1836 1817 1937 1957 1837 
1448 1817 1937 1957 1837 1818 1938 1958 1838 
1449 1818 1938 1958 1838 1819 1939 1959 1839 
1450 1819 1939 1959 1839 1820 1940 1960 1840 
1451 1820 1940 1960 1840 1821 1941 1961 1841 
1452 1821 1941 1961 1841 1822 1942 1962 1842 
1453 1822 1942 1962 1842 1823 1943 1963 1843 
1454 1823 1943 1963 1843 1824 1944 1964 1844 
1455 1824 1944 1964 1844 1825 1945 1965 1845 
1456 1825 1945 1965 1845 1826 1946 1966 1846 
1457 1826 1946 1966 1846 1827 1947 1967 1847 
1458 1827 1947 1967 1847 1828 1948 1968 1848 
1459 1828 1948 1968 1848 1829 1949 1969 1849 
1460 1829 1949 1969 1849 1830 1950 1970 1850 
1461 1830 1950 1970 1850 1831 1951 1971 1851 
1462 1831 1951 1971 1851 1832 1952 1972 1852 
1463 1832 1952 1972 1852 615 621 622 616 
1464 11 12 101 95 423 443 1733 1613 
1465 423 443 1733 1613 424 444 1734 1614 
1466 424 444 1734 1614 425 445 1735 1615 
1467 425 445 1735 1615 426 446 1736 1616 
1468 426 446 1736 1616 427 447 1737 1617 
1469 427 447 1737 1617 428 448 1738 1618 
1470 428 448 1738 1618 429 449 1739 1619 
1471 429 449 1739 1619 430 450 1740 1620 
1472 430 450 1740 1620 431 451 1741 1621 
1473 431 451 1741 1621 432 452 1742 1622 
1474 432 452 1742 1622 433 453 1743 1623 
1475 433 453 1743 1623 434 454 1744 1624 
1476 434 454 1744 1624 435 455 1745 1625 
1477 435 455 1745 1625 436 456 1746 1626 
1478 436 456 1746 1626 437 457 1747 1627 
1479 437 457 1747 1627 438 458 1748 1628 
1480 438 458 1748 1628 439 459 1749 1629 
1481 439 459 1749 1629 440 460 1750 1630 
1482 440 460 1750 1630 441 461 1751 1631 
1483 441 461 1751 1631 442 462 1752 1632 
1484 442 462 1752 1632 46 47 611 605 
1485 95 101 102 96 1613 1733 1753 1633 
1486 1613 1733 1753 1633 1614 1734 1754 1634 
1487 1614 1734 1754 1634 1615 1735 1755 1635 
1488 1615 1735 1755 1635 1616 1736 1756 1636 
1489 1616 1736 1756 1636 1617 1737 1757 1637 
1490 1617 1737 1757 1637 1618 1738 1758 1638 
1491 1618 1738 1758 1638 1619 1739 1759 1639 
1492 1619 1739 1759 1639 1620 1740 1760 1640 
1493 1620 1740 1760 1640 1621 1741 1761 1641 
1494 1621 1741 1761 1641 1622 1742 1762 1642 
1495 1622 1742 1762 1642 1623 1743 1763 1643 
1496 1623 1743 1763 1643 1624 1744 1764 1644 
1497 1624 1744 1764 1644 1625 1745 1765 1645 
1498 1625 1745 1765 1645 1626 1746 1766 1646 
1499 1626 1746 1766 1646 1627 1747 1767 1647 
1500 1627 1747 1767 1647 1628 1748 1768 1648 
1501 1628 1748 1768 1648 1629 1749 1769 1649 
1502 1629 1749 1769 1649 1630 1750 1770 1650 
1503 1630 1750 1770 1650 1631 1751 1771 1651 
1504 1631 1751 1771 1651 1632 1752 1772 1652 
1505 1632 1752 1772 1652 605 611 612 606 
1506 96 102 103 97 1633 1753 1773 1653 
1507 1633 1753 1773 1653 1634 1754 1774 1654 
1508 1634 1754 1774 1654 1635 1755 1775 1655 
1509 1635 1755 1775 1655 1636 1756 1776 1656 
1510 1636 1756 1776 1656 1637 1757 1777 1657 
1511 1637 1757 1777 1657 1638 1758 1778 1658 
1512 1638 1758 1778 1658 1639 1759 1779 1659 
1513 1639 1759 1779 1659 1640 1760 1780 1660 
1514 1640 1760 1780 1660 1641 1761 1781 1661 
1515 1641 1761 1781 1661 1642 1762 1782 1662 
1516 1642 1762 1782 1662 1643 1763 1783 1663 
1517 1643 1763 1783 1663 1644 1764 1784 1664 
1518 1644 1764 1784 1664 1645 1765 1785 1665 
1519 1645 1765 1785 1665 1646 1766 1786 1666 
1520 1646 1766 1786 1666 1647 1767 1787 1667 
1521 1647 1767 1787 1667 1648 1768 1788 1668 
1522 1648 1768 1788 1668 1649 1769 1789 1669 
1523 1649 1769 1789 1669 1650 1770 1790 1670 
1524 1650 1770 1790 1670 1651 1771 1791 1671 
1525 1651 1771 1791 1671 1652 1772 1792 1672 
1526 1652 1772 1792 1672 606 612 613 607 
1527 97 103 104 98 1653 1773 1793 1673 
1528 1653 1773 1793 1673 1654 1774 1794 1674 
1529 1654 1774 1794 1674 1655 1775 1795 1675 
1530 1655 1775 1795 1675 1656 1776 1796 1676 
1531 1656 1776 1796 1676 1657 1777 1797 1677 
1532 1657 1777 1797 1677 1658 1778 1798 1678 
1533 1658 1778 1798 1678 1659 1779 1799 1679 
1534 1659 1779 1799 1679 1660 1780 1800 1680 
1535 1660 1780 1800 1680 1661 1781 1801 1681 
1536 1661 1781 1801 1681 1662 1782 1802 1682 
1537 1662 1782 1802 1682 1663 1783 1803 1683 
1538 1663 1783 1803 1683 1664 1784 1804 1684 
1539 1664 1784 1804 1684 1665 1785 1805 1685 
1540 1665 1785 1805 1685 1666 1786 1806 1686 
1541 1666 1786 1806 1686 1667 1787 1807 1687 
1542 1667 1787 1807 1687 1668 1788 1808 1688 
1543 1668 1788 1808 1688 1669 1789 1809 1689 
1544 1669 1789 1809 1689 1670 1790 1810 1690 
1545 1670 1790 1810 1690 1671 1791 1811 1691 
1546 1671 1791 1811 1691 1672 1792 1812 1692 
1547 1672 1792 1812 1692 607 613 614 608 
1548 98 104 105 99 1673 1793 1813 1693 
1549 1673 1793 1813 1693 1674 1794 1814 1694 
1550 1674 1794 1814 1694 1675 1795 1815 1695 
1551 1675 1795 1815 1695 1676 1796 1816 1696 
1552 1676 1796 1816 1696 1677 1797 1817 1697 
1553 1677 1797 1817 1697 1678 1798 1818 1698 
1554 1678 1798 1818 1698 1679 1799 1819 1699 
1555 1679 1799 1819 1699 1680 1800 1820 1700 
1556 1680 1800 1820 1700 1681 1801 1821 1701 
1557 1681 1801 1821 1701 1682 1802 1822 1702 
1558 1682 1802 1822 1702 1683 1803 1823 1703 
1559 1683 1803 1823 1703 1684 1804 1824 1704 
1560 1684 1804 1824 1704 1685 1805 1825 1705 
1561 1685 1805 1825 1705 1686 1806 1826 1706 
1562 1686 1806 1826 1706 1687 1807 1827 1707 
1563 1687 1807 1827 1707 1688 1808 1828 1708 
1564 1688 1808 1828 1708 1689 1809 1829 1709 
1565 1689 1809 1829 1709 1690 1810 1830 1710 
1566 1690 1810 1830 1710 1691 1811 1831 1711 
1567 1691 1811 1831 1711 1692 1812 1832 1712 
1568 1692 1812 1832 1712 608 614 615 609 
1569 99 105 106 100 1693 1813 1833 1713 
1570 1693 1813 1833 1713 1694 1814 1834 1714 
1571 1694 1814 1834 1714 1695 1815 1835 1715 
1572 1695 1815 1835 1715 1696 1816 1836 1716 
1573 1696 1816 1836 1716 1697 1817 1837 1717 
1574 1697 1817 1837 1717 1698 1818 1838 1718 
1575 1698 1818 1838 1718 1699 1819 1839 1719 
1576 1699 1819 1839 1719 1700 1820 1840 1720 
1577 1700 1820 1840 1720 1701 1821 1841 1721 
1578 1701 1821 1841 1721 1702 1822 1842 1722 
1579 1702 1822 1842 1722 1703 1823 1843 1723 
1580 1703 1823 1843 1723 1704 1824 1844 1724 
1581 1704 1824 1844 1724 1705 1825 1845 1725 
1582 1705 1825 1845 1725 1706 1826 1846 1726 
1583 1706 1826 1846 1726 1707 1827 1847 1727 
1584 1707 1827 1847 1727 1708 1828 1848 1728 
1585 1708 1828 1848 1728 1709 1829 1849 1729 
1586 1709 1829 1849 1729 1710 1830 1850 1730 
1587 1710 1830 1850 1730 1711 1831 1851 1731 
1588 1711 1831 1851 1731 1712 1832 1852 1732 
1589 1712 1832 1852 1732 609 615 616 610 
1590 10 11 95 77 403 423 1613 1253 
1591 403 423 1613 1253 404 424 1614 1254 
1592 404 424 1614 1254 405 425 1615 1255 
1593 405 425 1615 1255 406 426 1616 1256 
1594 406 426 1616 1256 407 427 1617 1257 
1595 407 427 1617 1257 408 428 1618 1258 
1596 408 428 1618 1258 409 429 1619 1259 
1597 409 429 1619 1259 410 430 1620 1260 
1598 410 430 1620 1260 411 431 1621 1261 
1599 411 431 1621 1261 412 432 1622 1262 
1600 412 432 1622 1262 413 433 1623 1263 
1601 413 433 1623 1263 414 434 1624 1264 
1602 414 434 1624 1264 415 435 1625 1265 
1603 415 435 1625 1265 416 436 1626 1266 
1604 416 436 1626 1266 417 437 1627 1267 
1605 417 437 1627 1267 418 438 1628 1268 
1606 418 438 1628 1268 419 439 1629 1269 
1607 419 439 1629 1269 420 440 1630 1270 
1608 420 440 1630 1270 421 441 1631 1271 
1609 421 441 1631 1271 422 442 1632 1272 
1610 422 442 1632 1272 45 46 605 587 
1611 77 95 96 78 1253 1613 1633 1273 
1612 1253 1613 1633 1273 1254 1614 1634 1274 
1613 1254 1614 1634 1274 1255 1615 1635 1275 
1614 1255 1615 1635 1275 1256 1616 1636 1276 
1615 1256 1616 1636 1276 1257 1617 1637 1277 
1616 1257 1617 1637 1277 1258 1618 1638 1278 
1617 1258 1618 1638 1278 1259 1619 1639 1279 
1618 1259 1619 1639 1279 1260 1620 1640 1280 
1619 1260 1620 1640 1280 1261 1621 1641 1281 
1620 1261 1621 1641 1281 1262 1622 1642 1282 
1621 1262 1622 1642 1282 1263 1623 1643 1283 
1622 1263 1623 1643 1283 1264 1624 1644 1284 
1623 1264 1624 1644 1284 1265 1625 1645 1285 
1624 1265 1625 1645 1285 1266 1626 1646 1286 
1625 1266 1626 1646 1286 1267 1627 1647 1287 
1626 1267 1627 1647 1287 1268 1628 1648 1288 
1627 1268 1628 1648 1288 1269 1629 1649 1289 
1628 1269 1629 1649 1289 1270 1630 1650 1290 
1629 1270 1630 1650 1290 1271 1631 1651 1291 
1630 1271 1631 1651 1291 1272 1632 1652 1292 
1631 1272 1632 1652 1292 587 605 606 588 
1632 78 96 97 79 1273 1633 1653 1293 
1633 1273 1633 1653 1293 1274 1634 1654 1294 
1634 1274 1634 1654 1294 1275 1635 1655 1295 
1635 1275 1635 1655 1295 1276 1636 1656 1296 
1636 1276 1636 1656 1296 1277 1637 1657 1297 
1637 1277 1637 1657 1297 1278 1638 1658 1298 
1638 1278 1638 1658 1298 1279 1639 1659 1299 
1639 1279 1639 1659 1299 1280 1640 1660 1300 
1640 1280 1640 1660 1300 1281 1641 1661 1301 
1641 1281 1641 1661 1301 1282 1642 1662 1302 
1642 1282 1642 1662 1302 1283 1643 1663 1303 
1643 1283 1643 1663 1303 1284 1644 1664 1304 
1644 1284 1644 1664 1304 1285 1645 1665 1305 
1645 1285 1645 1665 1305 1286 1646 1666 1306 
1646 1286 1646 1666 1306 1287 1647 1667 1307 
1647 1287 1647 1667 1307 1288 1648 1668 1308 
1648 1288 1648 1668 1308 1289 1649 1669 1309 
1649 1289 1649 1669 1309 1290 1650 1670 1310 
1650 1290 1650 1670 1310 1291 1651 1671 1311 
1651 1291 1651 1671 1311 1292 1652 1672 1312 
1652 1292 1652 1672 1312 588 606 607 589 
1653 79 97 98 80 1293 1653 1673 1313 
1654 1293 1653 1673 1313 1294 1654 1674 1314 
1655 1294 1654 1674 1314 1295 1655 1675 1315 
1656 1295 1655 1675 1315 1296 1656 1676 1316 
1657 1296 1656 1676 1316 1297 1657 1677 1317 
1658 1297 1657 1677 1317 1298 1658 1678 1318 
1659 1298 1658 1678 1318 1299 1659 1679 1319 
1660 1299 1659 1679 1319 1300 1660 1680 1320 
1661 1300 1660 1680 1320 1301 1661 1681 1321 
1662 1301 1661 1681 1321 1302 1662 1682 1322 
1663 1302 1662 1682 1322 1303 1663 1683 1323 
1664 1303 1663 1683 1323 1304 1664 1684 1324 
1665 1304 1664 1684 1324 1305 1665 1685 1325 
1666 1305 1665 1685 1325 1306 1666 1686 1326 
1667 1306 1666 1686 1326 1307 1667 1687 1327 
1668 1307 1667 1687 1327 1308 1668 1688 1328 
1669 1308 1668 1688 1328 1309 1669 1689 1329 
1670 1309 1669 1689 1329 1310 1670 1690 1330 
1671 1310 1670 1690 1330 1311 1671 1691 1331 
1672 1311 1671 1691 1331 1312 1672 1692 1332 
1673 1312 1672 1692 1332 589 607 608 590 
1674 80 98 99 81 1313 1673 1693 1333 
1675 1313 1673 1693 1333 1314 1674 1694 1334 
1676 1314 1674 1694 1334 1315 1675 1695 1335 
1677 1315 1675 1695 1335 1316 1676 1696 1336 
1678 1316 1676 1696 1336 1317 1677 1697 1337 
1679 1317 1677 1697 1337 1318 1678 1698 1338 
1680 1318 1678 1698 1338 1319 1679 1699 1339 
1681 1319 1679 1699 1339 1320 1680 1700 1340 
1682 1320 1680 1700 1340 1321 1681 1701 1341 
1683 1321 1681 1701 1341 1322 1682 1702 1342 
1684 1322 1682 1702 1342 1323 1683 1703 1343 
1685 1323 1683 1703 1343 1324 1684 1704 1344 
1686 1324 1684 1704 1344 1325 1685 1705 1345 
1687 1325 1685 1705 1345 1326 1686 1706 1346 
1688 1326 1686 1706 1346 1327 1687 1707 1347 
1689 1327 1687 1707 1347 1328 1688 1708 1348 
1690 1328 1688 1708 1348 1329 1689 1709 1349 
1691 1329 1689 1709 1349 1330 1690 1710 1350 
1692 1330 1690 1710 1350 1331 1691 1711 1351 
1693 1331 1691 1711 1351 1332 1692 1712 1352 
1694 1332 1692 1712 1352 590 608 609 591 
1695 81 99 100 82 1333 1693 1713 1353 
1696 1333 1693 1713 1353 1334 1694 1714 1354 
1697 1334 1694 1714 1354 1335 1695 1715 1355 
1698 1335 1695 1715 1355 1336 1696 1716 1356 
1699 1336 1696 1716 1356 1337 1697 1717 1357 
1700 1337 1697 1717 1357 1338 1698 1718 1358 
1701 1338 1698 1718 1358 1339 1699 1719 1359 
1702 1339 1699 1719 1359 1340 1700 1720 1360 
1703 1340 1700 1720 1360 1341 1701 1721 1361 
1704 1341 1701 1721 1361 1342 1702 1722 1362 
1705 1342 1702 1722 1362 1343 1703 1723 1363 
1706 1343 1703 1723 1363 1344 1704 1724 1364 
1707 1344 1704 1724 1364 1345 1705 1725 1365 
1708 1345 1705 1725 1365 1346 1706 1726 1366 
1709 1346 1706 1726 1366 1347 1707 1727 1367 
1710 1347 1707 1727 1367 1348 1708 1728 1368 
1711 1348 1708 1728 1368 1349 1709 1729 1369 
1712 1349 1709 1729 1369 1350 1710 1730 1370 
1713 1350 1710 1730 1370 1351 1711 1731 1371 
1714 1351 1711 1731 1371 1352 1712 1732 1372 
1715 1352 1712 1732 1372 591 609 610 592 
1716 7 8 131 119 343 363 2333 2093 
1717 343 363 2333 2093 344 364 2334 2094 
1718 344 364 2334 2094 345 365 2335 2095 
1719 345 365 2335 2095 346 366 2336 2096 
1720 346 366 2336 2096 347 367 2337 2097 
1721 347 367 2337 2097 348 368 2338 2098 
1722 348 368 2338 2098 349 369 2339 2099 
1723 349 369 2339 2099 350 370 2340 2100 
1724 350 370 2340 2100 351 371 2341 2101 
1725 351 371 2341 2101 352 372 2342 2102 
1726 352 372 2342 2102 353 373 2343 2103 
1727 353 373 2343 2103 354 374 2344 2104 
1728 354 374 2344 2104 355 375 2345 2105 
1729 355 375 2345 2105 356 376 2346 2106 
1730 356 376 2346 2106 357 377 2347 2107 
1731 357 377 2347 2107 358 378 2348 2108 
1732 358 378 2348 2108 359 379 2349 2109 
1733 359 379 2349 2109 360 380 2350 2110 
1734 360 380 2350 2110 361 381 2351 2111 
1735 361 381 2351 2111 362 382 2352 2112 
1736 362 382 2352 2112 42 43 641 629 
1737 119 131 132 120 2093 2333 2353 2113 
1738 2093 2333 2353 2113 2094 2334 2354 2114 
1739 2094 2334 2354 2114 2095 2335 2355 2115 
1740 2095 2335 2355 2115 2096 2336 2356 2116 
1741 2096 2336 2356 2116 2097 2337 2357 2117 
1742 2097 2337 2357 2117 2098 2338 2358 2118 
1743 2098 2338 2358 2118 2099 2339 2359 2119 
1744 2099 2339 2359 2119 2100 2340 2360 2120 
1745 2100 2340 2360 2120 2101 2341 2361 2121 
1746 2101 2341 2361 2121 2102 2342 2362 2122 
1747 2102 2342 2362 2122 2103 2343 2363 2123 
1748 2103 2343 2363 2123 2104 2344 2364 2124 
1749 2104 2344 2364 2124 2105 2345 2365 2125 
1750 2105 2345 2365 2125 2106 2346 2366 2126 
1751 2106 2346 2366 2126 2107 2347 2367 2127 
1752 2107 2347 2367 2127 2108 2348 2368 2128 
1753 2108 2348 2368 2128 2109 2349 2369 2129 
1754 2109 2349 2369 2129 2110 2350 2370 2130 
1755 2110 2350 2370 2130 2111 2351 2371 2131 
1756 2111 2351 2371 2131 2112 2352 2372 2132 
1757 2112 2352 2372 2132 629 641 642 630 
1758 120 132 133 121 2113 2353 2373 2133 
1759 2113 2353 2373 2133 2114 2354 2374 2134 
1760 2114 2354 2374 2134 2115 2355 2375 2135 
1761 2115 2355 2375 2135 2116 2356 2376 2136 
1762 2116 2356 2376 2136 2117 2357 2377 2137 
1763 2117 2357 2377 2137 2118 2358 2378 2138 
1764 2118 2358 2378 2138 2119 2359 2379 2139 
1765 2119 2359 2379 2139 2120 2360 2380 2140 
1766 2120 2360 2380 2140 2121 2361 2381 2141 
1767 2121 2361 2381 2141 2122 2362 2382 2142 
1768 2122 2362 2382 2142 2123 2363 2383 2143 
1769 2123 2363 2383 2143 2124 2364 2384 2144 
1770 2124 2364 2384 2144 2125 2365 2385 2145 
1771 2125 2365 2385 2145 2126 2366 2386 2146 
1772 2126 2366 2386 2146 2127 2367 2387 2147 
1773 2127 2367 2387 2147 2128 2368 2388 2148 
1774 2128 2368 2388 2148 2129 2369 2389 2149 
1775 2129 2369 2389 2149 2130 2370 2390 2150 
1776 2130 2370 2390 2150 2131 2371 2391 2151 
1777 2131 2371 2391 2151 2132 2372 2392 2152 
1778 2132 2372 2392 2152 630 642 643 631 
1779 121 133 134 122 2133 2373 2393 2153 
1780 2133 2373 2393 2153 2134 2374 2394 2154 
1781 2134 2374 2394 2154 2135 2375 2395 2155 
1782 2135 2375 2395 2155 2136 2376 2396 2156 
1783 2136 2376 2396 2156 2137 2377 2397 2157 
1784 2137 2377 2397 2157 2138 2378 2398 2158 
1785 2138 2378 2398 2158 2139 2379 2399 2159 
1786 2139 2379 2399 2159 2140 2380 2400 2160 
1787 2140 2380 2400 2160 2141 2381 2401 2161 
1788 2141 2381 2401 2161 2142 2382 2402 2162 
1789 2142 2382 2402 2162 2143 2383 2403 2163 
1790 2143 2383 2403 2163 2144 2384 2404 2164 
1791 2144 2384 2404 2164 2145 2385 2405 2165 
1792 2145 2385 2405 2165 2146 2386 2406 2166 
1793 2146 2386 2406 2166 2147 2387 2407 2167 
1794 2147 2387 2407 2167 2148 2388 2408 2168 
1795 2148 2388 2408 2168 2149 2389 2409 2169 
1796 2149 2389 2409 2169 2150 2390 2410 2170 
1797 2150 2390 2410 2170 2151 2391 2411 2171 
1798 2151 2391 2411 2171 2152 2392 2412 2172 
1799 2152 2392 2412 2172 631 643 644 632 
1800 122 134 135 123 2153 2393 2413 2173 
1801 2153 2393 2413 2173 2154 2394 2414 2174 
1802 2154 2394 2414 2174 2155 2395 2415 2175 
1803 2155 2395 2415 2175 2156 2396 2416 2176 
1804 2156 2396 2416 2176 2157 2397 2417 2177 
1805 2157 2397 2417 2177 2158 2398 2418 2178 
1806 2158 2398 2418 2178 2159 2399 2419 2179 
1807 2159 2399 2419 2179 2160 2400 2420 2180 
1808 2160 2400 2420 2180 2161 2401 2421 2181 
1809 2161 2401 2421 2181 2162 2402 2422 2182 
1810 2162 2402 2422 2182 2163 2403 2423 2183 
1811 2163 2403 2423 2183 2164 2404 2424 2184 
1812 2164 2404 2424 2184 2165 2405 2425 2185 
1813 2165 2405 2425 2185 2166 2406 2426 2186 
1814 2166 2406 2426 2186 2167 2407 2427 2187 
1815 2167 2407 2427 2187 2168 2408 2428 2188 
1816 2168 2408 2428 2188 2169 2409 2429 2189 
1817 2169 2409 2429 2189 2170 2410 2430 2190 
1818 2170 2410 2430 2190 2171 2411 2431 2191 
1819 2171 2411 2431 2191 2172 2412 2432 2192 
1820 2172 2412 2432 2192 632 644 645 633 
1821 123 135 136 124 2173 2413 2433 2193 
1822 2173 2413 2433 2193 2174 2414 2434 2194 
1823 2174 2414 2434 2194 2175 2415 2435 2195 
1824 2175 2415 2435 2195 2176 2416 2436 2196 
1825 2176 2416 2436 2196 2177 2417 2437 2197 
1826 2177 2417 2437 2197 2178 2418 2438 2198 
1827 2178 2418 2438 2198 2179 2419 2439 2199 
1828 2179 2419 2439 2199 2180 2420 2440 2200 
1829 2180 2420 2440 2200 2181 2421 2441 2201 
1830 2181 2421 2441 2201 2182 2422 2442 2202 
1831 2182 2422 2442 2202 2183 2423 2443 2203 
1832 2183 2423 2443 2203 2184 2424 2444 2204 
1833 2184 2424 2444 2204 2185 2425 2445 2205 
1834 2185 2425 2445 2205 2186 2426 2446 2206 
1835 2186 2426 2446 2206 2187 2427 2447 2207 
1836 2187 2427 2447 2207 2188 2428 2448 2208 
1837 2188 2428 2448 2208 2189 2429 2449 2209 
1838 2189 2429 2449 2209 2190 2430 2450 2210 
1839 2190 2430 2450 2210 2191 2431 2451 2211 
1840 2191 2431 2451 2211 2192 2432 2452 2212 
1841 2192 2432 2452 2212 633 645 646 634 
1842 8 9 83 131 363 383 1373 2333 
1843 363 383 1373 2333 364 384 1374 2334 
1844 364 384 1374 2334 365 385 1375 2335 
1845 365 385 1375 2335 366 386 1376 2336 
1846 366 386 1376 2336 367 387 1377 2337 
1847 367 387 1377 2337 368 388 1378 2338 
1848 368 388 1378 2338 369 389 1379 2339 
1849 369 389 1379 2339 370 390 1380 2340 
1850 370 390 1380 2340 371 391 1381 2341 
1851 371 391 1381 2341 372 392 1382 2342 
1852 372 392 1382 2342 373 393 1383 2343 
1853 373 393 1383 2343 374 394 1384 2344 
1854 374 394 1384 2344 375 395 1385 2345 
1855 375 395 1385 2345 376 396 1386 2346 
1856 376 396 1386 2346 377 397 1387 2347 
1857 377 397 1387 2347 378 398 1388 2348 
1858 378 398 1388 2348 379 399 1389 2349 
1859 379 399 1389 2349 380 400 1390 2350 
1860 380 400 1390 2350 381 401 1391 2351 
1861 381 401 1391 2351 382 402 1392 2352 
1862 382 402 1392 2352 43 44 593 641 
1863 131 83 84 132 2333 1373 1393 2353 
1864 2333 1373 1393 2353 2334 1374 1394 2354 
1865 2334 1374 1394 2354 2335 1375 1395 2355 
1866 2335 1375 1395 2355 2336 1376 1396 2356 
1867 2336 1376 1396 2356 2337 1377 1397 2357 
1868 2337 1377 1397 2357 2338 1378 1398 2358 
1869 2338 1378 1398 2358 2339 1379 1399 2359 
1870 2339 1379 1399 2359 2340 1380 1400 2360 
1871 2340 1380 1400 2360 2341 1381 1401 2361 
1872 2341 1381 1401 2361 2342 1382 1402 2362 
1873 2342 1382 1402 2362 2343 1383 1403 2363 
1874 2343 1383 1403 2363 2344 1384 1404 2364 
1875 2344 1384 1404 2364 2345 1385 1405 2365 
1876 2345 1385 1405 2365 2346 1386 1406 2366 
1877 2346 1386 1406 2366 2347 1387 1407 2367 
1878 2347 1387 1407 2367 2348 1388 1408 2368 
1879 2348 1388 1408 2368 2349 1389 1409 2369 
1880 2349 1389 1409 2369 2350 1390 1410 2370 
1881 2350 1390 1410 2370 2351 1391 1411 2371 
1882 2351 1391 1411 2371 2352 1392 1412 2372 
1883 2352 1392 1412 2372 641 593 594 642 
1884 132 84 85 133 2353 1393 1413 2373 
1885 2353 1393 1413 2373 2354 1394 1414 2374 
1886 2354 1394 1414 2374 2355 1395 1415 2375 
1887 2355 1395 1415 2375 2356 1396 1416 2376 
1888 2356 1396 1416 2376 2357 1397 1417 2377 
1889 2357 1397 1417 2377 2358 1398 1418 2378 
1890 2358 1398 1418 2378 2359 1399 1419 2379 
1891 2359 1399 1419 2379 2360 1400 1420 2380 
1892 2360 1400 1420 2380 2361 1401 1421 2381 
1893 2361 1401 1421 2381 2362 1402 1422 2382 
1894 2362 1402 1422 2382 2363 1403 1423 2383 
1895 2363 1403 1423 2383 2364 1404 1424 2384 
1896 2364 1404 1424 2384 2365 1405 1425 2385 
1897 2365 1405 1425 2385 2366 1406 1426 2386 
1898 2366 1406 1426 2386 2367 1407 1427 2387 
1899 2367 1407 1427 2387 2368 1408 1428 2388 
1900 2368 1408 1428 2388 2369 1409 1429 2389 
1901 2369 1409 1429 2389 2370 1410 1430 2390 
1902 2370 1410 1430 2390 2371 1411 1431 2391 
1903 2371 1411 1431 2391 2372 1412 1432 2392 
1904 2372 1412 1432 2392 642 594 595 643 
1905 133 85 86 134 2373 1413 1433 2393 
1906 2373 1413 1433 2393 2374 1414 1434 2394 
1907 2374 1414 1434 2394 2375 1415 1435 2395 
1908 2375 1415 1435 2395 2376 1416 1436 2396 
1909 2376 1416 1436 2396 2377 1417 1437 2397 
1910 2377 1417 1437 2397 2378 1418 1438 2398 
1911 2378 1418 1438 2398 2379 1419 1439 2399 
1912 2379 1419 1439 2399 2380 1420 1440 2400 
1913 2380 1420 1440 2400 2381 1421 1441 2401 
1914 2381 1421 1441 2401 2382 1422 1442 2402 
1915 2382 1422 1442 2402 2383 1423 1443 2403 
1916 2383 1423 1443 2403 2384 1424 1444 2404 
1917 2384 1424 1444 2404 2385 1425 1445 2405 
1918 2385 1425 1445 2405 2386 1426 1446 2406 
1919 2386 1426 1446 2406 2387 1427 1447 2407 
1920 2387 1427 1447 2407 2388 1428 1448 2408 
1921 2388 1428 1448 2408 2389 1429 1449 2409 
1922 2389 1429 1449 2409 2390 1430 1450 2410 
1923 2390 1430 1450 2410 2391 1431 1451 2411 
1924 2391 1431 1451 2411 2392 1432 1452 2412 
1925 2392 1432 1452 2412 643 595 596 644 
1926 134 86 87 135 2393 1433 1453 2413 
1927 2393 1433 1453 2413 2394 1434 1454 2414 
1928 2394 1434 1454 2414 2395 1435 1455 2415 
1929 2395 1435 1455 2415 2396 1436 1456 2416 
1930 2396 1436 1456 2416 2397 1437 1457 2417 
1931 2397 1437 1457 2417 2398 1438 1458 2418 
1932 2398 1438 1458 2418 2399 1439 1459 2419 
1933 2399 1439 1459 2419 2400 1440 1460 2420 
1934 2400 1440 1460 2420 2401 1441 1461 2421 
1935 2401 1441 1461 2421 2402 1442 1462 2422 
1936 2402 1442 1462 2422 2403 1443 1463 2423 
1937 2403 1443 1463 2423 2404 1444 1464 2424 
1938 2404 1444 1464 2424 2405 1445 1465 2425 
1939 2405 1445 1465 2425 2406 1446 1466 2426 
1940 2406 1446 1466 2426 2407 1447 1467 2427 
1941 2407 1447 1467 2427 2408 1448 1468 2428 
1942 2408 1448 1468 2428 2409 1449 1469 2429 
1943 2409 1449 1469 2429 2410 1450 1470 2430 
1944 2410 1450 1470 2430 2411 1451 1471 2431 
1945 2411 1451 1471 2431 2412 1452 1472 2432 
1946 2412 1452 1472 2432 644 596 597 645 
1947 135 87 88 136 2413 1453 1473 2433 
1948 2413 1453 1473 2433 2414 1454 1474 2434 
1949 2414 1454 1474 2434 2415 1455 1475 2435 
1950 2415 1455 1475 2435 2416 1456 1476 2436 
1951 2416 1456 1476 2436 2417 1457 1477 2437 
1952 2417 1457 1477 2437 2418 1458 1478 2438 
1953 2418 1458 1478 2438 2419 1459 1479 2439 
1954 2419 1459 1479 2439 2420 1460 1480 2440 
1955 2420 1460 1480 2440 2421 1461 1481 2441 
1956 2421 1461 1481 2441 2422 1462 1482 2442 
1957 2422 1462 1482 2442 2423 1463 1483 2443 
1958 2423 1463 1483 2443 2424 1464 1484 2444 
1959 2424 1464 1484 2444 2425 1465 1485 2445 
1960 2425 1465 1485 2445 2426 1466 1486 2446 
1961 2426 1466 1486 2446 2427 1467 1487 2447 
1962 2427 1467 1487 2447 2428 1468 1488 2448 
1963 2428 1468 1488 2448 2429 1469 1489 2449 
1964 2429 1469 1489 2449 2430 1470 1490 2450 
1965 2430 1470 1490 2450 2431 1471 1491 2451 
1966 2431 1471 1491 2451 2432 1472 1492 2452 
1967 2432 1472 1492 2452 645 597 598 646 
1968 9 10 77 83 383 403 1253 1373 
1969 383 403 1253 1373 384 404 1254 1374 
1970 384 404 1254 1374 385 405 1255 1375 
1971 385 405 1255 1375 386 406 1256 1376 
1972 386 406 1256 1376 387 407 1257 1377 
1973 387 407 1257 1377 388 408 1258 1378 
1974 388 408 1258 1378 389 409 1259 1379 
1975 389 409 1259 1379 390 410 1260 1380 
1976 390 410 1260 1380 391 411 1261 1381 
1977 391 411 1261 1381 392 412 1262 1382 
1978 392 412 1262 1382 393 413 1263 1383 
1979 393 413 1263 1383 394 414 1264 1384 
1980 394 414 1264 1384 395 415 1265 1385 
1981 395 415 1265 1385 396 416 1266 1386 
1982 396 416 1266 1386 397 417 1267 1387 
1983 397 417 1267 1387 398 418 1268 1388 
1984 398 418 1268 1388 399 419 1269 1389 
1985 399 419 1269 1389 400 420 1270 1390 
1986 400 420 1270 1390 401 421 1271 1391 
1987 401 421 1271 1391 402 422 1272 1392 
1988 402 422 1272 1392 44 45 587 593 
1989 83 77 78 84 1373 1253 1273 1393 
1990 1373 1253 1273 1393 1374 1254 1274 1394 
1991 1374 1254 1274 1394 1375 1255 1275 1395 
1992 1375 1255 1275 1395 1376 1256 1276 1396 
1993 1376 1256 1276 1396 1377 1257 1277 1397 
1994 1377 1257 1277 1397 1378 1258 1278 1398 
1995 1378 1258 1278 1398 1379 1259 1279 1399 
1996 1379 1259 1279 1399 1380 1260 1280 1400 
1997 1380 1260 1280 1400 1381 1261 1281 1401 
1998 1381 1261 1281 1401 1382 1262 1282 1402 
1999 1382 1262 1282 1402 1383 1263 1283 1403 
2000 1383 1263 1283 1403 1384 1264 1284 1404 
2001 1384 1264 1284 1404 1385 1265 1285 1405 
2002 1385 1265 1285 1405 1386 1266 1286 1406 
2003 1386 1266 1286 1406 1387 1267 1287 1407 
2004 1387 1267 1287 1407 1388 1268 1288 1408 
2005 1388 1268 1288 1408 1389 1269 1289 1409 
2006 1389 1269 1289 1409 1390 1270 1290 1410 
2007 1390 1270 1290 1410 1391 1271 1291 1411 
2008 1391 1271 1291 1411 1392 1272 1292 1412 
2009 1392 1272 1292 1412 593 587 588 594 
2010 16 17 89 59 523 543 1493 893 
2011 523 543 1493 893 524 544 1494 894 
2012 524 544 1494 894 525 545 1495 895 
2013 525 545 1495 895 526 546 1496 896 
2014 526 546 1496 896 527 547 1497 897 
2015 527 547 1497 897 528 548 1498 898 
2016 528 548 1498 898 529 549 1499 899 
2017 529 549 1499 899 530 550 1500 900 
2018 530 550 1500 900 531 551 1501 901 
2019 531 551 1501 901 532 552 1502 902 
2020 532 552 1502 902 533 553 1503 903 
2021 533 553 1503 903 534 554 1504 904 
2022 534 554 1504 904 535 555 1505 905 
2023 535 555 1505 905 536 556 1506 906 
2024 536 556 1506 906 537 557 1507 907 
2025 537 557 1507 907 538 558 1508 908 
2026 538 558 1508 908 539 559 1509 909 
2027 539 559 1509 909 540 560 1510 910 
2028 540 560 1510 910 541 561 1511 911 
2029 541 561 1511 911 542 562 1512 912 
2030 542 562 1512 912 51 52 599 569 
2031 59 89 90 60 893 1493 1513 913 
2032 893 1493 1513 913 894 1494 1514 914 
2033 894 1494 1514 914 895 1495 1515 915 
2034 895 1495 1515 915 896 1496 1516 916 
2035 896 1496 1516 916 897 1497 1517 917 
2036 897 1497 1517 917 898 1498 1518 918 
2037 898 1498 1518 918 899 1499 1519 919 
2038 899 1499 1519 919 900 1500 1520 920 
2039 900 1500 1520 920 901 1501 1521 921 
2040 901 1501 1521 921 902 1502 1522 922 
2041 902 1502 1522 922 903 1503 1523 923 
2042 903 1503 1523 923 904 1504 1524 924 
2043 904 1504 1524 924 905 1505 1525 925 
2044 905 1505 1525 925 906 1506 1526 926 
2045 906 1506 1526 926 907 1507 1527 927 
2046 907 1507 1527 927 908 1508 1528 928 
2047 908 1508 1528 928 909 1509 1529 929 
2048 909 1509 1529 929 910 1510 1530 930 
2049 910 1510 1530 930 911 1511 1531 931 
2050 911 1511 1531 931 912 1512 1532 932 
2051 912 1512 1532 932 569 599 600 570 
2052 60 90 91 61 913 1513 1533 933 
2053 913 1513 1533 933 914 1514 1534 934 
2054 914 1514 1534 934 915 1515 1535 935 
2055 915 1515 1535 935 916 1516 1536 936 
2056 916 1516 1536 936 917 1517 1537 937 
2057 917 1517 1537 937 918 1518 1538 938 
2058 918 1518 1538 938 919 1519 1539 939 
2059 919 1519 1539 939 920 1520 1540 940 
2060 920 1520 1540 940 921 1521 1541 941 
2061 921 1521 1541 941 922 1522 1542 942 
2062 922 1522 1542 942 923 1523 1543 943 
2063 923 1523 1543 943 924 1524 1544 944 
2064 924 1524 1544 944 925 1525 1545 945 
2065 925 1525 1545 945 926 1526 1546 946 
2066 926 1526 1546 946 927 1527 1547 947 
2067 927 1527 1547 947 928 1528 1548 948 
2068 928 1528 1548 948 929 1529 1549 949 
2069 929 1529 1549 949 930 1530 1550 950 
2070 930 1530 1550 950 931 1531 1551 951 
2071 931 1531 1551 951 932 1532 1552 952 
2072 932 1532 1552 952 570 600 601 571 
2073 61 91 92 62 933 1533 1553 953 
2074 933 1533 1553 953 934 1534 1554 954 
2075 934 1534 1554 954 935 1535 1555 955 
2076 935 1535 1555 955 936 1536 1556 956 
2077 936 1536 1556 956 937 1537 1557 957 
2078 937 1537 1557 957 938 1538 1558 958 
2079 938 1538 1558 958 939 1539 1559 959 
2080 939 1539 1559 959 940 1540 1560 960 
2081 940 1540 1560 960 941 1541 1561 961 
2082 941 1541 1561 961 942 1542 1562 962 
2083 942 1542 1562 962 943 1543 1563 963 
2084 943 1543 1563 963 944 1544 1564 964 
2085 944 1544 1564 964 945 1545 1565 965 
2086 945 1545 1565 965 946 1546 1566 966 
2087 946 1546 1566 966 947 1547 1567 967 
2088 947 1547 1567 967 948 1548 1568 968 
2089 948 1548 1568 968 949 1549 1569 969 
2090 949 1549 1569 969 950 1550 1570 970 
2091 950 1550 1570 970 951 1551 1571 971 
2092 951 1551 1571 971 952 1552 1572 972 
2093 952 1552 1572 972 571 601 602 572 
2094 62 92 93 63 953 1553 1573 973 
2095 953 1553 1573 973 954 1554 1574 974 
2096 954 1554 1574 974 955 1555 1575 975 
2097 955 1555 1575 975 956 1556 1576 976 
2098 956 1556 1576 976 957 1557 1577 977 
2099 957 1557 1577 977 958 1558 1578 978 
2100 958 1558 1578 978 959 1559 1579 979 
2101 959 1559 1579 979 960 1560 1580 980 
2102 960 1560 1580 980 961 1561 1581 981 
2103 961 1561 1581 981 962 1562 1582 982 
2104 962 1562 1582 982 963 1563 1583 983 
2105 963 1563 1583 983 964 1564 1584 984 
2106 964 1564 1584 984 965 1565 1585 985 
2107 965 1565 1585 985 966 1566 1586 986 
2108 966 1566 1586 986 967 1567 1587 987 
2109 967 1567 1587 987 968 1568 1588 988 
2110 968 1568 1588 988 969 1569 1589 989 
2111 969 1569 1589 989 970 1570 1590 990 
2112 970 1570 1590 990 971 1571 1591 991 
2113 971 1571 1591 991 972 1572 1592 992 
2114 972 1572 1592 992 572 602 603 573 
2115 63 93 94 64 973 1573 1593 993 
2116 973 1573 1593 993 974 1574 1594 994 
2117 974 1574 1594 994 975 1575 1595 995 
2118 975 1575 1595 995 976 1576 1596 996 
2119 976 1576 1596 996 977 1577 1597 997 
2120 977 1577 1597 997 978 1578 1598 998 
2121 978 1578 1598 998 979 1579 1599 999 
2122 979 1579 1599 999 980 1580 1600 1000 
2123 980 1580 1600 1000 981 1581 1601 1001 
2124 981 1581 1601 1001 982 1582 1602 1002 
2125 982 1582 1602 1002 983 1583 1603 1003 
2126 983 1583 1603 1003 984 1584 1604 1004 
2127 984 1584 1604 1004 985 1585 1605 1005 
2128 985 1585 1605 1005 986 1586 1606 1006 
2129 986 1586 1606 1006 987 1587 1607 1007 
2130 987 1587 1607 1007 988 1588 1608 1008 
2131 988 1588 1608 1008 989 1589 1609 1009 
2132 989 1589 1609 1009 990 1590 1610 1010 
2133 990 1590 1610 1010 991 1591 1611 1011 
2134 991 1591 1611 1011 992 1592 1612 1012 
2135 992 1592 1612 1012 573 603 604 574 
2136 17 1 53 89 543 18 773 1493 
2137 543 18 773 1493 544 19 774 1494 
2138 544 19 774 1494 545 20 775 1495 
2139 545 20 775 1495 546 21 776 1496 
2140 546 21 776 1496 547 22 777 1497 
2141 547 22 777 1497 548 23 778 1498 
2142 548 23 778 1498 549 24 779 1499 
2143 549 24 779 1499 550 25 780 1500 
2144 550 25 780 1500 551 26 781 1501 
2145 551 26 781 1501 552 27 782 1502 
2146 552 27 782 1502 553 28 783 1503 
2147 553 28 783 1503 554 29 784 1504 
2148 554 29 784 1504 555 30 785 1505 
2149 555 30 785 1505 556 31 786 1506 
2150 556 31 786 1506 557 32 787 1507 
2151 557 32 787 1507 558 33 788 1508 
2152 558 33 788 1508 559 34 789 1509 
2153 559 34 789 1509 560 35 790 1510 
2154 560 35 790 1510 561 36 791 1511 
2155 561 36 791 1511 562 37 792 1512 
2156 562 37 792 1512 52 2 563 599 
2157 89 53 54 90 1493 773 793 1513 
2158 1493 773 793 1513 1494 774 794 1514 
2159 1494 774 794 1514 1495 775 795 1515 
2160 1495 775 795 1515 1496 776 796 1516 
2161 1496 776 796 1516 1497 777 797 1517 
2162 1497 777 797 1517 1498 778 798 1518 
2163 1498 778 798 1518 1499 779 799 1519 
2164 1499 779 799 1519 1500 780 800 1520 
2165 1500 780 800 1520 1501 781 801 1521 
2166 1501 781 801 1521 1502 782 802 1522 
2167 1502 782 802 1522 1503 783 803 1523 
2168 1503 783 803 1523 1504 784 804 1524 
2169 1504 784 804 1524 1505 785 805 1525 
2170 1505 785 805 1525 1506 786 806 1526 
2171 1506 786 806 1526 1507 787 807 1527 
2172 1507 787 807 1527 1508 788 808 1528 
2173 1508 788 808 1528 1509 789 809 1529 
2174 1509 789 809 1529 1510 790 810 1530 
2175 1510 790 810 1530 1511 791 811 1531 
2176 1511 791 811 1531 1512 792 812 1532 
2177 1512 792 812 1532 599 563 564 600 
2178 90 54 55 91 1513 793 813 1533 
2179 1513 793 813 1533 1514 794 814 1534 
2180 1514 794 814 1534 1515 795 815 1535 
2181 1515 795 815 1535 1516 796 816 1536 
2182 1516 796 816 1536 1517 797 817 1537 
2183 1517 797 817 1537 1518 798 818 1538 
2184 1518 798 818 1538 1519 799 819 1539 
2185 1519 799 819 1539 1520 800 820 1540 
2186 1520 800 820 1540 1521 801 821 1541 
2187 1521 801 821 1541 1522 802 822 1542 
2188 1522 802 822 1542 1523 803 823 1543 
2189 1523 803 823 1543 1524 804 824 1544 
2190 1524 804 824 1544 1525 805 825 1545 
2191 1525 805 825 1545 1526 806 826 1546 
2192 1526 806 826 1546 1527 807 827 1547 
2193 1527 807 827 1547 1528 808 828 1548 
2194 1528 808 828 1548 1529 809 829 1549 
2195 1529 809 829 1549 1530 810 830 1550 
2196 1530 810 830 1550 1531 811 831 1551 
2197 1531 811 831 1551 1532 812 832 1552 
2198 1532 812 832 1552 600 564 565 601 
2199 91 55 56 92 1533 813 833 1553 
2200 1533 813 833 1553 1534 814 834 1554 
2201 1534 814 834 1554 1535 815 835 1555 
2202 1535 815 835 1555 1536 816 836 1556 
2203 1536 816 836 1556 1537 817 837 1557 
2204 1537 817 837 1557 1538 818 838 1558 
2205 1538 818 838 1558 1539 819 839 1559 
2206 1539 819 839 1559 1540 820 840 1560 
2207 1540 820 840 1560 1541 821 841 1561 
2208 1541 821 841 1561 1542 822 842 1562 
2209 1542 822 842 1562 1543 823 843 1563 
2210 1543 823 843 1563 1544 824 844 1564 
2211 1544 824 844 1564 1545 825 845 1565 
2212 1545 825 845 1565 1546 826 846 1566 
2213 1546 826 846 1566 1547 827 847 1567 
2214 1547 827 847 1567 1548 828 848 1568 
2215 1548 828 848 1568 1549 829 849 1569 
2216 1549 829 849 1569 1550 830 850 1570 
2217 1550 830 850 1570 1551 831 851 1571 
2218 1551 831 851 1571 1552 832 852 1572 
2219 1552 832 852 1572 601 565 566 602 
2220 92 56 57 93 1553 833 853 1573 
2221 1553 833 853 1573 1554 834 854 1574 
2222 1554 834 854 1574 1555 835 855 1575 
2223 1555 835 855 1575 1556 836 856 1576 
2224 1556 836 856 1576 1557 837 857 1577 
2225 1557 837 857 1577 1558 838 858 1578 
2226 1558 838 858 1578 1559 839 859 1579 
2227 1559 839 859 1579 1560 840 860 1580 
2228 1560 840 860 1580 1561 841 861 1581 
2229 1561 841 861 1581 1562 842 862 1582 
2230 1562 842 862 1582 1563 843 863 1583 
2231 1563 843 863 1583 1564 844 864 1584 
2232 1564 844 864 1584 1565 845 865 1585 
2233 1565 845 865 1585 1566 846 866 1586 
2234 1566 846 866 1586 1567 847 867 1587 
2235 1567 847 867 1587 1568 848 868 1588 
2236 1568 848 868 1588 1569 849 869 1589 
2237 1569 849 869 1589 1570 850 870 1590 
2238 1570 850 870 1590 1571 851 871 1591 
2239 1571 851 871 1591 1572 852 872 1592 
2240 1572 852 872 1592 602 566 567 603 
2241 93 57 58 94 1573 853 873 1593 
2242 1573 853 873 1593 1574 854 874 1594 
2243 1574 854 874 1594 1575 855 875 1595 
2244 1575 855 875 1595 1576 856 876 1596 
2245 1576 856 876 1596 1577 857 877 1597 
2246 1577 857 877 1597 1578 858 878 1598 
2247 1578 858 878 1598 1579 859 879 1599 
2248 1579 859 879 1599 1580 860 880 1600 
2249 1580 860 880 1600 1581 861 881 1601 
2250 1581 861 881 1601 1582 862 882 1602 
2251 1582 862 882 1602 1583 863 883 1603 
2252 1583 863 883 1603 1584 864 884 1604 
2253 1584 864 884 1604 1585 865 885 1605 
2254 1585 865 885 1605 1586 866 886 1606 
2255 1586 866 886 1606 1587 867 887 1607 
2256 1587 867 887 1607 1588 868 888 1608 
2257 1588 868 888 1608 1589 869 889 1609 
2258 1589 869 889 1609 1590 870 890 1610 
2259 1590 870 890 1610 1591 871 891 1611 
2260 1591 871 891 1611 1592 872 892 1612 
2261 1592 872 892 1612 603 567 568 604 
2262 13 14 125 107 463 483 2213 1853 
2263 463 483 2213 1853 464 484 2214 1854 
2264 464 484 2214 1854 465 485 2215 1855 
2265 465 485 2215 1855 466 486 2216 1856 
2266 466 486 2216 1856 467 487 2217 1857 
2267 467 487 2217 1857 468 488 2218 1858 
2268 468 488 2218 1858 469 489 2219 1859 
2269 469 489 2219 1859 470 490 2220 1860 
2270 470 490 2220 1860 471 491 2221 1861 
2271 471 491 2221 1861 472 492 2222 1862 
2272 472 492 2222 1862 473 493 2223 1863 
2273 473 493 2223 1863 474 494 2224 1864 
2274 474 494 2224 1864 475 495 2225 1865 
2275 475 495 2225 1865 476 496 2226 1866 
2276 476 496 2226 1866 477 497 2227 1867 
2277 477 497 2227 1867 478 498 2228 1868 
2278 478 498 2228 1868 479 499 2229 1869 
2279 479 499 2229 1869 480 500 2230 1870 
2280 480 500 2230 1870 481 501 2231 1871 
2281 481 501 2231 1871 482 502 2232 1872 
2282 482 502 2232 1872 48 49 635 617 
2283 107 125 126 108 1853 2213 2233 1873 
2284 1853 2213 2233 1873 1854 2214 2234 1874 
2285 1854 2214 2234 1874 1855 2215 2235 1875 
2286 1855 2215 2235 1875 1856 2216 2236 1876 
2287 1856 2216 2236 1876 1857 2217 2237 1877 
2288 1857 2217 2237 1877 1858 2218 2238 1878 
2289 1858 2218 2238 1878 1859 2219 2239 1879 
2290 1859 2219 2239 1879 1860 2220 2240 1880 
2291 1860 2220 2240 1880 1861 2221 2241 1881 
2292 1861 2221 2241 1881 1862 2222 2242 1882 
2293 1862 2222 2242 1882 1863 2223 2243 1883 
2294 1863 2223 2243 1883 1864 2224 2244 1884 
2295 1864 2224 2244 1884 1865 2225 2245 1885 
2296 1865 2225 2245 1885 1866 2226 2246 1886 
2297 1866 2226 2246 1886 1867 2227 2247 1887 
2298 1867 2227 2247 1887 1868 2228 2248 1888 
2299 1868 2228 2248 1888 1869 2229 2249 1889 
2300 1869 2229 2249 1889 1870 2230 2250 1890 
2301 1870 2230 2250 1890 1871 2231 2251 1891 
2302 1871 2231 2251 1891 1872 2232 2252 1892 
2303 1872 2232 2252 1892 617 635 636 618 
2304 108 126 127 109 1873 2233 2253 1893 
2305 1873 2233 2253 1893 1874 2234 2254 1894 
2306 1874 2234 2254 1894 1875 2235 2255 1895 
2307 1875 2235 2255 1895 1876 2236 2256 1896 
2308 1876 2236 2256 1896 1877 2237 2257 1897 
2309 1877 2237 2257 1897 1878 2238 2258 1898 
2310 1878 2238 2258 1898 1879 2239 2259 1899 
2311 1879 2239 2259 1899 1880 2240 2260 1900 
2312 1880 2240 2260 1900 1881 2241 2261 1901 
2313 1881 2241 2261 1901 1882 2242 2262 1902 
2314 1882 2242 2262 1902 1883 2243 2263 1903 
2315 1883 2243 2263 1903 1884 2244 2264 1904 
2316 1884 2244 2264 1904 1885 2245 2265 1905 
2317 1885 2245 2265 1905 1886 2246 2266 1906 
2318 1886 2246 2266 1906 1887 2247 2267 1907 
2319 1887 2247 2267 1907 1888 2248 2268 1908 
2320 1888 2248 2268 1908 1889 2249 2269 1909 
2321 1889 2249 2269 1909 1890 2250 2270 1910 
2322 1890 2250 2270 1910 1891 2251 2271 1911 
2323 1891 2251 2271 1911 1892 2252 2272 1912 
2324 1892 2252 2272 1912 618 636 637 619 
2325 109 127 128 110 1893 2253 2273 1913 
2326 1893 2253 2273 1913 1894 2254 2274 1914 
2327 1894 2254 2274 1914 1895 2255 2275 1915 
2328 1895 2255 2275 1915 1896 2256 2276 1916 
2329 1896 2256 2276 1916 1897 2257 2277 1917 
2330 1897 2257 2277 1917 1898 2258 2278 1918 
2331 1898 2258 2278 1918 1899 2259 2279 1919 
2332 1899 2259 2279 1919 1900 2260 2280 1920 
2333 1900 2260 2280 1920 1901 2261 2281 1921 
2334 1901 2261 2281 1921 1902 2262 2282 1922 
2335 1902 2262 2282 1922 1903 2263 2283 1923 
2336 1903 2263 2283 1923 1904 2264 2284 1924 
2337 1904 2264 2284 1924 1905 2265 2285 1925 
2338 1905 2265 2285 1925 1906 2266 2286 1926 
2339 1906 2266 2286 1926 1907 2267 2287 1927 
2340 1907 2267 2287 1927 1908 2268 2288 1928 
2341 1908 2268 2288 1928 1909 2269 2289 1929 
2342 1909 2269 2289 1929 1910 2270 2290 1930 
2343 1910 2270 2290 1930 1911 2271 2291 1931 
2344 1911 2271 2291 1931 1912 2272 2292 1932 
2345 1912 2272 2292 1932 619 637 638 620 
2346 110 128 129 111 1913 2273 2293 1933 
2347 1913 2273 2293 1933 1914 2274 2294 1934 
2348 1914 2274 2294 1934 1915 2275 2295 1935 
2349 1915 2275 2295 1935 1916 2276 2296 1936 
2350 1916 2276 2296 1936 1917 2277 2297 1937 
2351 1917 2277 2297 1937 1918 2278 2298 1938 
2352 1918 2278 2298 1938 1919 2279 2299 1939 
2353 1919 2279 2299 1939 1920 2280 2300 1940 
2354 1920 2280 2300 1940 1921 2281 2301 1941 
2355 1921 2281 2301 1941 1922 2282 2302 1942 
2356 1922 2282 2302 1942 1923 2283 2303 1943 
2357 1923 2283 2303 1943 1924 2284 2304 1944 
2358 1924 2284 2304 1944 1925 2285 2305 1945 
2359 1925 2285 2305 1945 1926 2286 2306 1946 
2360 1926 2286 2306 1946 1927 2287 2307 1947 
2361 1927 2287 2307 1947 1928 2288 2308 1948 
2362 1928 2288 2308 1948 1929 2289 2309 1949 
2363 1929 2289 2309 1949 1930 2290 2310 1950 
2364 1930 2290 2310 1950 1931 2291 2311 1951 
2365 1931 2291 2311 1951 1932 2292 2312 1952 
2366 1932 2292 2312 1952 620 638 639 621 
2367 111 129 130 112 1933 2293 2313 1953 
2368 1933 2293 2313 1953 1934 2294 2314 1954 
2369 1934 2294 2314 1954 1935 2295 2315 1955 
2370 1935 2295 2315 1955 1936 2296 2316 1956 
2371 1936 2296 2316 1956 1937 2297 2317 1957 
2372 1937 2297 2317 1957 1938 2298 2318 1958 
2373 1938 2298 2318 1958 1939 2299 2319 1959 
2374 1939 2299 2319 1959 1940 2300 2320 1960 
2375 1940 2300 2320 1960 1941 2301 2321 1961 
2376 1941 2301 2321 1961 1942 2302 2322 1962 
2377 1942 2302 2322 1962 1943 2303 2323 1963 
2378 1943 2303 2323 1963 1944 2304 2324 1964 
2379 1944 2304 2324 1964 1945 2305 2325 1965 
2380 1945 2305 2325 1965 1946 2306 2326 1966 
2381 1946 2306 2326 1966 1947 2307 2327 1967 
2382 1947 2307 2327 1967 1948 2308 2328 1968 
2383 1948 2308 2328 1968 1949 2309 2329 1969 
2384 1949 2309 2329 1969 1950 2310 2330 1970 
2385 1950 2310 2330 1970 1951 2311 2331 1971 
2386 1951 2311 2331 1971 1952 2312 2332 1972 
2387 1952 2312 2332 1972 621 639 640 622 
2388 137 125 14 15 2453 2213 483 503 
2389 2453 2213 483 503 2454 2214 484 504 
2390 2454 2214 484 504 2455 2215 485 505 
2391 2455 2215 485 505 2456 2216 486 506 
2392 2456 2216 486 506 2457 2217 487 507 
2393 2457 2217 487 507 2458 2218 488 508 
2394 2458 2218 488 508 2459 2219 489 509 
2395 2459 2219 489 509 2460 2220 490 510 
2396 2460 2220 490 510 2461 2221 491 511 
2397 2461 2221 491 511 2462 2222 492 512 
2398 2462 2222 492 512 2463 2223 493 513 
2399 2463 2223 493 513 2464 2224 494 514 
2400 2464 2224 494 514 2465 2225 495 515 
2401 2465 2225 495 515 2466 2226 496 516 
2402 2466 2226 496 516 2467 2227 497 517 
2403 2467 2227 497 517 2468 2228 498 518 
2404 2468 2228 498 518 2469 2229 499 519 
2405 2469 2229 499 519 2470 2230 500 520 
2406 2470 2230 500 520 2471 2231 501 521 
2407 2471 2231 501 521 2472 2232 502 522 
2408 2472 2232 502 522 647 635 49 50 
2409 251 159 130 184 4733 2893 2313 3393 
2410 4733 2893 2313 3393 4734 2894 2314 3394 
2411 4734 2894 2314 3394 4735 2895 2315 3395 
2412 4735 2895 2315 3395 4736 2896 2316 3396 
2413 4736 2896 2316 3396 4737 2897 2317 3397 
2414 4737 2897 2317 3397 4738 2898 2318 3398 
2415 4738 2898 2318 3398 4739 2899 2319 3399 
2416 4739 2899 2319 3399 4740 2900 2320 3400 
2417 4740 2900 2320 3400 4741 2901 2321 3401 
2418 4741 2901 2321 3401 4742 2902 2322 3402 
2419 4742 2902 2322 3402 4743 2903 2323 3403 
2420 4743 2903 2323 3403 4744 2904 2324 3404 
2421 4744 2904 2324 3404 4745 2905 2325 3405 
2422 4745 2905 2325 3405 4746 2906 2326 3406 
2423 4746 2906 2326 3406 4747 2907 2327 3407 
2424 4747 2907 2327 3407 4748 2908 2328 3408 
2425 4748 2908 2328 3408 4749 2909 2329 3409 
2426 4749 2909 2329 3409 4750 2910 2330 3410 
2427 4750 2910 2330 3410 4751 2911 2331 3411 
2428 4751 2911 2331 3411 4752 2912 2332 3412 
2429 4752 2912 2332 3412 761 669 640 694 
2430 164 66 67 201 2993 1033 1053 3733 
2431 2993 1033 1053 3733 2994 1034 1054 3734 
2432 2994 1034 1054 3734 2995 1035 1055 3735 
2433 2995 1035 1055 3735 2996 1036 1056 3736 
2434 2996 1036 1056 3736 2997 1037 1057 3737 
2435 2997 1037 1057 3737 2998 1038 1058 3738 
2436 2998 1038 1058 3738 2999 1039 1059 3739 
2437 2999 1039 1059 3739 3000 1040 1060 3740 
2438 3000 1040 1060 3740 3001 1041 1061 3741 
2439 3001 1041 1061 3741 3002 1042 1062 3742 
2440 3002 1042 1062 3742 3003 1043 1063 3743 
2441 3003 1043 1063 3743 3004 1044 1064 3744 
2442 3004 1044 1064 3744 3005 1045 1065 3745 
2443 3005 1045 1065 3745 3006 1046 1066 3746 
2444 3006 1046 1066 3746 3007 1047 1067 3747 
2445 3007 1047 1067 3747 3008 1048 1068 3748 
2446 3008 1048 1068 3748 3009 1049 1069 3749 
2447 3009 1049 1069 3749 3010 1050 1070 3750 
2448 3010 1050 1070 3750 3011 1051 1071 3751 
2449 3011 1051 1071 3751 3012 1052 1072 3752 
2450 3012 1052 1072 3752 674 576 577 711 
2451 165 138 139 204 3013 2473 2493 3793 
2452 3013 2473 2493 3793 3014 2474 2494 3794 
2453 3014 2474 2494 3794 3015 2475 2495 3795 
2454 3015 2475 2495 3795 3016 2476 2496 3796 
2455 3016 2476 2496 3796 3017 2477 2497 3797 
2456 3017 2477 2497 3797 3018 2478 2498 3798 
2457 3018 2478 2498 3798 3019 2479 2499 3799 
2458 3019 2479 2499 3799 3020 2480 2500 3800 
2459 3020 2480 2500 3800 3021 2481 2501 3801 
2460 3021 2481 2501 3801 3022 2482 2502 3802 
2461 3022 2482 2502 3802 3023 2483 2503 3803 
2462 3023 2483 2503 3803 3024 2484 2504 3804 
2463 3024 2484 2504 3804 3025 2485 2505 3805 
2464 3025 2485 2505 3805 3026 2486 2506 3806 
2465 3026 2486 2506 3806 3027 2487 2507 3807 
2466 3027 2487 2507 3807 3028 2488 2508 3808 
2467 3028 2488 2508 3808 3029 2489 2509 3809 
2468 3029 2489 2509 3809 3030 2490 2510 3810 
2469 3030 2490 2510 3810 3031 2491 2511 3811 
2470 3031 2491 2511 3811 3032 2492 2512 3812 
2471 3032 2492 2512 3812 675 648 649 714 
2472 68 194 201 67 1073 3593 3733 1053 
2473 1073 3593 3733 1053 1074 3594 3734 1054 
2474 1074 3594 3734 1054 1075 3595 3735 1055 
2475 1075 3595 3735 1055 1076 3596 3736 1056 
2476 1076 3596 3736 1056 1077 3597 3737 1057 
2477 1077 3597 3737 1057 1078 3598 3738 1058 
2478 1078 3598 3738 1058 1079 3599 3739 1059 
2479 1079 3599 3739 1059 1080 3600 3740 1060 
2480 1080 3600 3740 1060 1081 3601 3741 1061 
2481 1081 3601 3741 1061 1082 3602 3742 1062 
2482 1082 3602 3742 1062 1083 3603 3743 1063 
2483 1083 3603 3743 1063 1084 3604 3744 1064 
2484 1084 3604 3744 1064 1085 3605 3745 1065 
2485 1085 3605 3745 1065 1086 3606 3746 1066 
2486 1086 3606 3746 1066 1087 3607 3747 1067 
2487 1087 3607 3747 1067 1088 3608 3748 1068 
2488 1088 3608 3748 1068 1089 3609 3749 1069 
2489 1089 3609 3749 1069 1090 3610 3750 1070 
2490 1090 3610 3750 1070 1091 3611 3751 1071 
2491 1091 3611 3751 1071 1092 3612 3752 1072 
2492 1092 3612 3752 1072 578 704 711 577 
2493 140 196 204 139 2513 3633 3793 2493 
2494 2513 3633 3793 2493 2514 3634 3794 2494 
2495 2514 3634 3794 2494 2515 3635 3795 2495 
2496 2515 3635 3795 2495 2516 3636 3796 2496 
2497 2516 3636 3796 2496 2517 3637 3797 2497 
2498 2517 3637 3797 2497 2518 3638 3798 2498 
2499 2518 3638 3798 2498 2519 3639 3799 2499 
2500 2519 3639 3799 2499 2520 3640 3800 2500 
2501 2520 3640 3800 2500 2521 3641 3801 2501 
2502 2521 3641 3801 2501 2522 3642 3802 2502 
2503 2522 3642 3802 2502 2523 3643 3803 2503 
2504 2523 3643 3803 2503 2524 3644 3804 2504 
2505 2524 3644 3804 2504 2525 3645 3805 2505 
2506 2525 3645 3805 2505 2526 3646 3806 2506 
2507 2526 3646 3806 2506 2527 3647 3807 2507 
2508 2527 3647 3807 2507 2528 3648 3808 2508 
2509 2528 3648 3808 2508 2529 3649 3809 2509 
2510 2529 3649 3809 2509 2530 3650 3810 2510 
2511 2530 3650 3810 2510 2531 3651 3811 2511 
2512 2531 3651 3811 2511 2532 3652 3812 2512 
2513 2532 3652 3812 2512 650 706 714 649 
2514 168 199 147 146 3073 3693 2653 2633 
2515 3073 3693 2653 2633 3074 3694 2654 2634 
2516 3074 3694 2654 2634 3075 3695 2655 2635 
2517 3075 3695 2655 2635 3076 3696 2656 2636 
2518 3076 3696 2656 2636 3077 3697 2657 2637 
2519 3077 3697 2657 2637 3078 3698 2658 2638 
2520 3078 3698 2658 2638 3079 3699 2659 2639 
2521 3079 3699 2659 2639 3080 3700 2660 2640 
2522 3080 3700 2660 2640 3081 3701 2661 2641 
2523 3081 3701 2661 2641 3082 3702 2662 2642 
2524 3082 3702 2662 2642 3083 3703 2663 2643 
2525 3083 3703 2663 2643 3084 3704 2664 2644 
2526 3084 3704 2664 2644 3085 3705 2665 2645 
2527 3085 3705 2665 2645 3086 3706 2666 2646 
2528 3086 3706 2666 2646 3087 3707 2667 2647 
2529 3087 3707 2667 2647 3088 3708 2668 2648 
2530 3088 3708 2668 2648 3089 3709 2669 2649 
2531 3089 3709 2669 2649 3090 3710 2670 2650 
2532 3090 3710 2670 2650 3091 3711 2671 2651 
2533 3091 3711 2671 2651 3092 3712 2672 2652 
2534 3092 3712 2672 2652 678 709 657 656 
2535 209 76 210 182 3893 1233 3913 3353 
2536 3893 1233 3913 3353 3894 1234 3914 3354 
2537 3894 1234 3914 3354 3895 1235 3915 3355 
2538 3895 1235 3915 3355 3896 1236 3916 3356 
2539 3896 1236 3916 3356 3897 1237 3917 3357 
2540 3897 1237 3917 3357 3898 1238 3918 3358 
2541 3898 1238 3918 3358 3899 1239 3919 3359 
2542 3899 1239 3919 3359 3900 1240 3920 3360 
2543 3900 1240 3920 3360 3901 1241 3921 3361 
2544 3901 1241 3921 3361 3902 1242 3922 3362 
2545 3902 1242 3922 3362 3903 1243 3923 3363 
2546 3903 1243 3923 3363 3904 1244 3924 3364 
2547 3904 1244 3924 3364 3905 1245 3925 3365 
2548 3905 1245 3925 3365 3906 1246 3926 3366 
2549 3906 1246 3926 3366 3907 1247 3927 3367 
2550 3907 1247 3927 3367 3908 1248 3928 3368 
2551 3908 1248 3928 3368 3909 1249 3929 3369 
2552 3909 1249 3929 3369 3910 1250 3930 3370 
2553 3910 1250 3930 3370 3911 1251 3931 3371 
2554 3911 1251 3931 3371 3912 1252 3932 3372 
2555 3912 1252 3932 3372 719 586 720 692 
2556 154 212 56 55 2793 3953 833 813 
2557 2793 3953 833 813 2794 3954 834 814 
2558 2794 3954 834 814 2795 3955 835 815 
2559 2795 3955 835 815 2796 3956 836 816 
2560 2796 3956 836 816 2797 3957 837 817 
2561 2797 3957 837 817 2798 3958 838 818 
2562 2798 3958 838 818 2799 3959 839 819 
2563 2799 3959 839 819 2800 3960 840 820 
2564 2800 3960 840 820 2801 3961 841 821 
2565 2801 3961 841 821 2802 3962 842 822 
2566 2802 3962 842 822 2803 3963 843 823 
2567 2803 3963 843 823 2804 3964 844 824 
2568 2804 3964 844 824 2805 3965 845 825 
2569 2805 3965 845 825 2806 3966 846 826 
2570 2806 3966 846 826 2807 3967 847 827 
2571 2807 3967 847 827 2808 3968 848 828 
2572 2808 3968 848 828 2809 3969 849 829 
2573 2809 3969 849 829 2810 3970 850 830 
2574 2810 3970 850 830 2811 3971 851 831 
2575 2811 3971 851 831 2812 3972 852 832 
2576 2812 3972 852 832 664 722 566 565 
2577 152 213 145 144 2753 3973 2613 2593 
2578 2753 3973 2613 2593 2754 3974 2614 2594 
2579 2754 3974 2614 2594 2755 3975 2615 2595 
2580 2755 3975 2615 2595 2756 3976 2616 2596 
2581 2756 3976 2616 2596 2757 3977 2617 2597 
2582 2757 3977 2617 2597 2758 3978 2618 2598 
2583 2758 3978 2618 2598 2759 3979 2619 2599 
2584 2759 3979 2619 2599 2760 3980 2620 2600 
2585 2760 3980 2620 2600 2761 3981 2621 2601 
2586 2761 3981 2621 2601 2762 3982 2622 2602 
2587 2762 3982 2622 2602 2763 3983 2623 2603 
2588 2763 3983 2623 2603 2764 3984 2624 2604 
2589 2764 3984 2624 2604 2765 3985 2625 2605 
2590 2765 3985 2625 2605 2766 3986 2626 2606 
2591 2766 3986 2626 2606 2767 3987 2627 2607 
2592 2767 3987 2627 2607 2768 3988 2628 2608 
2593 2768 3988 2628 2608 2769 3989 2629 2609 
2594 2769 3989 2629 2609 2770 3990 2630 2610 
2595 2770 3990 2630 2610 2771 3991 2631 2611 
2596 2771 3991 2631 2611 2772 3992 2632 2612 
2597 2772 3992 2632 2612 662 723 655 654 
2598 171 73 74 222 3133 1173 1193 4153 
2599 3133 1173 1193 4153 3134 1174 1194 4154 
2600 3134 1174 1194 4154 3135 1175 1195 4155 
2601 3135 1175 1195 4155 3136 1176 1196 4156 
2602 3136 1176 1196 4156 3137 1177 1197 4157 
2603 3137 1177 1197 4157 3138 1178 1198 4158 
2604 3138 1178 1198 4158 3139 1179 1199 4159 
2605 3139 1179 1199 4159 3140 1180 1200 4160 
2606 3140 1180 1200 4160 3141 1181 1201 4161 
2607 3141 1181 1201 4161 3142 1182 1202 4162 
2608 3142 1182 1202 4162 3143 1183 1203 4163 
2609 3143 1183 1203 4163 3144 1184 1204 4164 
2610 3144 1184 1204 4164 3145 1185 1205 4165 
2611 3145 1185 1205 4165 3146 1186 1206 4166 
2612 3146 1186 1206 4166 3147 1187 1207 4167 
2613 3147 1187 1207 4167 3148 1188 1208 4168 
2614 3148 1188 1208 4168 3149 1189 1209 4169 
2615 3149 1189 1209 4169 3150 1190 1210 4170 
2616 3150 1190 1210 4170 3151 1191 1211 4171 
2617 3151 1191 1211 4171 3152 1192 1212 4172 
2618 3152 1192 1212 4172 681 583 584 732 
2619 174 79 80 223 3193 1293 1313 4173 
2620 3193 1293 1313 4173 3194 1294 1314 4174 
2621 3194 1294 1314 4174 3195 1295 1315 4175 
2622 3195 1295 1315 4175 3196 1296 1316 4176 
2623 3196 1296 1316 4176 3197 1297 1317 4177 
2624 3197 1297 1317 4177 3198 1298 1318 4178 
2625 3198 1298 1318 4178 3199 1299 1319 4179 
2626 3199 1299 1319 4179 3200 1300 1320 4180 
2627 3200 1300 1320 4180 3201 1301 1321 4181 
2628 3201 1301 1321 4181 3202 1302 1322 4182 
2629 3202 1302 1322 4182 3203 1303 1323 4183 
2630 3203 1303 1323 4183 3204 1304 1324 4184 
2631 3204 1304 1324 4184 3205 1305 1325 4185 
2632 3205 1305 1325 4185 3206 1306 1326 4186 
2633 3206 1306 1326 4186 3207 1307 1327 4187 
2634 3207 1307 1327 4187 3208 1308 1328 4188 
2635 3208 1308 1328 4188 3209 1309 1329 4189 
2636 3209 1309 1329 4189 3210 1310 1330 4190 
2637 3210 1310 1330 4190 3211 1311 1331 4191 
2638 3211 1311 1331 4191 3212 1312 1332 4192 
2639 3212 1312 1332 4192 684 589 590 733 
2640 163 180 235 70 2973 3313 4413 1113 
2641 2973 3313 4413 1113 2974 3314 4414 1114 
2642 2974 3314 4414 1114 2975 3315 4415 1115 
2643 2975 3315 4415 1115 2976 3316 4416 1116 
2644 2976 3316 4416 1116 2977 3317 4417 1117 
2645 2977 3317 4417 1117 2978 3318 4418 1118 
2646 2978 3318 4418 1118 2979 3319 4419 1119 
2647 2979 3319 4419 1119 2980 3320 4420 1120 
2648 2980 3320 4420 1120 2981 3321 4421 1121 
2649 2981 3321 4421 1121 2982 3322 4422 1122 
2650 2982 3322 4422 1122 2983 3323 4423 1123 
2651 2983 3323 4423 1123 2984 3324 4424 1124 
2652 2984 3324 4424 1124 2985 3325 4425 1125 
2653 2985 3325 4425 1125 2986 3326 4426 1126 
2654 2986 3326 4426 1126 2987 3327 4427 1127 
2655 2987 3327 4427 1127 2988 3328 4428 1128 
2656 2988 3328 4428 1128 2989 3329 4429 1129 
2657 2989 3329 4429 1129 2990 3330 4430 1130 
2658 2990 3330 4430 1130 2991 3331 4431 1131 
2659 2991 3331 4431 1131 2992 3332 4432 1132 
2660 2992 3332 4432 1132 673 690 745 580 
2661 257 151 247 205 4853 2733 4653 3813 
2662 4853 2733 4653 3813 4854 2734 4654 3814 
2663 4854 2734 4654 3814 4855 2735 4655 3815 
2664 4855 2735 4655 3815 4856 2736 4656 3816 
2665 4856 2736 4656 3816 4857 2737 4657 3817 
2666 4857 2737 4657 3817 4858 2738 4658 3818 
2667 4858 2738 4658 3818 4859 2739 4659 3819 
2668 4859 2739 4659 3819 4860 2740 4660 3820 
2669 4860 2740 4660 3820 4861 2741 4661 3821 
2670 4861 2741 4661 3821 4862 2742 4662 3822 
2671 4862 2742 4662 3822 4863 2743 4663 3823 
2672 4863 2743 4663 3823 4864 2744 4664 3824 
2673 4864 2744 4664 3824 4865 2745 4665 3825 
2674 4865 2745 4665 3825 4866 2746 4666 3826 
2675 4866 2746 4666 3826 4867 2747 4667 3827 
2676 4867 2747 4667 3827 4868 2748 4668 3828 
2677 4868 2748 4668 3828 4869 2749 4669 3829 
2678 4869 2749 4669 3829 4870 2750 4670 3830 
2679 4870 2750 4670 3830 4871 2751 4671 3831 
2680 4871 2751 4671 3831 4872 2752 4672 3832 
2681 4872 2752 4672 3832 767 661 757 715 
2682 203 254 240 153 3773 4793 4513 2773 
2683 3773 4793 4513 2773 3774 4794 4514 2774 
2684 3774 4794 4514 2774 3775 4795 4515 2775 
2685 3775 4795 4515 2775 3776 4796 4516 2776 
2686 3776 4796 4516 2776 3777 4797 4517 2777 
2687 3777 4797 4517 2777 3778 4798 4518 2778 
2688 3778 4798 4518 2778 3779 4799 4519 2779 
2689 3779 4799 4519 2779 3780 4800 4520 2780 
2690 3780 4800 4520 2780 3781 4801 4521 2781 
2691 3781 4801 4521 2781 3782 4802 4522 2782 
2692 3782 4802 4522 2782 3783 4803 4523 2783 
2693 3783 4803 4523 2783 3784 4804 4524 2784 
2694 3784 4804 4524 2784 3785 4805 4525 2785 
2695 3785 4805 4525 2785 3786 4806 4526 2786 
2696 3786 4806 4526 2786 3787 4807 4527 2787 
2697 3787 4807 4527 2787 3788 4808 4528 2788 
2698 3788 4808 4528 2788 3789 4809 4529 2789 
2699 3789 4809 4529 2789 3790 4810 4530 2790 
2700 3790 4810 4530 2790 3791 4811 4531 2791 
2701 3791 4811 4531 2791 3792 4812 4532 2792 
2702 3792 4812 4532 2792 713 764 750 663 
2703 128 200 179 129 2273 3713 3293 2293 
2704 2273 3713 3293 2293 2274 3714 3294 2294 
2705 2274 3714 3294 2294 2275 3715 3295 2295 
2706 2275 3715 3295 2295 2276 3716 3296 2296 
2707 2276 3716 3296 2296 2277 3717 3297 2297 
2708 2277 3717 3297 2297 2278 3718 3298 2298 
2709 2278 3718 3298 2298 2279 3719 3299 2299 
2710 2279 3719 3299 2299 2280 3720 3300 2300 
2711 2280 3720 3300 2300 2281 3721 3301 2301 
2712 2281 3721 3301 2301 2282 3722 3302 2302 
2713 2282 3722 3302 2302 2283 3723 3303 2303 
2714 2283 3723 3303 2303 2284 3724 3304 2304 
2715 2284 3724 3304 2304 2285 3725 3305 2305 
2716 2285 3725 3305 2305 2286 3726 3306 2306 
2717 2286 3726 3306 2306 2287 3727 3307 2307 
2718 2287 3727 3307 2307 2288 3728 3308 2308 
2719 2288 3728 3308 2308 2289 3729 3309 2309 
2720 2289 3729 3309 2309 2290 3730 3310 2310 
2721 2290 3730 3310 2310 2291 3731 3311 2311 
2722 2291 3731 3311 2311 2292 3732 3312 2312 
2723 2292 3732 3312 2312 638 710 689 639 
2724 193 172 58 57 3573 3153 873 853 
2725 3573 3153 873 853 3574 3154 874 854 
2726 3574 3154 874 854 3575 3155 875 855 
2727 3575 3155 875 855 3576 3156 876 856 
2728 3576 3156 876 856 3577 3157 877 857 
2729 3577 3157 877 857 3578 3158 878 858 
2730 3578 3158 878 858 3579 3159 879 859 
2731 3579 3159 879 859 3580 3160 880 860 
2732 3580 3160 880 860 3581 3161 881 861 
2733 3581 3161 881 861 3582 3162 882 862 
2734 3582 3162 882 862 3583 3163 883 863 
2735 3583 3163 883 863 3584 3164 884 864 
2736 3584 3164 884 864 3585 3165 885 865 
2737 3585 3165 885 865 3586 3166 886 866 
2738 3586 3166 886 866 3587 3167 887 867 
2739 3587 3167 887 867 3588 3168 888 868 
2740 3588 3168 888 868 3589 3169 889 869 
2741 3589 3169 889 869 3590 3170 890 870 
2742 3590 3170 890 870 3591 3171 891 871 
2743 3591 3171 891 871 3592 3172 892 872 
2744 3592 3172 892 872 703 682 568 567 
2745 199 178 148 147 3693 3273 2673 2653 
2746 3693 3273 2673 2653 3694 3274 2674 2654 
2747 3694 3274 2674 2654 3695 3275 2675 2655 
2748 3695 3275 2675 2655 3696 3276 2676 2656 
2749 3696 3276 2676 2656 3697 3277 2677 2657 
2750 3697 3277 2677 2657 3698 3278 2678 2658 
2751 3698 3278 2678 2658 3699 3279 2679 2659 
2752 3699 3279 2679 2659 3700 3280 2680 2660 
2753 3700 3280 2680 2660 3701 3281 2681 2661 
2754 3701 3281 2681 2661 3702 3282 2682 2662 
2755 3702 3282 2682 2662 3703 3283 2683 2663 
2756 3703 3283 2683 2663 3704 3284 2684 2664 
2757 3704 3284 2684 2664 3705 3285 2685 2665 
2758 3705 3285 2685 2665 3706 3286 2686 2666 
2759 3706 3286 2686 2666 3707 3287 2687 2667 
2760 3707 3287 2687 2667 3708 3288 2688 2668 
2761 3708 3288 2688 2668 3709 3289 2689 2669 
2762 3709 3289 2689 2669 3710 3290 2690 2670 
2763 3710 3290 2690 2670 3711 3291 2691 2671 
2764 3711 3291 2691 2671 3712 3292 2692 2672 
2765 3712 3292 2692 2672 709 688 658 657 
2766 194 68 69 161 3593 1073 1093 2933 
2767 3593 1073 1093 2933 3594 1074 1094 2934 
2768 3594 1074 1094 2934 3595 1075 1095 2935 
2769 3595 1075 1095 2935 3596 1076 1096 2936 
2770 3596 1076 1096 2936 3597 1077 1097 2937 
2771 3597 1077 1097 2937 3598 1078 1098 2938 
2772 3598 1078 1098 2938 3599 1079 1099 2939 
2773 3599 1079 1099 2939 3600 1080 1100 2940 
2774 3600 1080 1100 2940 3601 1081 1101 2941 
2775 3601 1081 1101 2941 3602 1082 1102 2942 
2776 3602 1082 1102 2942 3603 1083 1103 2943 
2777 3603 1083 1103 2943 3604 1084 1104 2944 
2778 3604 1084 1104 2944 3605 1085 1105 2945 
2779 3605 1085 1105 2945 3606 1086 1106 2946 
2780 3606 1086 1106 2946 3607 1087 1107 2947 
2781 3607 1087 1107 2947 3608 1088 1108 2948 
2782 3608 1088 1108 2948 3609 1089 1109 2949 
2783 3609 1089 1109 2949 3610 1090 1110 2950 
2784 3610 1090 1110 2950 3611 1091 1111 2951 
2785 3611 1091 1111 2951 3612 1092 1112 2952 
2786 3612 1092 1112 2952 704 578 579 671 
2787 213 215 216 168 3973 4013 4033 3073 
2788 3973 4013 4033 3073 3974 4014 4034 3074 
2789 3974 4014 4034 3074 3975 4015 4035 3075 
2790 3975 4015 4035 3075 3976 4016 4036 3076 
2791 3976 4016 4036 3076 3977 4017 4037 3077 
2792 3977 4017 4037 3077 3978 4018 4038 3078 
2793 3978 4018 4038 3078 3979 4019 4039 3079 
2794 3979 4019 4039 3079 3980 4020 4040 3080 
2795 3980 4020 4040 3080 3981 4021 4041 3081 
2796 3981 4021 4041 3081 3982 4022 4042 3082 
2797 3982 4022 4042 3082 3983 4023 4043 3083 
2798 3983 4023 4043 3083 3984 4024 4044 3084 
2799 3984 4024 4044 3084 3985 4025 4045 3085 
2800 3985 4025 4045 3085 3986 4026 4046 3086 
2801 3986 4026 4046 3086 3987 4027 4047 3087 
2802 3987 4027 4047 3087 3988 4028 4048 3088 
2803 3988 4028 4048 3088 3989 4029 4049 3089 
2804 3989 4029 4049 3089 3990 4030 4050 3090 
2805 3990 4030 4050 3090 3991 4031 4051 3091 
2806 3991 4031 4051 3091 3992 4032 4052 3092 
2807 3992 4032 4052 3092 723 725 726 678 
2808 182 252 149 58 3353 4753 2693 873 
2809 3353 4753 2693 873 3354 4754 2694 874 
2810 3354 4754 2694 874 3355 4755 2695 875 
2811 3355 4755 2695 875 3356 4756 2696 876 
2812 3356 4756 2696 876 3357 4757 2697 877 
2813 3357 4757 2697 877 3358 4758 2698 878 
2814 3358 4758 2698 878 3359 4759 2699 879 
2815 3359 4759 2699 879 3360 4760 2700 880 
2816 3360 4760 2700 880 3361 4761 2701 881 
2817 3361 4761 2701 881 3362 4762 2702 882 
2818 3362 4762 2702 882 3363 4763 2703 883 
2819 3363 4763 2703 883 3364 4764 2704 884 
2820 3364 4764 2704 884 3365 4765 2705 885 
2821 3365 4765 2705 885 3366 4766 2706 886 
2822 3366 4766 2706 886 3367 4767 2707 887 
2823 3367 4767 2707 887 3368 4768 2708 888 
2824 3368 4768 2708 888 3369 4769 2709 889 
2825 3369 4769 2709 889 3370 4770 2710 890 
2826 3370 4770 2710 890 3371 4771 2711 891 
2827 3371 4771 2711 891 3372 4772 2712 892 
2828 3372 4772 2712 892 692 762 659 568 
2829 196 140 141 162 3633 2513 2533 2953 
2830 3633 2513 2533 2953 3634 2514 2534 2954 
2831 3634 2514 2534 2954 3635 2515 2535 2955 
2832 3635 2515 2535 2955 3636 2516 2536 2956 
2833 3636 2516 2536 2956 3637 2517 2537 2957 
2834 3637 2517 2537 2957 3638 2518 2538 2958 
2835 3638 2518 2538 2958 3639 2519 2539 2959 
2836 3639 2519 2539 2959 3640 2520 2540 2960 
2837 3640 2520 2540 2960 3641 2521 2541 2961 
2838 3641 2521 2541 2961 3642 2522 2542 2962 
2839 3642 2522 2542 2962 3643 2523 2543 2963 
2840 3643 2523 2543 2963 3644 2524 2544 2964 
2841 3644 2524 2544 2964 3645 2525 2545 2965 
2842 3645 2525 2545 2965 3646 2526 2546 2966 
2843 3646 2526 2546 2966 3647 2527 2547 2967 
2844 3647 2527 2547 2967 3648 2528 2548 2968 
2845 3648 2528 2548 2968 3649 2529 2549 2969 
2846 3649 2529 2549 2969 3650 2530 2550 2970 
2847 3650 2530 2550 2970 3651 2531 2551 2971 
2848 3651 2531 2551 2971 3652 2532 2552 2972 
2849 3652 2532 2552 2972 706 650 651 672 
2850 173 87 86 192 3173 1453 1433 3553 
2851 3173 1453 1433 3553 3174 1454 1434 3554 
2852 3174 1454 1434 3554 3175 1455 1435 3555 
2853 3175 1455 1435 3555 3176 1456 1436 3556 
2854 3176 1456 1436 3556 3177 1457 1437 3557 
2855 3177 1457 1437 3557 3178 1458 1438 3558 
2856 3178 1458 1438 3558 3179 1459 1439 3559 
2857 3179 1459 1439 3559 3180 1460 1440 3560 
2858 3180 1460 1440 3560 3181 1461 1441 3561 
2859 3181 1461 1441 3561 3182 1462 1442 3562 
2860 3182 1462 1442 3562 3183 1463 1443 3563 
2861 3183 1463 1443 3563 3184 1464 1444 3564 
2862 3184 1464 1444 3564 3185 1465 1445 3565 
2863 3185 1465 1445 3565 3186 1466 1446 3566 
2864 3186 1466 1446 3566 3187 1467 1447 3567 
2865 3187 1467 1447 3567 3188 1468 1448 3568 
2866 3188 1468 1448 3568 3189 1469 1449 3569 
2867 3189 1469 1449 3569 3190 1470 1450 3570 
2868 3190 1470 1450 3570 3191 1471 1451 3571 
2869 3191 1471 1451 3571 3192 1472 1452 3572 
2870 3192 1472 1452 3572 683 597 596 702 
2871 200 128 127 169 3713 2273 2253 3093 
2872 3713 2273 2253 3093 3714 2274 2254 3094 
2873 3714 2274 2254 3094 3715 2275 2255 3095 
2874 3715 2275 2255 3095 3716 2276 2256 3096 
2875 3716 2276 2256 3096 3717 2277 2257 3097 
2876 3717 2277 2257 3097 3718 2278 2258 3098 
2877 3718 2278 2258 3098 3719 2279 2259 3099 
2878 3719 2279 2259 3099 3720 2280 2260 3100 
2879 3720 2280 2260 3100 3721 2281 2261 3101 
2880 3721 2281 2261 3101 3722 2282 2262 3102 
2881 3722 2282 2262 3102 3723 2283 2263 3103 
2882 3723 2283 2263 3103 3724 2284 2264 3104 
2883 3724 2284 2264 3104 3725 2285 2265 3105 
2884 3725 2285 2265 3105 3726 2286 2266 3106 
2885 3726 2286 2266 3106 3727 2287 2267 3107 
2886 3727 2287 2267 3107 3728 2288 2268 3108 
2887 3728 2288 2268 3108 3729 2289 2269 3109 
2888 3729 2289 2269 3109 3730 2290 2270 3110 
2889 3730 2290 2270 3110 3731 2291 2271 3111 
2890 3731 2291 2271 3111 3732 2292 2272 3112 
2891 3732 2292 2272 3112 710 638 637 679 
2892 57 56 212 193 853 833 3953 3573 
2893 853 833 3953 3573 854 834 3954 3574 
2894 854 834 3954 3574 855 835 3955 3575 
2895 855 835 3955 3575 856 836 3956 3576 
2896 856 836 3956 3576 857 837 3957 3577 
2897 857 837 3957 3577 858 838 3958 3578 
2898 858 838 3958 3578 859 839 3959 3579 
2899 859 839 3959 3579 860 840 3960 3580 
2900 860 840 3960 3580 861 841 3961 3581 
2901 861 841 3961 3581 862 842 3962 3582 
2902 862 842 3962 3582 863 843 3963 3583 
2903 863 843 3963 3583 864 844 3964 3584 
2904 864 844 3964 3584 865 845 3965 3585 
2905 865 845 3965 3585 866 846 3966 3586 
2906 866 846 3966 3586 867 847 3967 3587 
2907 867 847 3967 3587 868 848 3968 3588 
2908 868 848 3968 3588 869 849 3969 3589 
2909 869 849 3969 3589 870 850 3970 3590 
2910 870 850 3970 3590 871 851 3971 3591 
2911 871 851 3971 3591 872 852 3972 3592 
2912 872 852 3972 3592 567 566 722 703 
2913 176 75 76 209 3233 1213 1233 3893 
2914 3233 1213 1233 3893 3234 1214 1234 3894 
2915 3234 1214 1234 3894 3235 1215 1235 3895 
2916 3235 1215 1235 3895 3236 1216 1236 3896 
2917 3236 1216 1236 3896 3237 1217 1237 3897 
2918 3237 1217 1237 3897 3238 1218 1238 3898 
2919 3238 1218 1238 3898 3239 1219 1239 3899 
2920 3239 1219 1239 3899 3240 1220 1240 3900 
2921 3240 1220 1240 3900 3241 1221 1241 3901 
2922 3241 1221 1241 3901 3242 1222 1242 3902 
2923 3242 1222 1242 3902 3243 1223 1243 3903 
2924 3243 1223 1243 3903 3244 1224 1244 3904 
2925 3244 1224 1244 3904 3245 1225 1245 3905 
2926 3245 1225 1245 3905 3246 1226 1246 3906 
2927 3246 1226 1246 3906 3247 1227 1247 3907 
2928 3247 1227 1247 3907 3248 1228 1248 3908 
2929 3248 1228 1248 3908 3249 1229 1249 3909 
2930 3249 1229 1249 3909 3250 1230 1250 3910 
2931 3250 1230 1250 3910 3251 1231 1251 3911 
2932 3251 1231 1251 3911 3252 1232 1252 3912 
2933 3252 1232 1252 3912 686 585 586 719 
2934 162 141 142 208 2953 2533 2553 3873 
2935 2953 2533 2553 3873 2954 2534 2554 3874 
2936 2954 2534 2554 3874 2955 2535 2555 3875 
2937 2955 2535 2555 3875 2956 2536 2556 3876 
2938 2956 2536 2556 3876 2957 2537 2557 3877 
2939 2957 2537 2557 3877 2958 2538 2558 3878 
2940 2958 2538 2558 3878 2959 2539 2559 3879 
2941 2959 2539 2559 3879 2960 2540 2560 3880 
2942 2960 2540 2560 3880 2961 2541 2561 3881 
2943 2961 2541 2561 3881 2962 2542 2562 3882 
2944 2962 2542 2562 3882 2963 2543 2563 3883 
2945 2963 2543 2563 3883 2964 2544 2564 3884 
2946 2964 2544 2564 3884 2965 2545 2565 3885 
2947 2965 2545 2565 3885 2966 2546 2566 3886 
2948 2966 2546 2566 3886 2967 2547 2567 3887 
2949 2967 2547 2567 3887 2968 2548 2568 3888 
2950 2968 2548 2568 3888 2969 2549 2569 3889 
2951 2969 2549 2569 3889 2970 2550 2570 3890 
2952 2970 2550 2570 3890 2971 2551 2571 3891 
2953 2971 2551 2571 3891 2972 2552 2572 3892 
2954 2972 2552 2572 3892 672 651 652 718 
2955 201 194 254 203 3733 3593 4793 3773 
2956 3733 3593 4793 3773 3734 3594 4794 3774 
2957 3734 3594 4794 3774 3735 3595 4795 3775 
2958 3735 3595 4795 3775 3736 3596 4796 3776 
2959 3736 3596 4796 3776 3737 3597 4797 3777 
2960 3737 3597 4797 3777 3738 3598 4798 3778 
2961 3738 3598 4798 3778 3739 3599 4799 3779 
2962 3739 3599 4799 3779 3740 3600 4800 3780 
2963 3740 3600 4800 3780 3741 3601 4801 3781 
2964 3741 3601 4801 3781 3742 3602 4802 3782 
2965 3742 3602 4802 3782 3743 3603 4803 3783 
2966 3743 3603 4803 3783 3744 3604 4804 3784 
2967 3744 3604 4804 3784 3745 3605 4805 3785 
2968 3745 3605 4805 3785 3746 3606 4806 3786 
2969 3746 3606 4806 3786 3747 3607 4807 3787 
2970 3747 3607 4807 3787 3748 3608 4808 3788 
2971 3748 3608 4808 3788 3749 3609 4809 3789 
2972 3749 3609 4809 3789 3750 3610 4810 3790 
2973 3750 3610 4810 3790 3751 3611 4811 3791 
2974 3751 3611 4811 3791 3752 3612 4812 3792 
2975 3752 3612 4812 3792 711 704 764 713 
2976 177 81 82 211 3253 1333 1353 3933 
2977 3253 1333 1353 3933 3254 1334 1354 3934 
2978 3254 1334 1354 3934 3255 1335 1355 3935 
2979 3255 1335 1355 3935 3256 1336 1356 3936 
2980 3256 1336 1356 3936 3257 1337 1357 3937 
2981 3257 1337 1357 3937 3258 1338 1358 3938 
2982 3258 1338 1358 3938 3259 1339 1359 3939 
2983 3259 1339 1359 3939 3260 1340 1360 3940 
2984 3260 1340 1360 3940 3261 1341 1361 3941 
2985 3261 1341 1361 3941 3262 1342 1362 3942 
2986 3262 1342 1362 3942 3263 1343 1363 3943 
2987 3263 1343 1363 3943 3264 1344 1364 3944 
2988 3264 1344 1364 3944 3265 1345 1365 3945 
2989 3265 1345 1365 3945 3266 1346 1366 3946 
2990 3266 1346 1366 3946 3267 1347 1367 3947 
2991 3267 1347 1367 3947 3268 1348 1368 3948 
2992 3268 1348 1368 3948 3269 1349 1369 3949 
2993 3269 1349 1369 3949 3270 1350 1370 3950 
2994 3270 1350 1370 3950 3271 1351 1371 3951 
2995 3271 1351 1371 3951 3272 1352 1372 3952 
2996 3272 1352 1372 3952 687 591 592 721 
2997 146 145 213 168 2633 2613 3973 3073 
2998 2633 2613 3973 3073 2634 2614 3974 3074 
2999 2634 2614 3974 3074 2635 2615 3975 3075 
3000 2635 2615 3975 3075 2636 2616 3976 3076 
3001 2636 2616 3976 3076 2637 2617 3977 3077 
3002 2637 2617 3977 3077 2638 2618 3978 3078 
3003 2638 2618 3978 3078 2639 2619 3979 3079 
3004 2639 2619 3979 3079 2640 2620 3980 3080 
3005 2640 2620 3980 3080 2641 2621 3981 3081 
3006 2641 2621 3981 3081 2642 2622 3982 3082 
3007 2642 2622 3982 3082 2643 2623 3983 3083 
3008 2643 2623 3983 3083 2644 2624 3984 3084 
3009 2644 2624 3984 3084 2645 2625 3985 3085 
3010 2645 2625 3985 3085 2646 2626 3986 3086 
3011 2646 2626 3986 3086 2647 2627 3987 3087 
3012 2647 2627 3987 3087 2648 2628 3988 3088 
3013 2648 2628 3988 3088 2649 2629 3989 3089 
3014 2649 2629 3989 3089 2650 2630 3990 3090 
3015 2650 2630 3990 3090 2651 2631 3991 3091 
3016 2651 2631 3991 3091 2652 2632 3992 3092 
3017 2652 2632 3992 3092 656 655 723 678 
3018 187 229 228 218 3453 4293 4273 4073 
3019 3453 4293 4273 4073 3454 4294 4274 4074 
3020 3454 4294 4274 4074 3455 4295 4275 4075 
3021 3455 4295 4275 4075 3456 4296 4276 4076 
3022 3456 4296 4276 4076 3457 4297 4277 4077 
3023 3457 4297 4277 4077 3458 4298 4278 4078 
3024 3458 4298 4278 4078 3459 4299 4279 4079 
3025 3459 4299 4279 4079 3460 4300 4280 4080 
3026 3460 4300 4280 4080 3461 4301 4281 4081 
3027 3461 4301 4281 4081 3462 4302 4282 4082 
3028 3462 4302 4282 4082 3463 4303 4283 4083 
3029 3463 4303 4283 4083 3464 4304 4284 4084 
3030 3464 4304 4284 4084 3465 4305 4285 4085 
3031 3465 4305 4285 4085 3466 4306 4286 4086 
3032 3466 4306 4286 4086 3467 4307 4287 4087 
3033 3467 4307 4287 4087 3468 4308 4288 4088 
3034 3468 4308 4288 4088 3469 4309 4289 4089 
3035 3469 4309 4289 4089 3470 4310 4290 4090 
3036 3470 4310 4290 4090 3471 4311 4291 4091 
3037 3471 4311 4291 4091 3472 4312 4292 4092 
3038 3472 4312 4292 4092 697 739 738 728 
3039 75 176 222 74 1213 3233 4153 1193 
3040 1213 3233 4153 1193 1214 3234 4154 1194 
3041 1214 3234 4154 1194 1215 3235 4155 1195 
3042 1215 3235 4155 1195 1216 3236 4156 1196 
3043 1216 3236 4156 1196 1217 3237 4157 1197 
3044 1217 3237 4157 1197 1218 3238 4158 1198 
3045 1218 3238 4158 1198 1219 3239 4159 1199 
3046 1219 3239 4159 1199 1220 3240 4160 1200 
3047 1220 3240 4160 1200 1221 3241 4161 1201 
3048 1221 3241 4161 1201 1222 3242 4162 1202 
3049 1222 3242 4162 1202 1223 3243 4163 1203 
3050 1223 3243 4163 1203 1224 3244 4164 1204 
3051 1224 3244 4164 1204 1225 3245 4165 1205 
3052 1225 3245 4165 1205 1226 3246 4166 1206 
3053 1226 3246 4166 1206 1227 3247 4167 1207 
3054 1227 3247 4167 1207 1228 3248 4168 1208 
3055 1228 3248 4168 1208 1229 3249 4169 1209 
3056 1229 3249 4169 1209 1230 3250 4170 1210 
3057 1230 3250 4170 1210 1231 3251 4171 1211 
3058 1231 3251 4171 1211 1232 3252 4172 1212 
3059 1232 3252 4172 1212 585 686 732 584 
3060 85 217 192 86 1413 4053 3553 1433 
3061 1413 4053 3553 1433 1414 4054 3554 1434 
3062 1414 4054 3554 1434 1415 4055 3555 1435 
3063 1415 4055 3555 1435 1416 4056 3556 1436 
3064 1416 4056 3556 1436 1417 4057 3557 1437 
3065 1417 4057 3557 1437 1418 4058 3558 1438 
3066 1418 4058 3558 1438 1419 4059 3559 1439 
3067 1419 4059 3559 1439 1420 4060 3560 1440 
3068 1420 4060 3560 1440 1421 4061 3561 1441 
3069 1421 4061 3561 1441 1422 4062 3562 1442 
3070 1422 4062 3562 1442 1423 4063 3563 1443 
3071 1423 4063 3563 1443 1424 4064 3564 1444 
3072 1424 4064 3564 1444 1425 4065 3565 1445 
3073 1425 4065 3565 1445 1426 4066 3566 1446 
3074 1426 4066 3566 1446 1427 4067 3567 1447 
3075 1427 4067 3567 1447 1428 4068 3568 1448 
3076 1428 4068 3568 1448 1429 4069 3569 1449 
3077 1429 4069 3569 1449 1430 4070 3570 1450 
3078 1430 4070 3570 1450 1431 4071 3571 1451 
3079 1431 4071 3571 1451 1432 4072 3572 1452 
3080 1432 4072 3572 1452 595 727 702 596 
3081 126 219 169 127 2233 4093 3093 2253 
3082 2233 4093 3093 2253 2234 4094 3094 2254 
3083 2234 4094 3094 2254 2235 4095 3095 2255 
3084 2235 4095 3095 2255 2236 4096 3096 2256 
3085 2236 4096 3096 2256 2237 4097 3097 2257 
3086 2237 4097 3097 2257 2238 4098 3098 2258 
3087 2238 4098 3098 2258 2239 4099 3099 2259 
3088 2239 4099 3099 2259 2240 4100 3100 2260 
3089 2240 4100 3100 2260 2241 4101 3101 2261 
3090 2241 4101 3101 2261 2242 4102 3102 2262 
3091 2242 4102 3102 2262 2243 4103 3103 2263 
3092 2243 4103 3103 2263 2244 4104 3104 2264 
3093 2244 4104 3104 2264 2245 4105 3105 2265 
3094 2245 4105 3105 2265 2246 4106 3106 2266 
3095 2246 4106 3106 2266 2247 4107 3107 2267 
3096 2247 4107 3107 2267 2248 4108 3108 2268 
3097 2248 4108 3108 2268 2249 4109 3109 2269 
3098 2249 4109 3109 2269 2250 4110 3110 2270 
3099 2250 4110 3110 2270 2251 4111 3111 2271 
3100 2251 4111 3111 2271 2252 4112 3112 2272 
3101 2252 4112 3112 2272 636 729 679 637 
3102 81 177 223 80 1333 3253 4173 1313 
3103 1333 3253 4173 1313 1334 3254 4174 1314 
3104 1334 3254 4174 1314 1335 3255 4175 1315 
3105 1335 3255 4175 1315 1336 3256 4176 1316 
3106 1336 3256 4176 1316 1337 3257 4177 1317 
3107 1337 3257 4177 1317 1338 3258 4178 1318 
3108 1338 3258 4178 1318 1339 3259 4179 1319 
3109 1339 3259 4179 1319 1340 3260 4180 1320 
3110 1340 3260 4180 1320 1341 3261 4181 1321 
3111 1341 3261 4181 1321 1342 3262 4182 1322 
3112 1342 3262 4182 1322 1343 3263 4183 1323 
3113 1343 3263 4183 1323 1344 3264 4184 1324 
3114 1344 3264 4184 1324 1345 3265 4185 1325 
3115 1345 3265 4185 1325 1346 3266 4186 1326 
3116 1346 3266 4186 1326 1347 3267 4187 1327 
3117 1347 3267 4187 1327 1348 3268 4188 1328 
3118 1348 3268 4188 1328 1349 3269 4189 1329 
3119 1349 3269 4189 1329 1350 3270 4190 1330 
3120 1350 3270 4190 1330 1351 3271 4191 1331 
3121 1351 3271 4191 1331 1352 3272 4192 1332 
3122 1352 3272 4192 1332 591 687 733 590 
3123 100 167 237 82 1713 3053 4453 1353 
3124 1713 3053 4453 1353 1714 3054 4454 1354 
3125 1714 3054 4454 1354 1715 3055 4455 1355 
3126 1715 3055 4455 1355 1716 3056 4456 1356 
3127 1716 3056 4456 1356 1717 3057 4457 1357 
3128 1717 3057 4457 1357 1718 3058 4458 1358 
3129 1718 3058 4458 1358 1719 3059 4459 1359 
3130 1719 3059 4459 1359 1720 3060 4460 1360 
3131 1720 3060 4460 1360 1721 3061 4461 1361 
3132 1721 3061 4461 1361 1722 3062 4462 1362 
3133 1722 3062 4462 1362 1723 3063 4463 1363 
3134 1723 3063 4463 1363 1724 3064 4464 1364 
3135 1724 3064 4464 1364 1725 3065 4465 1365 
3136 1725 3065 4465 1365 1726 3066 4466 1366 
3137 1726 3066 4466 1366 1727 3067 4467 1367 
3138 1727 3067 4467 1367 1728 3068 4468 1368 
3139 1728 3068 4468 1368 1729 3069 4469 1369 
3140 1729 3069 4469 1369 1730 3070 4470 1370 
3141 1730 3070 4470 1370 1731 3071 4471 1371 
3142 1731 3071 4471 1371 1732 3072 4472 1372 
3143 1732 3072 4472 1372 610 677 747 592 
3144 58 149 243 94 873 2693 4573 1593 
3145 873 2693 4573 1593 874 2694 4574 1594 
3146 874 2694 4574 1594 875 2695 4575 1595 
3147 875 2695 4575 1595 876 2696 4576 1596 
3148 876 2696 4576 1596 877 2697 4577 1597 
3149 877 2697 4577 1597 878 2698 4578 1598 
3150 878 2698 4578 1598 879 2699 4579 1599 
3151 879 2699 4579 1599 880 2700 4580 1600 
3152 880 2700 4580 1600 881 2701 4581 1601 
3153 881 2701 4581 1601 882 2702 4582 1602 
3154 882 2702 4582 1602 883 2703 4583 1603 
3155 883 2703 4583 1603 884 2704 4584 1604 
3156 884 2704 4584 1604 885 2705 4585 1605 
3157 885 2705 4585 1605 886 2706 4586 1606 
3158 886 2706 4586 1606 887 2707 4587 1607 
3159 887 2707 4587 1607 888 2708 4588 1608 
3160 888 2708 4588 1608 889 2709 4589 1609 
3161 889 2709 4589 1609 890 2710 4590 1610 
3162 890 2710 4590 1610 891 2711 4591 1611 
3163 891 2711 4591 1611 892 2712 4592 1612 
3164 892 2712 4592 1612 568 659 753 604 
3165 186 181 163 185 3433 3333 2973 3413 
3166 3433 3333 2973 3413 3434 3334 2974 3414 
3167 3434 3334 2974 3414 3435 3335 2975 3415 
3168 3435 3335 2975 3415 3436 3336 2976 3416 
3169 3436 3336 2976 3416 3437 3337 2977 3417 
3170 3437 3337 2977 3417 3438 3338 2978 3418 
3171 3438 3338 2978 3418 3439 3339 2979 3419 
3172 3439 3339 2979 3419 3440 3340 2980 3420 
3173 3440 3340 2980 3420 3441 3341 2981 3421 
3174 3441 3341 2981 3421 3442 3342 2982 3422 
3175 3442 3342 2982 3422 3443 3343 2983 3423 
3176 3443 3343 2983 3423 3444 3344 2984 3424 
3177 3444 3344 2984 3424 3445 3345 2985 3425 
3178 3445 3345 2985 3425 3446 3346 2986 3426 
3179 3446 3346 2986 3426 3447 3347 2987 3427 
3180 3447 3347 2987 3427 3448 3348 2988 3428 
3181 3448 3348 2988 3428 3449 3349 2989 3429 
3182 3449 3349 2989 3429 3450 3350 2990 3430 
3183 3450 3350 2990 3430 3451 3351 2991 3431 
3184 3451 3351 2991 3431 3452 3352 2992 3432 
3185 3452 3352 2992 3432 696 691 673 695 
3186 211 82 237 183 3933 1353 4453 3373 
3187 3933 1353 4453 3373 3934 1354 4454 3374 
3188 3934 1354 4454 3374 3935 1355 4455 3375 
3189 3935 1355 4455 3375 3936 1356 4456 3376 
3190 3936 1356 4456 3376 3937 1357 4457 3377 
3191 3937 1357 4457 3377 3938 1358 4458 3378 
3192 3938 1358 4458 3378 3939 1359 4459 3379 
3193 3939 1359 4459 3379 3940 1360 4460 3380 
3194 3940 1360 4460 3380 3941 1361 4461 3381 
3195 3941 1361 4461 3381 3942 1362 4462 3382 
3196 3942 1362 4462 3382 3943 1363 4463 3383 
3197 3943 1363 4463 3383 3944 1364 4464 3384 
3198 3944 1364 4464 3384 3945 1365 4465 3385 
3199 3945 1365 4465 3385 3946 1366 4466 3386 
3200 3946 1366 4466 3386 3947 1367 4467 3387 
3201 3947 1367 4467 3387 3948 1368 4468 3388 
3202 3948 1368 4468 3388 3949 1369 4469 3389 
3203 3949 1369 4469 3389 3950 1370 4470 3390 
3204 3950 1370 4470 3390 3951 1371 4471 3391 
3205 3951 1371 4471 3391 3952 1372 4472 3392 
3206 3952 1372 4472 3392 721 592 747 693 
3207 241 257 197 221 4533 4853 3653 4133 
3208 4533 4853 3653 4133 4534 4854 3654 4134 
3209 4534 4854 3654 4134 4535 4855 3655 4135 
3210 4535 4855 3655 4135 4536 4856 3656 4136 
3211 4536 4856 3656 4136 4537 4857 3657 4137 
3212 4537 4857 3657 4137 4538 4858 3658 4138 
3213 4538 4858 3658 4138 4539 4859 3659 4139 
3214 4539 4859 3659 4139 4540 4860 3660 4140 
3215 4540 4860 3660 4140 4541 4861 3661 4141 
3216 4541 4861 3661 4141 4542 4862 3662 4142 
3217 4542 4862 3662 4142 4543 4863 3663 4143 
3218 4543 4863 3663 4143 4544 4864 3664 4144 
3219 4544 4864 3664 4144 4545 4865 3665 4145 
3220 4545 4865 3665 4145 4546 4866 3666 4146 
3221 4546 4866 3666 4146 4547 4867 3667 4147 
3222 4547 4867 3667 4147 4548 4868 3668 4148 
3223 4548 4868 3668 4148 4549 4869 3669 4149 
3224 4549 4869 3669 4149 4550 4870 3670 4150 
3225 4550 4870 3670 4150 4551 4871 3671 4151 
3226 4551 4871 3671 4151 4552 4872 3672 4152 
3227 4552 4872 3672 4152 751 767 707 731 
3228 204 196 257 205 3793 3633 4853 3813 
3229 3793 3633 4853 3813 3794 3634 4854 3814 
3230 3794 3634 4854 3814 3795 3635 4855 3815 
3231 3795 3635 4855 3815 3796 3636 4856 3816 
3232 3796 3636 4856 3816 3797 3637 4857 3817 
3233 3797 3637 4857 3817 3798 3638 4858 3818 
3234 3798 3638 4858 3818 3799 3639 4859 3819 
3235 3799 3639 4859 3819 3800 3640 4860 3820 
3236 3800 3640 4860 3820 3801 3641 4861 3821 
3237 3801 3641 4861 3821 3802 3642 4862 3822 
3238 3802 3642 4862 3822 3803 3643 4863 3823 
3239 3803 3643 4863 3823 3804 3644 4864 3824 
3240 3804 3644 4864 3824 3805 3645 4865 3825 
3241 3805 3645 4865 3825 3806 3646 4866 3826 
3242 3806 3646 4866 3826 3807 3647 4867 3827 
3243 3807 3647 4867 3827 3808 3648 4868 3828 
3244 3808 3648 4868 3828 3809 3649 4869 3829 
3245 3809 3649 4869 3829 3810 3650 4870 3830 
3246 3810 3650 4870 3830 3811 3651 4871 3831 
3247 3811 3651 4871 3831 3812 3652 4872 3832 
3248 3812 3652 4872 3832 714 706 767 715 
3249 236 180 163 181 4433 3313 2973 3333 
3250 4433 3313 2973 3333 4434 3314 2974 3334 
3251 4434 3314 2974 3334 4435 3315 2975 3335 
3252 4435 3315 2975 3335 4436 3316 2976 3336 
3253 4436 3316 2976 3336 4437 3317 2977 3337 
3254 4437 3317 2977 3337 4438 3318 2978 3338 
3255 4438 3318 2978 3338 4439 3319 2979 3339 
3256 4439 3319 2979 3339 4440 3320 2980 3340 
3257 4440 3320 2980 3340 4441 3321 2981 3341 
3258 4441 3321 2981 3341 4442 3322 2982 3342 
3259 4442 3322 2982 3342 4443 3323 2983 3343 
3260 4443 3323 2983 3343 4444 3324 2984 3344 
3261 4444 3324 2984 3344 4445 3325 2985 3345 
3262 4445 3325 2985 3345 4446 3326 2986 3346 
3263 4446 3326 2986 3346 4447 3327 2987 3347 
3264 4447 3327 2987 3347 4448 3328 2988 3348 
3265 4448 3328 2988 3348 4449 3329 2989 3349 
3266 4449 3329 2989 3349 4450 3330 2990 3350 
3267 4450 3330 2990 3350 4451 3331 2991 3351 
3268 4451 3331 2991 3351 4452 3332 2992 3352 
3269 4452 3332 2992 3352 746 690 673 691 
3270 69 206 224 161 1093 3833 4193 2933 
3271 1093 3833 4193 2933 1094 3834 4194 2934 
3272 1094 3834 4194 2934 1095 3835 4195 2935 
3273 1095 3835 4195 2935 1096 3836 4196 2936 
3274 1096 3836 4196 2936 1097 3837 4197 2937 
3275 1097 3837 4197 2937 1098 3838 4198 2938 
3276 1098 3838 4198 2938 1099 3839 4199 2939 
3277 1099 3839 4199 2939 1100 3840 4200 2940 
3278 1100 3840 4200 2940 1101 3841 4201 2941 
3279 1101 3841 4201 2941 1102 3842 4202 2942 
3280 1102 3842 4202 2942 1103 3843 4203 2943 
3281 1103 3843 4203 2943 1104 3844 4204 2944 
3282 1104 3844 4204 2944 1105 3845 4205 2945 
3283 1105 3845 4205 2945 1106 3846 4206 2946 
3284 1106 3846 4206 2946 1107 3847 4207 2947 
3285 1107 3847 4207 2947 1108 3848 4208 2948 
3286 1108 3848 4208 2948 1109 3849 4209 2949 
3287 1109 3849 4209 2949 1110 3850 4210 2950 
3288 1110 3850 4210 2950 1111 3851 4211 2951 
3289 1111 3851 4211 2951 1112 3852 4212 2952 
3290 1112 3852 4212 2952 579 716 734 671 
3291 176 209 172 226 3233 3893 3153 4233 
3292 3233 3893 3153 4233 3234 3894 3154 4234 
3293 3234 3894 3154 4234 3235 3895 3155 4235 
3294 3235 3895 3155 4235 3236 3896 3156 4236 
3295 3236 3896 3156 4236 3237 3897 3157 4237 
3296 3237 3897 3157 4237 3238 3898 3158 4238 
3297 3238 3898 3158 4238 3239 3899 3159 4239 
3298 3239 3899 3159 4239 3240 3900 3160 4240 
3299 3240 3900 3160 4240 3241 3901 3161 4241 
3300 3241 3901 3161 4241 3242 3902 3162 4242 
3301 3242 3902 3162 4242 3243 3903 3163 4243 
3302 3243 3903 3163 4243 3244 3904 3164 4244 
3303 3244 3904 3164 4244 3245 3905 3165 4245 
3304 3245 3905 3165 4245 3246 3906 3166 4246 
3305 3246 3906 3166 4246 3247 3907 3167 4247 
3306 3247 3907 3167 4247 3248 3908 3168 4248 
3307 3248 3908 3168 4248 3249 3909 3169 4249 
3308 3249 3909 3169 4249 3250 3910 3170 4250 
3309 3250 3910 3170 4250 3251 3911 3171 4251 
3310 3251 3911 3171 4251 3252 3912 3172 4252 
3311 3252 3912 3172 4252 686 719 682 736 
3312 69 70 235 206 1093 1113 4413 3833 
3313 1093 1113 4413 3833 1094 1114 4414 3834 
3314 1094 1114 4414 3834 1095 1115 4415 3835 
3315 1095 1115 4415 3835 1096 1116 4416 3836 
3316 1096 1116 4416 3836 1097 1117 4417 3837 
3317 1097 1117 4417 3837 1098 1118 4418 3838 
3318 1098 1118 4418 3838 1099 1119 4419 3839 
3319 1099 1119 4419 3839 1100 1120 4420 3840 
3320 1100 1120 4420 3840 1101 1121 4421 3841 
3321 1101 1121 4421 3841 1102 1122 4422 3842 
3322 1102 1122 4422 3842 1103 1123 4423 3843 
3323 1103 1123 4423 3843 1104 1124 4424 3844 
3324 1104 1124 4424 3844 1105 1125 4425 3845 
3325 1105 1125 4425 3845 1106 1126 4426 3846 
3326 1106 1126 4426 3846 1107 1127 4427 3847 
3327 1107 1127 4427 3847 1108 1128 4428 3848 
3328 1108 1128 4428 3848 1109 1129 4429 3849 
3329 1109 1129 4429 3849 1110 1130 4430 3850 
3330 1110 1130 4430 3850 1111 1131 4431 3851 
3331 1111 1131 4431 3851 1112 1132 4432 3852 
3332 1112 1132 4432 3852 579 580 745 716 
3333 161 195 254 194 2933 3613 4793 3593 
3334 2933 3613 4793 3593 2934 3614 4794 3594 
3335 2934 3614 4794 3594 2935 3615 4795 3595 
3336 2935 3615 4795 3595 2936 3616 4796 3596 
3337 2936 3616 4796 3596 2937 3617 4797 3597 
3338 2937 3617 4797 3597 2938 3618 4798 3598 
3339 2938 3618 4798 3598 2939 3619 4799 3599 
3340 2939 3619 4799 3599 2940 3620 4800 3600 
3341 2940 3620 4800 3600 2941 3621 4801 3601 
3342 2941 3621 4801 3601 2942 3622 4802 3602 
3343 2942 3622 4802 3602 2943 3623 4803 3603 
3344 2943 3623 4803 3603 2944 3624 4804 3604 
3345 2944 3624 4804 3604 2945 3625 4805 3605 
3346 2945 3625 4805 3605 2946 3626 4806 3606 
3347 2946 3626 4806 3606 2947 3627 4807 3607 
3348 2947 3627 4807 3607 2948 3628 4808 3608 
3349 2948 3628 4808 3608 2949 3629 4809 3609 
3350 2949 3629 4809 3609 2950 3630 4810 3610 
3351 2950 3630 4810 3610 2951 3631 4811 3611 
3352 2951 3631 4811 3611 2952 3632 4812 3612 
3353 2952 3632 4812 3612 671 705 764 704 
3354 164 201 203 202 2993 3733 3773 3753 
3355 2993 3733 3773 3753 2994 3734 3774 3754 
3356 2994 3734 3774 3754 2995 3735 3775 3755 
3357 2995 3735 3775 3755 2996 3736 3776 3756 
3358 2996 3736 3776 3756 2997 3737 3777 3757 
3359 2997 3737 3777 3757 2998 3738 3778 3758 
3360 2998 3738 3778 3758 2999 3739 3779 3759 
3361 2999 3739 3779 3759 3000 3740 3780 3760 
3362 3000 3740 3780 3760 3001 3741 3781 3761 
3363 3001 3741 3781 3761 3002 3742 3782 3762 
3364 3002 3742 3782 3762 3003 3743 3783 3763 
3365 3003 3743 3783 3763 3004 3744 3784 3764 
3366 3004 3744 3784 3764 3005 3745 3785 3765 
3367 3005 3745 3785 3765 3006 3746 3786 3766 
3368 3006 3746 3786 3766 3007 3747 3787 3767 
3369 3007 3747 3787 3767 3008 3748 3788 3768 
3370 3008 3748 3788 3768 3009 3749 3789 3769 
3371 3009 3749 3789 3769 3010 3750 3790 3770 
3372 3010 3750 3790 3770 3011 3751 3791 3771 
3373 3011 3751 3791 3771 3012 3752 3792 3772 
3374 3012 3752 3792 3772 674 711 713 712 
3375 184 179 225 208 3393 3293 4213 3873 
3376 3393 3293 4213 3873 3394 3294 4214 3874 
3377 3394 3294 4214 3874 3395 3295 4215 3875 
3378 3395 3295 4215 3875 3396 3296 4216 3876 
3379 3396 3296 4216 3876 3397 3297 4217 3877 
3380 3397 3297 4217 3877 3398 3298 4218 3878 
3381 3398 3298 4218 3878 3399 3299 4219 3879 
3382 3399 3299 4219 3879 3400 3300 4220 3880 
3383 3400 3300 4220 3880 3401 3301 4221 3881 
3384 3401 3301 4221 3881 3402 3302 4222 3882 
3385 3402 3302 4222 3882 3403 3303 4223 3883 
3386 3403 3303 4223 3883 3404 3304 4224 3884 
3387 3404 3304 4224 3884 3405 3305 4225 3885 
3388 3405 3305 4225 3885 3406 3306 4226 3886 
3389 3406 3306 4226 3886 3407 3307 4227 3887 
3390 3407 3307 4227 3887 3408 3308 4228 3888 
3391 3408 3308 4228 3888 3409 3309 4229 3889 
3392 3409 3309 4229 3889 3410 3310 4230 3890 
3393 3410 3310 4230 3890 3411 3311 4231 3891 
3394 3411 3311 4231 3891 3412 3312 4232 3892 
3395 3412 3312 4232 3892 694 689 735 718 
3396 172 193 230 226 3153 3573 4313 4233 
3397 3153 3573 4313 4233 3154 3574 4314 4234 
3398 3154 3574 4314 4234 3155 3575 4315 4235 
3399 3155 3575 4315 4235 3156 3576 4316 4236 
3400 3156 3576 4316 4236 3157 3577 4317 4237 
3401 3157 3577 4317 4237 3158 3578 4318 4238 
3402 3158 3578 4318 4238 3159 3579 4319 4239 
3403 3159 3579 4319 4239 3160 3580 4320 4240 
3404 3160 3580 4320 4240 3161 3581 4321 4241 
3405 3161 3581 4321 4241 3162 3582 4322 4242 
3406 3162 3582 4322 4242 3163 3583 4323 4243 
3407 3163 3583 4323 4243 3164 3584 4324 4244 
3408 3164 3584 4324 4244 3165 3585 4325 4245 
3409 3165 3585 4325 4245 3166 3586 4326 4246 
3410 3166 3586 4326 4246 3167 3587 4327 4247 
3411 3167 3587 4327 4247 3168 3588 4328 4248 
3412 3168 3588 4328 4248 3169 3589 4329 4249 
3413 3169 3589 4329 4249 3170 3590 4330 4250 
3414 3170 3590 4330 4250 3171 3591 4331 4251 
3415 3171 3591 4331 4251 3172 3592 4332 4252 
3416 3172 3592 4332 4252 682 703 740 736 
3417 183 173 227 211 3373 3173 4253 3933 
3418 3373 3173 4253 3933 3374 3174 4254 3934 
3419 3374 3174 4254 3934 3375 3175 4255 3935 
3420 3375 3175 4255 3935 3376 3176 4256 3936 
3421 3376 3176 4256 3936 3377 3177 4257 3937 
3422 3377 3177 4257 3937 3378 3178 4258 3938 
3423 3378 3178 4258 3938 3379 3179 4259 3939 
3424 3379 3179 4259 3939 3380 3180 4260 3940 
3425 3380 3180 4260 3940 3381 3181 4261 3941 
3426 3381 3181 4261 3941 3382 3182 4262 3942 
3427 3382 3182 4262 3942 3383 3183 4263 3943 
3428 3383 3183 4263 3943 3384 3184 4264 3944 
3429 3384 3184 4264 3944 3385 3185 4265 3945 
3430 3385 3185 4265 3945 3386 3186 4266 3946 
3431 3386 3186 4266 3946 3387 3187 4267 3947 
3432 3387 3187 4267 3947 3388 3188 4268 3948 
3433 3388 3188 4268 3948 3389 3189 4269 3949 
3434 3389 3189 4269 3949 3390 3190 4270 3950 
3435 3390 3190 4270 3950 3391 3191 4271 3951 
3436 3391 3191 4271 3951 3392 3192 4272 3952 
3437 3392 3192 4272 3952 693 683 737 721 
3438 219 126 125 166 4093 2233 2213 3033 
3439 4093 2233 2213 3033 4094 2234 2214 3034 
3440 4094 2234 2214 3034 4095 2235 2215 3035 
3441 4095 2235 2215 3035 4096 2236 2216 3036 
3442 4096 2236 2216 3036 4097 2237 2217 3037 
3443 4097 2237 2217 3037 4098 2238 2218 3038 
3444 4098 2238 2218 3038 4099 2239 2219 3039 
3445 4099 2239 2219 3039 4100 2240 2220 3040 
3446 4100 2240 2220 3040 4101 2241 2221 3041 
3447 4101 2241 2221 3041 4102 2242 2222 3042 
3448 4102 2242 2222 3042 4103 2243 2223 3043 
3449 4103 2243 2223 3043 4104 2244 2224 3044 
3450 4104 2244 2224 3044 4105 2245 2225 3045 
3451 4105 2245 2225 3045 4106 2246 2226 3046 
3452 4106 2246 2226 3046 4107 2247 2227 3047 
3453 4107 2247 2227 3047 4108 2248 2228 3048 
3454 4108 2248 2228 3048 4109 2249 2229 3049 
3455 4109 2249 2229 3049 4110 2250 2230 3050 
3456 4110 2250 2230 3050 4111 2251 2231 3051 
3457 4111 2251 2231 3051 4112 2252 2232 3052 
3458 4112 2252 2232 3052 729 636 635 676 
3459 217 85 84 175 4053 1413 1393 3213 
3460 4053 1413 1393 3213 4054 1414 1394 3214 
3461 4054 1414 1394 3214 4055 1415 1395 3215 
3462 4055 1415 1395 3215 4056 1416 1396 3216 
3463 4056 1416 1396 3216 4057 1417 1397 3217 
3464 4057 1417 1397 3217 4058 1418 1398 3218 
3465 4058 1418 1398 3218 4059 1419 1399 3219 
3466 4059 1419 1399 3219 4060 1420 1400 3220 
3467 4060 1420 1400 3220 4061 1421 1401 3221 
3468 4061 1421 1401 3221 4062 1422 1402 3222 
3469 4062 1422 1402 3222 4063 1423 1403 3223 
3470 4063 1423 1403 3223 4064 1424 1404 3224 
3471 4064 1424 1404 3224 4065 1425 1405 3225 
3472 4065 1425 1405 3225 4066 1426 1406 3226 
3473 4066 1426 1406 3226 4067 1427 1407 3227 
3474 4067 1427 1407 3227 4068 1428 1408 3228 
3475 4068 1428 1408 3228 4069 1429 1409 3229 
3476 4069 1429 1409 3229 4070 1430 1410 3230 
3477 4070 1430 1410 3230 4071 1431 1411 3231 
3478 4071 1431 1411 3231 4072 1432 1412 3232 
3479 4072 1432 1412 3232 727 595 594 685 
3480 152 214 215 213 2753 3993 4013 3973 
3481 2753 3993 4013 3973 2754 3994 4014 3974 
3482 2754 3994 4014 3974 2755 3995 4015 3975 
3483 2755 3995 4015 3975 2756 3996 4016 3976 
3484 2756 3996 4016 3976 2757 3997 4017 3977 
3485 2757 3997 4017 3977 2758 3998 4018 3978 
3486 2758 3998 4018 3978 2759 3999 4019 3979 
3487 2759 3999 4019 3979 2760 4000 4020 3980 
3488 2760 4000 4020 3980 2761 4001 4021 3981 
3489 2761 4001 4021 3981 2762 4002 4022 3982 
3490 2762 4002 4022 3982 2763 4003 4023 3983 
3491 2763 4003 4023 3983 2764 4004 4024 3984 
3492 2764 4004 4024 3984 2765 4005 4025 3985 
3493 2765 4005 4025 3985 2766 4006 4026 3986 
3494 2766 4006 4026 3986 2767 4007 4027 3987 
3495 2767 4007 4027 3987 2768 4008 4028 3988 
3496 2768 4008 4028 3988 2769 4009 4029 3989 
3497 2769 4009 4029 3989 2770 4010 4030 3990 
3498 2770 4010 4030 3990 2771 4011 4031 3991 
3499 2771 4011 4031 3991 2772 4012 4032 3992 
3500 2772 4012 4032 3992 662 724 725 723 
3501 162 197 257 196 2953 3653 4853 3633 
3502 2953 3653 4853 3633 2954 3654 4854 3634 
3503 2954 3654 4854 3634 2955 3655 4855 3635 
3504 2955 3655 4855 3635 2956 3656 4856 3636 
3505 2956 3656 4856 3636 2957 3657 4857 3637 
3506 2957 3657 4857 3637 2958 3658 4858 3638 
3507 2958 3658 4858 3638 2959 3659 4859 3639 
3508 2959 3659 4859 3639 2960 3660 4860 3640 
3509 2960 3660 4860 3640 2961 3661 4861 3641 
3510 2961 3661 4861 3641 2962 3662 4862 3642 
3511 2962 3662 4862 3642 2963 3663 4863 3643 
3512 2963 3663 4863 3643 2964 3664 4864 3644 
3513 2964 3664 4864 3644 2965 3665 4865 3645 
3514 2965 3665 4865 3645 2966 3666 4866 3646 
3515 2966 3666 4866 3646 2967 3667 4867 3647 
3516 2967 3667 4867 3647 2968 3668 4868 3648 
3517 2968 3668 4868 3648 2969 3669 4869 3649 
3518 2969 3669 4869 3649 2970 3670 4870 3650 
3519 2970 3670 4870 3650 2971 3671 4871 3651 
3520 2971 3671 4871 3651 2972 3672 4872 3652 
3521 2972 3672 4872 3652 672 707 767 706 
3522 208 142 251 184 3873 2553 4733 3393 
3523 3873 2553 4733 3393 3874 2554 4734 3394 
3524 3874 2554 4734 3394 3875 2555 4735 3395 
3525 3875 2555 4735 3395 3876 2556 4736 3396 
3526 3876 2556 4736 3396 3877 2557 4737 3397 
3527 3877 2557 4737 3397 3878 2558 4738 3398 
3528 3878 2558 4738 3398 3879 2559 4739 3399 
3529 3879 2559 4739 3399 3880 2560 4740 3400 
3530 3880 2560 4740 3400 3881 2561 4741 3401 
3531 3881 2561 4741 3401 3882 2562 4742 3402 
3532 3882 2562 4742 3402 3883 2563 4743 3403 
3533 3883 2563 4743 3403 3884 2564 4744 3404 
3534 3884 2564 4744 3404 3885 2565 4745 3405 
3535 3885 2565 4745 3405 3886 2566 4746 3406 
3536 3886 2566 4746 3406 3887 2567 4747 3407 
3537 3887 2567 4747 3407 3888 2568 4748 3408 
3538 3888 2568 4748 3408 3889 2569 4749 3409 
3539 3889 2569 4749 3409 3890 2570 4750 3410 
3540 3890 2570 4750 3410 3891 2571 4751 3411 
3541 3891 2571 4751 3411 3892 2572 4752 3412 
3542 3892 2572 4752 3412 718 652 761 694 
3543 94 243 170 64 1593 4573 3113 993 
3544 1593 4573 3113 993 1594 4574 3114 994 
3545 1594 4574 3114 994 1595 4575 3115 995 
3546 1595 4575 3115 995 1596 4576 3116 996 
3547 1596 4576 3116 996 1597 4577 3117 997 
3548 1597 4577 3117 997 1598 4578 3118 998 
3549 1598 4578 3118 998 1599 4579 3119 999 
3550 1599 4579 3119 999 1600 4580 3120 1000 
3551 1600 4580 3120 1000 1601 4581 3121 1001 
3552 1601 4581 3121 1001 1602 4582 3122 1002 
3553 1602 4582 3122 1002 1603 4583 3123 1003 
3554 1603 4583 3123 1003 1604 4584 3124 1004 
3555 1604 4584 3124 1004 1605 4585 3125 1005 
3556 1605 4585 3125 1005 1606 4586 3126 1006 
3557 1606 4586 3126 1006 1607 4587 3127 1007 
3558 1607 4587 3127 1007 1608 4588 3128 1008 
3559 1608 4588 3128 1008 1609 4589 3129 1009 
3560 1609 4589 3129 1009 1610 4590 3130 1010 
3561 1610 4590 3130 1010 1611 4591 3131 1011 
3562 1611 4591 3131 1011 1612 4592 3132 1012 
3563 1612 4592 3132 1012 604 753 680 574 
3564 169 219 220 246 3093 4093 4113 4633 
3565 3093 4093 4113 4633 3094 4094 4114 4634 
3566 3094 4094 4114 4634 3095 4095 4115 4635 
3567 3095 4095 4115 4635 3096 4096 4116 4636 
3568 3096 4096 4116 4636 3097 4097 4117 4637 
3569 3097 4097 4117 4637 3098 4098 4118 4638 
3570 3098 4098 4118 4638 3099 4099 4119 4639 
3571 3099 4099 4119 4639 3100 4100 4120 4640 
3572 3100 4100 4120 4640 3101 4101 4121 4641 
3573 3101 4101 4121 4641 3102 4102 4122 4642 
3574 3102 4102 4122 4642 3103 4103 4123 4643 
3575 3103 4103 4123 4643 3104 4104 4124 4644 
3576 3104 4104 4124 4644 3105 4105 4125 4645 
3577 3105 4105 4125 4645 3106 4106 4126 4646 
3578 3106 4106 4126 4646 3107 4107 4127 4647 
3579 3107 4107 4127 4647 3108 4108 4128 4648 
3580 3108 4108 4128 4648 3109 4109 4129 4649 
3581 3109 4109 4129 4649 3110 4110 4130 4650 
3582 3110 4110 4130 4650 3111 4111 4131 4651 
3583 3111 4111 4131 4651 3112 4112 4132 4652 
3584 3112 4112 4132 4652 679 729 730 756 
3585 211 227 233 177 3933 4253 4373 3253 
3586 3933 4253 4373 3253 3934 4254 4374 3254 
3587 3934 4254 4374 3254 3935 4255 4375 3255 
3588 3935 4255 4375 3255 3936 4256 4376 3256 
3589 3936 4256 4376 3256 3937 4257 4377 3257 
3590 3937 4257 4377 3257 3938 4258 4378 3258 
3591 3938 4258 4378 3258 3939 4259 4379 3259 
3592 3939 4259 4379 3259 3940 4260 4380 3260 
3593 3940 4260 4380 3260 3941 4261 4381 3261 
3594 3941 4261 4381 3261 3942 4262 4382 3262 
3595 3942 4262 4382 3262 3943 4263 4383 3263 
3596 3943 4263 4383 3263 3944 4264 4384 3264 
3597 3944 4264 4384 3264 3945 4265 4385 3265 
3598 3945 4265 4385 3265 3946 4266 4386 3266 
3599 3946 4266 4386 3266 3947 4267 4387 3267 
3600 3947 4267 4387 3267 3948 4268 4388 3268 
3601 3948 4268 4388 3268 3949 4269 4389 3269 
3602 3949 4269 4389 3269 3950 4270 4390 3270 
3603 3950 4270 4390 3270 3951 4271 4391 3271 
3604 3951 4271 4391 3271 3952 4272 4392 3272 
3605 3952 4272 4392 3272 721 737 743 687 
3606 173 192 232 227 3173 3553 4353 4253 
3607 3173 3553 4353 4253 3174 3554 4354 4254 
3608 3174 3554 4354 4254 3175 3555 4355 4255 
3609 3175 3555 4355 4255 3176 3556 4356 4256 
3610 3176 3556 4356 4256 3177 3557 4357 4257 
3611 3177 3557 4357 4257 3178 3558 4358 4258 
3612 3178 3558 4358 4258 3179 3559 4359 4259 
3613 3179 3559 4359 4259 3180 3560 4360 4260 
3614 3180 3560 4360 4260 3181 3561 4361 4261 
3615 3181 3561 4361 4261 3182 3562 4362 4262 
3616 3182 3562 4362 4262 3183 3563 4363 4263 
3617 3183 3563 4363 4263 3184 3564 4364 4264 
3618 3184 3564 4364 4264 3185 3565 4365 4265 
3619 3185 3565 4365 4265 3186 3566 4366 4266 
3620 3186 3566 4366 4266 3187 3567 4367 4267 
3621 3187 3567 4367 4267 3188 3568 4368 4268 
3622 3188 3568 4368 4268 3189 3569 4369 4269 
3623 3189 3569 4369 4269 3190 3570 4370 4270 
3624 3190 3570 4370 4270 3191 3571 4371 4271 
3625 3191 3571 4371 4271 3192 3572 4372 4272 
3626 3192 3572 4372 4272 683 702 742 737 
3627 257 241 246 151 4853 4533 4633 2733 
3628 4853 4533 4633 2733 4854 4534 4634 2734 
3629 4854 4534 4634 2734 4855 4535 4635 2735 
3630 4855 4535 4635 2735 4856 4536 4636 2736 
3631 4856 4536 4636 2736 4857 4537 4637 2737 
3632 4857 4537 4637 2737 4858 4538 4638 2738 
3633 4858 4538 4638 2738 4859 4539 4639 2739 
3634 4859 4539 4639 2739 4860 4540 4640 2740 
3635 4860 4540 4640 2740 4861 4541 4641 2741 
3636 4861 4541 4641 2741 4862 4542 4642 2742 
3637 4862 4542 4642 2742 4863 4543 4643 2743 
3638 4863 4543 4643 2743 4864 4544 4644 2744 
3639 4864 4544 4644 2744 4865 4545 4645 2745 
3640 4865 4545 4645 2745 4866 4546 4646 2746 
3641 4866 4546 4646 2746 4867 4547 4647 2747 
3642 4867 4547 4647 2747 4868 4548 4648 2748 
3643 4868 4548 4648 2748 4869 4549 4649 2749 
3644 4869 4549 4649 2749 4870 4550 4650 2750 
3645 4870 4550 4650 2750 4871 4551 4651 2751 
3646 4871 4551 4651 2751 4872 4552 4652 2752 
3647 4872 4552 4652 2752 767 751 756 661 
3648 198 118 256 160 3673 2073 4833 2913 
3649 3673 2073 4833 2913 3674 2074 4834 2914 
3650 3674 2074 4834 2914 3675 2075 4835 2915 
3651 3675 2075 4835 2915 3676 2076 4836 2916 
3652 3676 2076 4836 2916 3677 2077 4837 2917 
3653 3677 2077 4837 2917 3678 2078 4838 2918 
3654 3678 2078 4838 2918 3679 2079 4839 2919 
3655 3679 2079 4839 2919 3680 2080 4840 2920 
3656 3680 2080 4840 2920 3681 2081 4841 2921 
3657 3681 2081 4841 2921 3682 2082 4842 2922 
3658 3682 2082 4842 2922 3683 2083 4843 2923 
3659 3683 2083 4843 2923 3684 2084 4844 2924 
3660 3684 2084 4844 2924 3685 2085 4845 2925 
3661 3685 2085 4845 2925 3686 2086 4846 2926 
3662 3686 2086 4846 2926 3687 2087 4847 2927 
3663 3687 2087 4847 2927 3688 2088 4848 2928 
3664 3688 2088 4848 2928 3689 2089 4849 2929 
3665 3689 2089 4849 2929 3690 2090 4850 2930 
3666 3690 2090 4850 2930 3691 2091 4851 2931 
3667 3691 2091 4851 2931 3692 2092 4852 2932 
3668 3692 2092 4852 2932 708 628 766 670 
3669 64 170 251 142 993 3113 4733 2553 
3670 993 3113 4733 2553 994 3114 4734 2554 
3671 994 3114 4734 2554 995 3115 4735 2555 
3672 995 3115 4735 2555 996 3116 4736 2556 
3673 996 3116 4736 2556 997 3117 4737 2557 
3674 997 3117 4737 2557 998 3118 4738 2558 
3675 998 3118 4738 2558 999 3119 4739 2559 
3676 999 3119 4739 2559 1000 3120 4740 2560 
3677 1000 3120 4740 2560 1001 3121 4741 2561 
3678 1001 3121 4741 2561 1002 3122 4742 2562 
3679 1002 3122 4742 2562 1003 3123 4743 2563 
3680 1003 3123 4743 2563 1004 3124 4744 2564 
3681 1004 3124 4744 2564 1005 3125 4745 2565 
3682 1005 3125 4745 2565 1006 3126 4746 2566 
3683 1006 3126 4746 2566 1007 3127 4747 2567 
3684 1007 3127 4747 2567 1008 3128 4748 2568 
3685 1008 3128 4748 2568 1009 3129 4749 2569 
3686 1009 3129 4749 2569 1010 3130 4750 2570 
3687 1010 3130 4750 2570 1011 3131 4751 2571 
3688 1011 3131 4751 2571 1012 3132 4752 2572 
3689 1012 3132 4752 2572 574 680 761 652 
3690 226 230 155 231 4233 4313 2813 4333 
3691 4233 4313 2813 4333 4234 4314 2814 4334 
3692 4234 4314 2814 4334 4235 4315 2815 4335 
3693 4235 4315 2815 4335 4236 4316 2816 4336 
3694 4236 4316 2816 4336 4237 4317 2817 4337 
3695 4237 4317 2817 4337 4238 4318 2818 4338 
3696 4238 4318 2818 4338 4239 4319 2819 4339 
3697 4239 4319 2819 4339 4240 4320 2820 4340 
3698 4240 4320 2820 4340 4241 4321 2821 4341 
3699 4241 4321 2821 4341 4242 4322 2822 4342 
3700 4242 4322 2822 4342 4243 4323 2823 4343 
3701 4243 4323 2823 4343 4244 4324 2824 4344 
3702 4244 4324 2824 4344 4245 4325 2825 4345 
3703 4245 4325 2825 4345 4246 4326 2826 4346 
3704 4246 4326 2826 4346 4247 4327 2827 4347 
3705 4247 4327 2827 4347 4248 4328 2828 4348 
3706 4248 4328 2828 4348 4249 4329 2829 4349 
3707 4249 4329 2829 4349 4250 4330 2830 4350 
3708 4250 4330 2830 4350 4251 4331 2831 4351 
3709 4251 4331 2831 4351 4252 4332 2832 4352 
3710 4252 4332 2832 4352 736 740 665 741 
3711 191 234 170 243 3533 4393 3113 4573 
3712 3533 4393 3113 4573 3534 4394 3114 4574 
3713 3534 4394 3114 4574 3535 4395 3115 4575 
3714 3535 4395 3115 4575 3536 4396 3116 4576 
3715 3536 4396 3116 4576 3537 4397 3117 4577 
3716 3537 4397 3117 4577 3538 4398 3118 4578 
3717 3538 4398 3118 4578 3539 4399 3119 4579 
3718 3539 4399 3119 4579 3540 4400 3120 4580 
3719 3540 4400 3120 4580 3541 4401 3121 4581 
3720 3541 4401 3121 4581 3542 4402 3122 4582 
3721 3542 4402 3122 4582 3543 4403 3123 4583 
3722 3543 4403 3123 4583 3544 4404 3124 4584 
3723 3544 4404 3124 4584 3545 4405 3125 4585 
3724 3545 4405 3125 4585 3546 4406 3126 4586 
3725 3546 4406 3126 4586 3547 4407 3127 4587 
3726 3547 4407 3127 4587 3548 4408 3128 4588 
3727 3548 4408 3128 4588 3549 4409 3129 4589 
3728 3549 4409 3129 4589 3550 4410 3130 4590 
3729 3550 4410 3130 4590 3551 4411 3131 4591 
3730 3551 4411 3131 4591 3552 4412 3132 4592 
3731 3552 4412 3132 4592 701 744 680 753 
3732 168 216 259 199 3073 4033 4893 3693 
3733 3073 4033 4893 3693 3074 4034 4894 3694 
3734 3074 4034 4894 3694 3075 4035 4895 3695 
3735 3075 4035 4895 3695 3076 4036 4896 3696 
3736 3076 4036 4896 3696 3077 4037 4897 3697 
3737 3077 4037 4897 3697 3078 4038 4898 3698 
3738 3078 4038 4898 3698 3079 4039 4899 3699 
3739 3079 4039 4899 3699 3080 4040 4900 3700 
3740 3080 4040 4900 3700 3081 4041 4901 3701 
3741 3081 4041 4901 3701 3082 4042 4902 3702 
3742 3082 4042 4902 3702 3083 4043 4903 3703 
3743 3083 4043 4903 3703 3084 4044 4904 3704 
3744 3084 4044 4904 3704 3085 4045 4905 3705 
3745 3085 4045 4905 3705 3086 4046 4906 3706 
3746 3086 4046 4906 3706 3087 4047 4907 3707 
3747 3087 4047 4907 3707 3088 4048 4908 3708 
3748 3088 4048 4908 3708 3089 4049 4909 3709 
3749 3089 4049 4909 3709 3090 4050 4910 3710 
3750 3090 4050 4910 3710 3091 4051 4911 3711 
3751 3091 4051 4911 3711 3092 4052 4912 3712 
3752 3092 4052 4912 3712 678 726 769 709 
3753 183 237 261 248 3373 4453 4933 4673 
3754 3373 4453 4933 4673 3374 4454 4934 4674 
3755 3374 4454 4934 4674 3375 4455 4935 4675 
3756 3375 4455 4935 4675 3376 4456 4936 4676 
3757 3376 4456 4936 4676 3377 4457 4937 4677 
3758 3377 4457 4937 4677 3378 4458 4938 4678 
3759 3378 4458 4938 4678 3379 4459 4939 4679 
3760 3379 4459 4939 4679 3380 4460 4940 4680 
3761 3380 4460 4940 4680 3381 4461 4941 4681 
3762 3381 4461 4941 4681 3382 4462 4942 4682 
3763 3382 4462 4942 4682 3383 4463 4943 4683 
3764 3383 4463 4943 4683 3384 4464 4944 4684 
3765 3384 4464 4944 4684 3385 4465 4945 4685 
3766 3385 4465 4945 4685 3386 4466 4946 4686 
3767 3386 4466 4946 4686 3387 4467 4947 4687 
3768 3387 4467 4947 4687 3388 4468 4948 4688 
3769 3388 4468 4948 4688 3389 4469 4949 4689 
3770 3389 4469 4949 4689 3390 4470 4950 4690 
3771 3390 4470 4950 4690 3391 4471 4951 4691 
3772 3391 4471 4951 4691 3392 4472 4952 4692 
3773 3392 4472 4952 4692 693 747 771 758 
3774 208 225 197 162 3873 4213 3653 2953 
3775 3873 4213 3653 2953 3874 4214 3654 2954 
3776 3874 4214 3654 2954 3875 4215 3655 2955 
3777 3875 4215 3655 2955 3876 4216 3656 2956 
3778 3876 4216 3656 2956 3877 4217 3657 2957 
3779 3877 4217 3657 2957 3878 4218 3658 2958 
3780 3878 4218 3658 2958 3879 4219 3659 2959 
3781 3879 4219 3659 2959 3880 4220 3660 2960 
3782 3880 4220 3660 2960 3881 4221 3661 2961 
3783 3881 4221 3661 2961 3882 4222 3662 2962 
3784 3882 4222 3662 2962 3883 4223 3663 2963 
3785 3883 4223 3663 2963 3884 4224 3664 2964 
3786 3884 4224 3664 2964 3885 4225 3665 2965 
3787 3885 4225 3665 2965 3886 4226 3666 2966 
3788 3886 4226 3666 2966 3887 4227 3667 2967 
3789 3887 4227 3667 2967 3888 4228 3668 2968 
3790 3888 4228 3668 2968 3889 4229 3669 2969 
3791 3889 4229 3669 2969 3890 4230 3670 2970 
3792 3890 4230 3670 2970 3891 4231 3671 2971 
3793 3891 4231 3671 2971 3892 4232 3672 2972 
3794 3892 4232 3672 2972 718 735 707 672 
3795 155 230 193 212 2813 4313 3573 3953 
3796 2813 4313 3573 3953 2814 4314 3574 3954 
3797 2814 4314 3574 3954 2815 4315 3575 3955 
3798 2815 4315 3575 3955 2816 4316 3576 3956 
3799 2816 4316 3576 3956 2817 4317 3577 3957 
3800 2817 4317 3577 3957 2818 4318 3578 3958 
3801 2818 4318 3578 3958 2819 4319 3579 3959 
3802 2819 4319 3579 3959 2820 4320 3580 3960 
3803 2820 4320 3580 3960 2821 4321 3581 3961 
3804 2821 4321 3581 3961 2822 4322 3582 3962 
3805 2822 4322 3582 3962 2823 4323 3583 3963 
3806 2823 4323 3583 3963 2824 4324 3584 3964 
3807 2824 4324 3584 3964 2825 4325 3585 3965 
3808 2825 4325 3585 3965 2826 4326 3586 3966 
3809 2826 4326 3586 3966 2827 4327 3587 3967 
3810 2827 4327 3587 3967 2828 4328 3588 3968 
3811 2828 4328 3588 3968 2829 4329 3589 3969 
3812 2829 4329 3589 3969 2830 4330 3590 3970 
3813 2830 4330 3590 3970 2831 4331 3591 3971 
3814 2831 4331 3591 3971 2832 4332 3592 3972 
3815 2832 4332 3592 3972 665 740 703 722 
3816 198 160 236 218 3673 2913 4433 4073 
3817 3673 2913 4433 4073 3674 2914 4434 4074 
3818 3674 2914 4434 4074 3675 2915 4435 4075 
3819 3675 2915 4435 4075 3676 2916 4436 4076 
3820 3676 2916 4436 4076 3677 2917 4437 4077 
3821 3677 2917 4437 4077 3678 2918 4438 4078 
3822 3678 2918 4438 4078 3679 2919 4439 4079 
3823 3679 2919 4439 4079 3680 2920 4440 4080 
3824 3680 2920 4440 4080 3681 2921 4441 4081 
3825 3681 2921 4441 4081 3682 2922 4442 4082 
3826 3682 2922 4442 4082 3683 2923 4443 4083 
3827 3683 2923 4443 4083 3684 2924 4444 4084 
3828 3684 2924 4444 4084 3685 2925 4445 4085 
3829 3685 2925 4445 4085 3686 2926 4446 4086 
3830 3686 2926 4446 4086 3687 2927 4447 4087 
3831 3687 2927 4447 4087 3688 2928 4448 4088 
3832 3688 2928 4448 4088 3689 2929 4449 4089 
3833 3689 2929 4449 4089 3690 2930 4450 4090 
3834 3690 2930 4450 4090 3691 2931 4451 4091 
3835 3691 2931 4451 4091 3692 2932 4452 4092 
3836 3692 2932 4452 4092 708 670 746 728 
3837 238 167 244 207 4473 3053 4593 3853 
3838 4473 3053 4593 3853 4474 3054 4594 3854 
3839 4474 3054 4594 3854 4475 3055 4595 3855 
3840 4475 3055 4595 3855 4476 3056 4596 3856 
3841 4476 3056 4596 3856 4477 3057 4597 3857 
3842 4477 3057 4597 3857 4478 3058 4598 3858 
3843 4478 3058 4598 3858 4479 3059 4599 3859 
3844 4479 3059 4599 3859 4480 3060 4600 3860 
3845 4480 3060 4600 3860 4481 3061 4601 3861 
3846 4481 3061 4601 3861 4482 3062 4602 3862 
3847 4482 3062 4602 3862 4483 3063 4603 3863 
3848 4483 3063 4603 3863 4484 3064 4604 3864 
3849 4484 3064 4604 3864 4485 3065 4605 3865 
3850 4485 3065 4605 3865 4486 3066 4606 3866 
3851 4486 3066 4606 3866 4487 3067 4607 3867 
3852 4487 3067 4607 3867 4488 3068 4608 3868 
3853 4488 3068 4608 3868 4489 3069 4609 3869 
3854 4489 3069 4609 3869 4490 3070 4610 3870 
3855 4490 3070 4610 3870 4491 3071 4611 3871 
3856 4491 3071 4611 3871 4492 3072 4612 3872 
3857 4492 3072 4612 3872 748 677 754 717 
3858 255 207 244 258 4813 3853 4593 4873 
3859 4813 3853 4593 4873 4814 3854 4594 4874 
3860 4814 3854 4594 4874 4815 3855 4595 4875 
3861 4815 3855 4595 4875 4816 3856 4596 4876 
3862 4816 3856 4596 4876 4817 3857 4597 4877 
3863 4817 3857 4597 4877 4818 3858 4598 4878 
3864 4818 3858 4598 4878 4819 3859 4599 4879 
3865 4819 3859 4599 4879 4820 3860 4600 4880 
3866 4820 3860 4600 4880 4821 3861 4601 4881 
3867 4821 3861 4601 4881 4822 3862 4602 4882 
3868 4822 3862 4602 4882 4823 3863 4603 4883 
3869 4823 3863 4603 4883 4824 3864 4604 4884 
3870 4824 3864 4604 4884 4825 3865 4605 4885 
3871 4825 3865 4605 4885 4826 3866 4606 4886 
3872 4826 3866 4606 4886 4827 3867 4607 4887 
3873 4827 3867 4607 4887 4828 3868 4608 4888 
3874 4828 3868 4608 4888 4829 3869 4609 4889 
3875 4829 3869 4609 4889 4830 3870 4610 4890 
3876 4830 3870 4610 4890 4831 3871 4611 4891 
3877 4831 3871 4611 4891 4832 3872 4612 4892 
3878 4832 3872 4612 4892 765 717 754 768 
3879 218 228 210 198 4073 4273 3913 3673 
3880 4073 4273 3913 3673 4074 4274 3914 3674 
3881 4074 4274 3914 3674 4075 4275 3915 3675 
3882 4075 4275 3915 3675 4076 4276 3916 3676 
3883 4076 4276 3916 3676 4077 4277 3917 3677 
3884 4077 4277 3917 3677 4078 4278 3918 3678 
3885 4078 4278 3918 3678 4079 4279 3919 3679 
3886 4079 4279 3919 3679 4080 4280 3920 3680 
3887 4080 4280 3920 3680 4081 4281 3921 3681 
3888 4081 4281 3921 3681 4082 4282 3922 3682 
3889 4082 4282 3922 3682 4083 4283 3923 3683 
3890 4083 4283 3923 3683 4084 4284 3924 3684 
3891 4084 4284 3924 3684 4085 4285 3925 3685 
3892 4085 4285 3925 3685 4086 4286 3926 3686 
3893 4086 4286 3926 3686 4087 4287 3927 3687 
3894 4087 4287 3927 3687 4088 4288 3928 3688 
3895 4088 4288 3928 3688 4089 4289 3929 3689 
3896 4089 4289 3929 3689 4090 4290 3930 3690 
3897 4090 4290 3930 3690 4091 4291 3931 3691 
3898 4091 4291 3931 3691 4092 4292 3932 3692 
3899 4092 4292 3932 3692 728 738 720 708 
3900 226 231 222 176 4233 4333 4153 3233 
3901 4233 4333 4153 3233 4234 4334 4154 3234 
3902 4234 4334 4154 3234 4235 4335 4155 3235 
3903 4235 4335 4155 3235 4236 4336 4156 3236 
3904 4236 4336 4156 3236 4237 4337 4157 3237 
3905 4237 4337 4157 3237 4238 4338 4158 3238 
3906 4238 4338 4158 3238 4239 4339 4159 3239 
3907 4239 4339 4159 3239 4240 4340 4160 3240 
3908 4240 4340 4160 3240 4241 4341 4161 3241 
3909 4241 4341 4161 3241 4242 4342 4162 3242 
3910 4242 4342 4162 3242 4243 4343 4163 3243 
3911 4243 4343 4163 3243 4244 4344 4164 3244 
3912 4244 4344 4164 3244 4245 4345 4165 3245 
3913 4245 4345 4165 3245 4246 4346 4166 3246 
3914 4246 4346 4166 3246 4247 4347 4167 3247 
3915 4247 4347 4167 3247 4248 4348 4168 3248 
3916 4248 4348 4168 3248 4249 4349 4169 3249 
3917 4249 4349 4169 3249 4250 4350 4170 3250 
3918 4250 4350 4170 3250 4251 4351 4171 3251 
3919 4251 4351 4171 3251 4252 4352 4172 3252 
3920 4252 4352 4172 3252 736 741 732 686 
3921 169 221 260 200 3093 4133 4913 3713 
3922 3093 4133 4913 3713 3094 4134 4914 3714 
3923 3094 4134 4914 3714 3095 4135 4915 3715 
3924 3095 4135 4915 3715 3096 4136 4916 3716 
3925 3096 4136 4916 3716 3097 4137 4917 3717 
3926 3097 4137 4917 3717 3098 4138 4918 3718 
3927 3098 4138 4918 3718 3099 4139 4919 3719 
3928 3099 4139 4919 3719 3100 4140 4920 3720 
3929 3100 4140 4920 3720 3101 4141 4921 3721 
3930 3101 4141 4921 3721 3102 4142 4922 3722 
3931 3102 4142 4922 3722 3103 4143 4923 3723 
3932 3103 4143 4923 3723 3104 4144 4924 3724 
3933 3104 4144 4924 3724 3105 4145 4925 3725 
3934 3105 4145 4925 3725 3106 4146 4926 3726 
3935 3106 4146 4926 3726 3107 4147 4927 3727 
3936 3107 4147 4927 3727 3108 4148 4928 3728 
3937 3108 4148 4928 3728 3109 4149 4929 3729 
3938 3109 4149 4929 3729 3110 4150 4930 3730 
3939 3110 4150 4930 3730 3111 4151 4931 3731 
3940 3111 4151 4931 3731 3112 4152 4932 3732 
3941 3112 4152 4932 3732 679 731 770 710 
3942 227 232 157 233 4253 4353 2853 4373 
3943 4253 4353 2853 4373 4254 4354 2854 4374 
3944 4254 4354 2854 4374 4255 4355 2855 4375 
3945 4255 4355 2855 4375 4256 4356 2856 4376 
3946 4256 4356 2856 4376 4257 4357 2857 4377 
3947 4257 4357 2857 4377 4258 4358 2858 4378 
3948 4258 4358 2858 4378 4259 4359 2859 4379 
3949 4259 4359 2859 4379 4260 4360 2860 4380 
3950 4260 4360 2860 4380 4261 4361 2861 4381 
3951 4261 4361 2861 4381 4262 4362 2862 4382 
3952 4262 4362 2862 4382 4263 4363 2863 4383 
3953 4263 4363 2863 4383 4264 4364 2864 4384 
3954 4264 4364 2864 4384 4265 4365 2865 4385 
3955 4265 4365 2865 4385 4266 4366 2866 4386 
3956 4266 4366 2866 4386 4267 4367 2867 4387 
3957 4267 4367 2867 4387 4268 4368 2868 4388 
3958 4268 4368 2868 4388 4269 4369 2869 4389 
3959 4269 4369 2869 4389 4270 4370 2870 4390 
3960 4270 4370 2870 4390 4271 4371 2871 4391 
3961 4271 4371 2871 4391 4272 4372 2872 4392 
3962 4272 4372 2872 4392 737 742 667 743 
3963 157 232 192 217 2853 4353 3553 4053 
3964 2853 4353 3553 4053 2854 4354 3554 4054 
3965 2854 4354 3554 4054 2855 4355 3555 4055 
3966 2855 4355 3555 4055 2856 4356 3556 4056 
3967 2856 4356 3556 4056 2857 4357 3557 4057 
3968 2857 4357 3557 4057 2858 4358 3558 4058 
3969 2858 4358 3558 4058 2859 4359 3559 4059 
3970 2859 4359 3559 4059 2860 4360 3560 4060 
3971 2860 4360 3560 4060 2861 4361 3561 4061 
3972 2861 4361 3561 4061 2862 4362 3562 4062 
3973 2862 4362 3562 4062 2863 4363 3563 4063 
3974 2863 4363 3563 4063 2864 4364 3564 4064 
3975 2864 4364 3564 4064 2865 4365 3565 4065 
3976 2865 4365 3565 4065 2866 4366 3566 4066 
3977 2866 4366 3566 4066 2867 4367 3567 4067 
3978 2867 4367 3567 4067 2868 4368 3568 4068 
3979 2868 4368 3568 4068 2869 4369 3569 4069 
3980 2869 4369 3569 4069 2870 4370 3570 4070 
3981 2870 4370 3570 4070 2871 4371 3571 4071 
3982 2871 4371 3571 4071 2872 4372 3572 4072 
3983 2872 4372 3572 4072 667 742 702 727 
3984 181 186 188 187 3333 3433 3473 3453 
3985 3333 3433 3473 3453 3334 3434 3474 3454 
3986 3334 3434 3474 3454 3335 3435 3475 3455 
3987 3335 3435 3475 3455 3336 3436 3476 3456 
3988 3336 3436 3476 3456 3337 3437 3477 3457 
3989 3337 3437 3477 3457 3338 3438 3478 3458 
3990 3338 3438 3478 3458 3339 3439 3479 3459 
3991 3339 3439 3479 3459 3340 3440 3480 3460 
3992 3340 3440 3480 3460 3341 3441 3481 3461 
3993 3341 3441 3481 3461 3342 3442 3482 3462 
3994 3342 3442 3482 3462 3343 3443 3483 3463 
3995 3343 3443 3483 3463 3344 3444 3484 3464 
3996 3344 3444 3484 3464 3345 3445 3485 3465 
3997 3345 3445 3485 3465 3346 3446 3486 3466 
3998 3346 3446 3486 3466 3347 3447 3487 3467 
3999 3347 3447 3487 3467 3348 3448 3488 3468 
4000 3348 3448 3488 3468 3349 3449 3489 3469 
4001 3349 3449 3489 3469 3350 3450 3490 3470 
4002 3350 3450 3490 3470 3351 3451 3491 3471 
4003 3351 3451 3491 3471 3352 3452 3492 3472 
4004 3352 3452 3492 3472 691 696 698 697 
4005 224 206 235 178 4193 3833 4413 3273 
4006 4193 3833 4413 3273 4194 3834 4414 3274 
4007 4194 3834 4414 3274 4195 3835 4415 3275 
4008 4195 3835 4415 3275 4196 3836 4416 3276 
4009 4196 3836 4416 3276 4197 3837 4417 3277 
4010 4197 3837 4417 3277 4198 3838 4418 3278 
4011 4198 3838 4418 3278 4199 3839 4419 3279 
4012 4199 3839 4419 3279 4200 3840 4420 3280 
4013 4200 3840 4420 3280 4201 3841 4421 3281 
4014 4201 3841 4421 3281 4202 3842 4422 3282 
4015 4202 3842 4422 3282 4203 3843 4423 3283 
4016 4203 3843 4423 3283 4204 3844 4424 3284 
4017 4204 3844 4424 3284 4205 3845 4425 3285 
4018 4205 3845 4425 3285 4206 3846 4426 3286 
4019 4206 3846 4426 3286 4207 3847 4427 3287 
4020 4207 3847 4427 3287 4208 3848 4428 3288 
4021 4208 3848 4428 3288 4209 3849 4429 3289 
4022 4209 3849 4429 3289 4210 3850 4430 3290 
4023 4210 3850 4430 3290 4211 3851 4431 3291 
4024 4211 3851 4431 3291 4212 3852 4432 3292 
4025 4212 3852 4432 3292 734 716 745 688 
4026 188 186 239 189 3473 3433 4493 3493 
4027 3473 3433 4493 3493 3474 3434 4494 3494 
4028 3474 3434 4494 3494 3475 3435 4495 3495 
4029 3475 3435 4495 3495 3476 3436 4496 3496 
4030 3476 3436 4496 3496 3477 3437 4497 3497 
4031 3477 3437 4497 3497 3478 3438 4498 3498 
4032 3478 3438 4498 3498 3479 3439 4499 3499 
4033 3479 3439 4499 3499 3480 3440 4500 3500 
4034 3480 3440 4500 3500 3481 3441 4501 3501 
4035 3481 3441 4501 3501 3482 3442 4502 3502 
4036 3482 3442 4502 3502 3483 3443 4503 3503 
4037 3483 3443 4503 3503 3484 3444 4504 3504 
4038 3484 3444 4504 3504 3485 3445 4505 3505 
4039 3485 3445 4505 3505 3486 3446 4506 3506 
4040 3486 3446 4506 3506 3487 3447 4507 3507 
4041 3487 3447 4507 3507 3488 3448 4508 3508 
4042 3488 3448 4508 3508 3489 3449 4509 3509 
4043 3489 3449 4509 3509 3490 3450 4510 3510 
4044 3490 3450 4510 3510 3491 3451 4511 3511 
4045 3491 3451 4511 3511 3492 3452 4512 3512 
4046 3492 3452 4512 3512 698 696 749 699 
4047 187 188 191 229 3453 3473 3533 4293 
4048 3453 3473 3533 4293 3454 3474 3534 4294 
4049 3454 3474 3534 4294 3455 3475 3535 4295 
4050 3455 3475 3535 4295 3456 3476 3536 4296 
4051 3456 3476 3536 4296 3457 3477 3537 4297 
4052 3457 3477 3537 4297 3458 3478 3538 4298 
4053 3458 3478 3538 4298 3459 3479 3539 4299 
4054 3459 3479 3539 4299 3460 3480 3540 4300 
4055 3460 3480 3540 4300 3461 3481 3541 4301 
4056 3461 3481 3541 4301 3462 3482 3542 4302 
4057 3462 3482 3542 4302 3463 3483 3543 4303 
4058 3463 3483 3543 4303 3464 3484 3544 4304 
4059 3464 3484 3544 4304 3465 3485 3545 4305 
4060 3465 3485 3545 4305 3466 3486 3546 4306 
4061 3466 3486 3546 4306 3467 3487 3547 4307 
4062 3467 3487 3547 4307 3468 3488 3548 4308 
4063 3468 3488 3548 4308 3469 3489 3549 4309 
4064 3469 3489 3549 4309 3470 3490 3550 4310 
4065 3470 3490 3550 4310 3471 3491 3551 4311 
4066 3471 3491 3551 4311 3472 3492 3552 4312 
4067 3472 3492 3552 4312 697 698 701 739 
4068 174 223 177 233 3193 4173 3253 4373 
4069 3193 4173 3253 4373 3194 4174 3254 4374 
4070 3194 4174 3254 4374 3195 4175 3255 4375 
4071 3195 4175 3255 4375 3196 4176 3256 4376 
4072 3196 4176 3256 4376 3197 4177 3257 4377 
4073 3197 4177 3257 4377 3198 4178 3258 4378 
4074 3198 4178 3258 4378 3199 4179 3259 4379 
4075 3199 4179 3259 4379 3200 4180 3260 4380 
4076 3200 4180 3260 4380 3201 4181 3261 4381 
4077 3201 4181 3261 4381 3202 4182 3262 4382 
4078 3202 4182 3262 4382 3203 4183 3263 4383 
4079 3203 4183 3263 4383 3204 4184 3264 4384 
4080 3204 4184 3264 4384 3205 4185 3265 4385 
4081 3205 4185 3265 4385 3206 4186 3266 4386 
4082 3206 4186 3266 4386 3207 4187 3267 4387 
4083 3207 4187 3267 4387 3208 4188 3268 4388 
4084 3208 4188 3268 4388 3209 4189 3269 4389 
4085 3209 4189 3269 4389 3210 4190 3270 4390 
4086 3210 4190 3270 4390 3211 4191 3271 4391 
4087 3211 4191 3271 4391 3212 4192 3272 4392 
4088 3212 4192 3272 4392 684 733 687 743 
4089 191 188 189 190 3533 3473 3493 3513 
4090 3533 3473 3493 3513 3534 3474 3494 3514 
4091 3534 3474 3494 3514 3535 3475 3495 3515 
4092 3535 3475 3495 3515 3536 3476 3496 3516 
4093 3536 3476 3496 3516 3537 3477 3497 3517 
4094 3537 3477 3497 3517 3538 3478 3498 3518 
4095 3538 3478 3498 3518 3539 3479 3499 3519 
4096 3539 3479 3499 3519 3540 3480 3500 3520 
4097 3540 3480 3500 3520 3541 3481 3501 3521 
4098 3541 3481 3501 3521 3542 3482 3502 3522 
4099 3542 3482 3502 3522 3543 3483 3503 3523 
4100 3543 3483 3503 3523 3544 3484 3504 3524 
4101 3544 3484 3504 3524 3545 3485 3505 3525 
4102 3545 3485 3505 3525 3546 3486 3506 3526 
4103 3546 3486 3506 3526 3547 3487 3507 3527 
4104 3547 3487 3507 3527 3548 3488 3508 3528 
4105 3548 3488 3508 3528 3549 3489 3509 3529 
4106 3549 3489 3509 3529 3550 3490 3510 3530 
4107 3550 3490 3510 3530 3551 3491 3511 3531 
4108 3551 3491 3511 3531 3552 3492 3512 3532 
4109 3552 3492 3512 3532 701 698 699 700 
4110 204 205 247 165 3793 3813 4653 3013 
4111 3793 3813 4653 3013 3794 3814 4654 3014 
4112 3794 3814 4654 3014 3795 3815 4655 3015 
4113 3795 3815 4655 3015 3796 3816 4656 3016 
4114 3796 3816 4656 3016 3797 3817 4657 3017 
4115 3797 3817 4657 3017 3798 3818 4658 3018 
4116 3798 3818 4658 3018 3799 3819 4659 3019 
4117 3799 3819 4659 3019 3800 3820 4660 3020 
4118 3800 3820 4660 3020 3801 3821 4661 3021 
4119 3801 3821 4661 3021 3802 3822 4662 3022 
4120 3802 3822 4662 3022 3803 3823 4663 3023 
4121 3803 3823 4663 3023 3804 3824 4664 3024 
4122 3804 3824 4664 3024 3805 3825 4665 3025 
4123 3805 3825 4665 3025 3806 3826 4666 3026 
4124 3806 3826 4666 3026 3807 3827 4667 3027 
4125 3807 3827 4667 3027 3808 3828 4668 3028 
4126 3808 3828 4668 3028 3809 3829 4669 3029 
4127 3809 3829 4669 3029 3810 3830 4670 3030 
4128 3810 3830 4670 3030 3811 3831 4671 3031 
4129 3811 3831 4671 3031 3812 3832 4672 3032 
4130 3812 3832 4672 3032 714 715 757 675 
4131 70 124 250 163 1113 2193 4713 2973 
4132 1113 2193 4713 2973 1114 2194 4714 2974 
4133 1114 2194 4714 2974 1115 2195 4715 2975 
4134 1115 2195 4715 2975 1116 2196 4716 2976 
4135 1116 2196 4716 2976 1117 2197 4717 2977 
4136 1117 2197 4717 2977 1118 2198 4718 2978 
4137 1118 2198 4718 2978 1119 2199 4719 2979 
4138 1119 2199 4719 2979 1120 2200 4720 2980 
4139 1120 2200 4720 2980 1121 2201 4721 2981 
4140 1121 2201 4721 2981 1122 2202 4722 2982 
4141 1122 2202 4722 2982 1123 2203 4723 2983 
4142 1123 2203 4723 2983 1124 2204 4724 2984 
4143 1124 2204 4724 2984 1125 2205 4725 2985 
4144 1125 2205 4725 2985 1126 2206 4726 2986 
4145 1126 2206 4726 2986 1127 2207 4727 2987 
4146 1127 2207 4727 2987 1128 2208 4728 2988 
4147 1128 2208 4728 2988 1129 2209 4729 2989 
4148 1129 2209 4729 2989 1130 2210 4730 2990 
4149 1130 2210 4730 2990 1131 2211 4731 2991 
4150 1131 2211 4731 2991 1132 2212 4732 2992 
4151 1132 2212 4732 2992 580 634 760 673 
4152 207 189 239 238 3853 3493 4493 4473 
4153 3853 3493 4493 4473 3854 3494 4494 4474 
4154 3854 3494 4494 4474 3855 3495 4495 4475 
4155 3855 3495 4495 4475 3856 3496 4496 4476 
4156 3856 3496 4496 4476 3857 3497 4497 4477 
4157 3857 3497 4497 4477 3858 3498 4498 4478 
4158 3858 3498 4498 4478 3859 3499 4499 4479 
4159 3859 3499 4499 4479 3860 3500 4500 4480 
4160 3860 3500 4500 4480 3861 3501 4501 4481 
4161 3861 3501 4501 4481 3862 3502 4502 4482 
4162 3862 3502 4502 4482 3863 3503 4503 4483 
4163 3863 3503 4503 4483 3864 3504 4504 4484 
4164 3864 3504 4504 4484 3865 3505 4505 4485 
4165 3865 3505 4505 4485 3866 3506 4506 4486 
4166 3866 3506 4506 4486 3867 3507 4507 4487 
4167 3867 3507 4507 4487 3868 3508 4508 4488 
4168 3868 3508 4508 4488 3869 3509 4509 4489 
4169 3869 3509 4509 4489 3870 3510 4510 4490 
4170 3870 3510 4510 4490 3871 3511 4511 4491 
4171 3871 3511 4511 4491 3872 3512 4512 4492 
4172 3872 3512 4512 4492 717 699 749 748 
4173 209 182 58 172 3893 3353 873 3153 
4174 3893 3353 873 3153 3894 3354 874 3154 
4175 3894 3354 874 3154 3895 3355 875 3155 
4176 3895 3355 875 3155 3896 3356 876 3156 
4177 3896 3356 876 3156 3897 3357 877 3157 
4178 3897 3357 877 3157 3898 3358 878 3158 
4179 3898 3358 878 3158 3899 3359 879 3159 
4180 3899 3359 879 3159 3900 3360 880 3160 
4181 3900 3360 880 3160 3901 3361 881 3161 
4182 3901 3361 881 3161 3902 3362 882 3162 
4183 3902 3362 882 3162 3903 3363 883 3163 
4184 3903 3363 883 3163 3904 3364 884 3164 
4185 3904 3364 884 3164 3905 3365 885 3165 
4186 3905 3365 885 3165 3906 3366 886 3166 
4187 3906 3366 886 3166 3907 3367 887 3167 
4188 3907 3367 887 3167 3908 3368 888 3168 
4189 3908 3368 888 3168 3909 3369 889 3169 
4190 3909 3369 889 3169 3910 3370 890 3170 
4191 3910 3370 890 3170 3911 3371 891 3171 
4192 3911 3371 891 3171 3912 3372 892 3172 
4193 3912 3372 892 3172 719 692 568 682 
4194 191 243 149 229 3533 4573 2693 4293 
4195 3533 4573 2693 4293 3534 4574 2694 4294 
4196 3534 4574 2694 4294 3535 4575 2695 4295 
4197 3535 4575 2695 4295 3536 4576 2696 4296 
4198 3536 4576 2696 4296 3537 4577 2697 4297 
4199 3537 4577 2697 4297 3538 4578 2698 4298 
4200 3538 4578 2698 4298 3539 4579 2699 4299 
4201 3539 4579 2699 4299 3540 4580 2700 4300 
4202 3540 4580 2700 4300 3541 4581 2701 4301 
4203 3541 4581 2701 4301 3542 4582 2702 4302 
4204 3542 4582 2702 4302 3543 4583 2703 4303 
4205 3543 4583 2703 4303 3544 4584 2704 4304 
4206 3544 4584 2704 4304 3545 4585 2705 4305 
4207 3545 4585 2705 4305 3546 4586 2706 4306 
4208 3546 4586 2706 4306 3547 4587 2707 4307 
4209 3547 4587 2707 4307 3548 4588 2708 4308 
4210 3548 4588 2708 4308 3549 4589 2709 4309 
4211 3549 4589 2709 4309 3550 4590 2710 4310 
4212 3550 4590 2710 4310 3551 4591 2711 4311 
4213 3551 4591 2711 4311 3552 4592 2712 4312 
4214 3552 4592 2712 4312 701 753 659 739 
4215 254 216 215 240 4793 4033 4013 4513 
4216 4793 4033 4013 4513 4794 4034 4014 4514 
4217 4794 4034 4014 4514 4795 4035 4015 4515 
4218 4795 4035 4015 4515 4796 4036 4016 4516 
4219 4796 4036 4016 4516 4797 4037 4017 4517 
4220 4797 4037 4017 4517 4798 4038 4018 4518 
4221 4798 4038 4018 4518 4799 4039 4019 4519 
4222 4799 4039 4019 4519 4800 4040 4020 4520 
4223 4800 4040 4020 4520 4801 4041 4021 4521 
4224 4801 4041 4021 4521 4802 4042 4022 4522 
4225 4802 4042 4022 4522 4803 4043 4023 4523 
4226 4803 4043 4023 4523 4804 4044 4024 4524 
4227 4804 4044 4024 4524 4805 4045 4025 4525 
4228 4805 4045 4025 4525 4806 4046 4026 4526 
4229 4806 4046 4026 4526 4807 4047 4027 4527 
4230 4807 4047 4027 4527 4808 4048 4028 4528 
4231 4808 4048 4028 4528 4809 4049 4029 4529 
4232 4809 4049 4029 4529 4810 4050 4030 4530 
4233 4810 4050 4030 4530 4811 4051 4031 4531 
4234 4811 4051 4031 4531 4812 4052 4032 4532 
4235 4812 4052 4032 4532 764 726 725 750 
4236 87 173 183 88 1453 3173 3373 1473 
4237 1453 3173 3373 1473 1454 3174 3374 1474 
4238 1454 3174 3374 1474 1455 3175 3375 1475 
4239 1455 3175 3375 1475 1456 3176 3376 1476 
4240 1456 3176 3376 1476 1457 3177 3377 1477 
4241 1457 3177 3377 1477 1458 3178 3378 1478 
4242 1458 3178 3378 1478 1459 3179 3379 1479 
4243 1459 3179 3379 1479 1460 3180 3380 1480 
4244 1460 3180 3380 1480 1461 3181 3381 1481 
4245 1461 3181 3381 1481 1462 3182 3382 1482 
4246 1462 3182 3382 1482 1463 3183 3383 1483 
4247 1463 3183 3383 1483 1464 3184 3384 1484 
4248 1464 3184 3384 1484 1465 3185 3385 1485 
4249 1465 3185 3385 1485 1466 3186 3386 1486 
4250 1466 3186 3386 1486 1467 3187 3387 1487 
4251 1467 3187 3387 1487 1468 3188 3388 1488 
4252 1468 3188 3388 1488 1469 3189 3389 1489 
4253 1469 3189 3389 1489 1470 3190 3390 1490 
4254 1470 3190 3390 1490 1471 3191 3391 1491 
4255 1471 3191 3391 1491 1472 3192 3392 1492 
4256 1472 3192 3392 1492 597 683 693 598 
4257 236 160 256 253 4433 2913 4833 4773 
4258 4433 2913 4833 4773 4434 2914 4834 4774 
4259 4434 2914 4834 4774 4435 2915 4835 4775 
4260 4435 2915 4835 4775 4436 2916 4836 4776 
4261 4436 2916 4836 4776 4437 2917 4837 4777 
4262 4437 2917 4837 4777 4438 2918 4838 4778 
4263 4438 2918 4838 4778 4439 2919 4839 4779 
4264 4439 2919 4839 4779 4440 2920 4840 4780 
4265 4440 2920 4840 4780 4441 2921 4841 4781 
4266 4441 2921 4841 4781 4442 2922 4842 4782 
4267 4442 2922 4842 4782 4443 2923 4843 4783 
4268 4443 2923 4843 4783 4444 2924 4844 4784 
4269 4444 2924 4844 4784 4445 2925 4845 4785 
4270 4445 2925 4845 4785 4446 2926 4846 4786 
4271 4446 2926 4846 4786 4447 2927 4847 4787 
4272 4447 2927 4847 4787 4448 2928 4848 4788 
4273 4448 2928 4848 4788 4449 2929 4849 4789 
4274 4449 2929 4849 4789 4450 2930 4850 4790 
4275 4450 2930 4850 4790 4451 2931 4851 4791 
4276 4451 2931 4851 4791 4452 2932 4852 4792 
4277 4452 2932 4852 4792 746 670 766 763 
4278 178 235 253 148 3273 4413 4773 2673 
4279 3273 4413 4773 2673 3274 4414 4774 2674 
4280 3274 4414 4774 2674 3275 4415 4775 2675 
4281 3275 4415 4775 2675 3276 4416 4776 2676 
4282 3276 4416 4776 2676 3277 4417 4777 2677 
4283 3277 4417 4777 2677 3278 4418 4778 2678 
4284 3278 4418 4778 2678 3279 4419 4779 2679 
4285 3279 4419 4779 2679 3280 4420 4780 2680 
4286 3280 4420 4780 2680 3281 4421 4781 2681 
4287 3281 4421 4781 2681 3282 4422 4782 2682 
4288 3282 4422 4782 2682 3283 4423 4783 2683 
4289 3283 4423 4783 2683 3284 4424 4784 2684 
4290 3284 4424 4784 2684 3285 4425 4785 2685 
4291 3285 4425 4785 2685 3286 4426 4786 2686 
4292 3286 4426 4786 2686 3287 4427 4787 2687 
4293 3287 4427 4787 2687 3288 4428 4788 2688 
4294 3288 4428 4788 2688 3289 4429 4789 2689 
4295 3289 4429 4789 2689 3290 4430 4790 2690 
4296 3290 4430 4790 2690 3291 4431 4791 2691 
4297 3291 4431 4791 2691 3292 4432 4792 2692 
4298 3292 4432 4792 2692 688 745 763 658 
4299 153 245 202 203 2773 4613 3753 3773 
4300 2773 4613 3753 3773 2774 4614 3754 3774 
4301 2774 4614 3754 3774 2775 4615 3755 3775 
4302 2775 4615 3755 3775 2776 4616 3756 3776 
4303 2776 4616 3756 3776 2777 4617 3757 3777 
4304 2777 4617 3757 3777 2778 4618 3758 3778 
4305 2778 4618 3758 3778 2779 4619 3759 3779 
4306 2779 4619 3759 3779 2780 4620 3760 3780 
4307 2780 4620 3760 3780 2781 4621 3761 3781 
4308 2781 4621 3761 3781 2782 4622 3762 3782 
4309 2782 4622 3762 3782 2783 4623 3763 3783 
4310 2783 4623 3763 3783 2784 4624 3764 3784 
4311 2784 4624 3764 3784 2785 4625 3765 3785 
4312 2785 4625 3765 3785 2786 4626 3766 3786 
4313 2786 4626 3766 3786 2787 4627 3767 3787 
4314 2787 4627 3767 3787 2788 4628 3768 3788 
4315 2788 4628 3768 3788 2789 4629 3769 3789 
4316 2789 4629 3769 3789 2790 4630 3770 3790 
4317 2790 4630 3770 3790 2791 4631 3771 3791 
4318 2791 4631 3771 3791 2792 4632 3772 3792 
4319 2792 4632 3772 3792 663 755 712 713 
4320 240 215 214 242 4513 4013 3993 4553 
4321 4513 4013 3993 4553 4514 4014 3994 4554 
4322 4514 4014 3994 4554 4515 4015 3995 4555 
4323 4515 4015 3995 4555 4516 4016 3996 4556 
4324 4516 4016 3996 4556 4517 4017 3997 4557 
4325 4517 4017 3997 4557 4518 4018 3998 4558 
4326 4518 4018 3998 4558 4519 4019 3999 4559 
4327 4519 4019 3999 4559 4520 4020 4000 4560 
4328 4520 4020 4000 4560 4521 4021 4001 4561 
4329 4521 4021 4001 4561 4522 4022 4002 4562 
4330 4522 4022 4002 4562 4523 4023 4003 4563 
4331 4523 4023 4003 4563 4524 4024 4004 4564 
4332 4524 4024 4004 4564 4525 4025 4005 4565 
4333 4525 4025 4005 4565 4526 4026 4006 4566 
4334 4526 4026 4006 4566 4527 4027 4007 4567 
4335 4527 4027 4007 4567 4528 4028 4008 4568 
4336 4528 4028 4008 4568 4529 4029 4009 4569 
4337 4529 4029 4009 4569 4530 4030 4010 4570 
4338 4530 4030 4010 4570 4531 4031 4011 4571 
4339 4531 4031 4011 4571 4532 4032 4012 4572 
4340 4532 4032 4012 4572 750 725 724 752 
4341 181 187 218 236 3333 3453 4073 4433 
4342 3333 3453 4073 4433 3334 3454 4074 4434 
4343 3334 3454 4074 4434 3335 3455 4075 4435 
4344 3335 3455 4075 4435 3336 3456 4076 4436 
4345 3336 3456 4076 4436 3337 3457 4077 4437 
4346 3337 3457 4077 4437 3338 3458 4078 4438 
4347 3338 3458 4078 4438 3339 3459 4079 4439 
4348 3339 3459 4079 4439 3340 3460 4080 4440 
4349 3340 3460 4080 4440 3341 3461 4081 4441 
4350 3341 3461 4081 4441 3342 3462 4082 4442 
4351 3342 3462 4082 4442 3343 3463 4083 4443 
4352 3343 3463 4083 4443 3344 3464 4084 4444 
4353 3344 3464 4084 4444 3345 3465 4085 4445 
4354 3345 3465 4085 4445 3346 3466 4086 4446 
4355 3346 3466 4086 4446 3347 3467 4087 4447 
4356 3347 3467 4087 4447 3348 3468 4088 4448 
4357 3348 3468 4088 4448 3349 3469 4089 4449 
4358 3349 3469 4089 4449 3350 3470 4090 4450 
4359 3350 3470 4090 4450 3351 3471 4091 4451 
4360 3351 3471 4091 4451 3352 3472 4092 4452 
4361 3352 3472 4092 4452 691 697 728 746 
4362 254 195 259 216 4793 3613 4893 4033 
4363 4793 3613 4893 4033 4794 3614 4894 4034 
4364 4794 3614 4894 4034 4795 3615 4895 4035 
4365 4795 3615 4895 4035 4796 3616 4896 4036 
4366 4796 3616 4896 4036 4797 3617 4897 4037 
4367 4797 3617 4897 4037 4798 3618 4898 4038 
4368 4798 3618 4898 4038 4799 3619 4899 4039 
4369 4799 3619 4899 4039 4800 3620 4900 4040 
4370 4800 3620 4900 4040 4801 3621 4901 4041 
4371 4801 3621 4901 4041 4802 3622 4902 4042 
4372 4802 3622 4902 4042 4803 3623 4903 4043 
4373 4803 3623 4903 4043 4804 3624 4904 4044 
4374 4804 3624 4904 4044 4805 3625 4905 4045 
4375 4805 3625 4905 4045 4806 3626 4906 4046 
4376 4806 3626 4906 4046 4807 3627 4907 4047 
4377 4807 3627 4907 4047 4808 3628 4908 4048 
4378 4808 3628 4908 4048 4809 3629 4909 4049 
4379 4809 3629 4909 4049 4810 3630 4910 4050 
4380 4810 3630 4910 4050 4811 3631 4911 4051 
4381 4811 3631 4911 4051 4812 3632 4912 4052 
4382 4812 3632 4912 4052 764 705 769 726 
4383 169 246 241 221 3093 4633 4533 4133 
4384 3093 4633 4533 4133 3094 4634 4534 4134 
4385 3094 4634 4534 4134 3095 4635 4535 4135 
4386 3095 4635 4535 4135 3096 4636 4536 4136 
4387 3096 4636 4536 4136 3097 4637 4537 4137 
4388 3097 4637 4537 4137 3098 4638 4538 4138 
4389 3098 4638 4538 4138 3099 4639 4539 4139 
4390 3099 4639 4539 4139 3100 4640 4540 4140 
4391 3100 4640 4540 4140 3101 4641 4541 4141 
4392 3101 4641 4541 4141 3102 4642 4542 4142 
4393 3102 4642 4542 4142 3103 4643 4543 4143 
4394 3103 4643 4543 4143 3104 4644 4544 4144 
4395 3104 4644 4544 4144 3105 4645 4545 4145 
4396 3105 4645 4545 4145 3106 4646 4546 4146 
4397 3106 4646 4546 4146 3107 4647 4547 4147 
4398 3107 4647 4547 4147 3108 4648 4548 4148 
4399 3108 4648 4548 4148 3109 4649 4549 4149 
4400 3109 4649 4549 4149 3110 4650 4550 4150 
4401 3110 4650 4550 4150 3111 4651 4551 4151 
4402 3111 4651 4551 4151 3112 4652 4552 4152 
4403 3112 4652 4552 4152 679 756 751 731 
4404 129 179 184 130 2293 3293 3393 2313 
4405 2293 3293 3393 2313 2294 3294 3394 2314 
4406 2294 3294 3394 2314 2295 3295 3395 2315 
4407 2295 3295 3395 2315 2296 3296 3396 2316 
4408 2296 3296 3396 2316 2297 3297 3397 2317 
4409 2297 3297 3397 2317 2298 3298 3398 2318 
4410 2298 3298 3398 2318 2299 3299 3399 2319 
4411 2299 3299 3399 2319 2300 3300 3400 2320 
4412 2300 3300 3400 2320 2301 3301 3401 2321 
4413 2301 3301 3401 2321 2302 3302 3402 2322 
4414 2302 3302 3402 2322 2303 3303 3403 2323 
4415 2303 3303 3403 2323 2304 3304 3404 2324 
4416 2304 3304 3404 2324 2305 3305 3405 2325 
4417 2305 3305 3405 2325 2306 3306 3406 2326 
4418 2306 3306 3406 2326 2307 3307 3407 2327 
4419 2307 3307 3407 2327 2308 3308 3408 2328 
4420 2308 3308 3408 2328 2309 3309 3409 2329 
4421 2309 3309 3409 2329 2310 3310 3410 2330 
4422 2310 3310 3410 2330 2311 3311 3411 2331 
4423 2311 3311 3411 2331 2312 3312 3412 2332 
4424 2312 3312 3412 2332 639 689 694 640 
4425 228 252 182 210 4273 4753 3353 3913 
4426 4273 4753 3353 3913 4274 4754 3354 3914 
4427 4274 4754 3354 3914 4275 4755 3355 3915 
4428 4275 4755 3355 3915 4276 4756 3356 3916 
4429 4276 4756 3356 3916 4277 4757 3357 3917 
4430 4277 4757 3357 3917 4278 4758 3358 3918 
4431 4278 4758 3358 3918 4279 4759 3359 3919 
4432 4279 4759 3359 3919 4280 4760 3360 3920 
4433 4280 4760 3360 3920 4281 4761 3361 3921 
4434 4281 4761 3361 3921 4282 4762 3362 3922 
4435 4282 4762 3362 3922 4283 4763 3363 3923 
4436 4283 4763 3363 3923 4284 4764 3364 3924 
4437 4284 4764 3364 3924 4285 4765 3365 3925 
4438 4285 4765 3365 3925 4286 4766 3366 3926 
4439 4286 4766 3366 3926 4287 4767 3367 3927 
4440 4287 4767 3367 3927 4288 4768 3368 3928 
4441 4288 4768 3368 3928 4289 4769 3369 3929 
4442 4289 4769 3369 3929 4290 4770 3370 3930 
4443 4290 4770 3370 3930 4291 4771 3371 3931 
4444 4291 4771 3371 3931 4292 4772 3372 3932 
4445 4292 4772 3372 3932 738 762 692 720 
4446 233 157 156 174 4373 2853 2833 3193 
4447 4373 2853 2833 3193 4374 2854 2834 3194 
4448 4374 2854 2834 3194 4375 2855 2835 3195 
4449 4375 2855 2835 3195 4376 2856 2836 3196 
4450 4376 2856 2836 3196 4377 2857 2837 3197 
4451 4377 2857 2837 3197 4378 2858 2838 3198 
4452 4378 2858 2838 3198 4379 2859 2839 3199 
4453 4379 2859 2839 3199 4380 2860 2840 3200 
4454 4380 2860 2840 3200 4381 2861 2841 3201 
4455 4381 2861 2841 3201 4382 2862 2842 3202 
4456 4382 2862 2842 3202 4383 2863 2843 3203 
4457 4383 2863 2843 3203 4384 2864 2844 3204 
4458 4384 2864 2844 3204 4385 2865 2845 3205 
4459 4385 2865 2845 3205 4386 2866 2846 3206 
4460 4386 2866 2846 3206 4387 2867 2847 3207 
4461 4387 2867 2847 3207 4388 2868 2848 3208 
4462 4388 2868 2848 3208 4389 2869 2849 3209 
4463 4389 2869 2849 3209 4390 2870 2850 3210 
4464 4390 2870 2850 3210 4391 2871 2851 3211 
4465 4391 2871 2851 3211 4392 2872 2852 3212 
4466 4392 2872 2852 3212 743 667 666 684 
4467 191 190 255 234 3533 3513 4813 4393 
4468 3533 3513 4813 4393 3534 3514 4814 4394 
4469 3534 3514 4814 4394 3535 3515 4815 4395 
4470 3535 3515 4815 4395 3536 3516 4816 4396 
4471 3536 3516 4816 4396 3537 3517 4817 4397 
4472 3537 3517 4817 4397 3538 3518 4818 4398 
4473 3538 3518 4818 4398 3539 3519 4819 4399 
4474 3539 3519 4819 4399 3540 3520 4820 4400 
4475 3540 3520 4820 4400 3541 3521 4821 4401 
4476 3541 3521 4821 4401 3542 3522 4822 4402 
4477 3542 3522 4822 4402 3543 3523 4823 4403 
4478 3543 3523 4823 4403 3544 3524 4824 4404 
4479 3544 3524 4824 4404 3545 3525 4825 4405 
4480 3545 3525 4825 4405 3546 3526 4826 4406 
4481 3546 3526 4826 4406 3547 3527 4827 4407 
4482 3547 3527 4827 4407 3548 3528 4828 4408 
4483 3548 3528 4828 4408 3549 3529 4829 4409 
4484 3549 3529 4829 4409 3550 3530 4830 4410 
4485 3550 3530 4830 4410 3551 3531 4831 4411 
4486 3551 3531 4831 4411 3552 3532 4832 4412 
4487 3552 3532 4832 4412 701 700 765 744 
4488 178 199 259 224 3273 3693 4893 4193 
4489 3273 3693 4893 4193 3274 3694 4894 4194 
4490 3274 3694 4894 4194 3275 3695 4895 4195 
4491 3275 3695 4895 4195 3276 3696 4896 4196 
4492 3276 3696 4896 4196 3277 3697 4897 4197 
4493 3277 3697 4897 4197 3278 3698 4898 4198 
4494 3278 3698 4898 4198 3279 3699 4899 4199 
4495 3279 3699 4899 4199 3280 3700 4900 4200 
4496 3280 3700 4900 4200 3281 3701 4901 4201 
4497 3281 3701 4901 4201 3282 3702 4902 4202 
4498 3282 3702 4902 4202 3283 3703 4903 4203 
4499 3283 3703 4903 4203 3284 3704 4904 4204 
4500 3284 3704 4904 4204 3285 3705 4905 4205 
4501 3285 3705 4905 4205 3286 3706 4906 4206 
4502 3286 3706 4906 4206 3287 3707 4907 4207 
4503 3287 3707 4907 4207 3288 3708 4908 4208 
4504 3288 3708 4908 4208 3289 3709 4909 4209 
4505 3289 3709 4909 4209 3290 3710 4910 4210 
4506 3290 3710 4910 4210 3291 3711 4911 4211 
4507 3291 3711 4911 4211 3292 3712 4912 4212 
4508 3292 3712 4912 4212 688 709 769 734 
4509 261 237 167 238 4933 4453 3053 4473 
4510 4933 4453 3053 4473 4934 4454 3054 4474 
4511 4934 4454 3054 4474 4935 4455 3055 4475 
4512 4935 4455 3055 4475 4936 4456 3056 4476 
4513 4936 4456 3056 4476 4937 4457 3057 4477 
4514 4937 4457 3057 4477 4938 4458 3058 4478 
4515 4938 4458 3058 4478 4939 4459 3059 4479 
4516 4939 4459 3059 4479 4940 4460 3060 4480 
4517 4940 4460 3060 4480 4941 4461 3061 4481 
4518 4941 4461 3061 4481 4942 4462 3062 4482 
4519 4942 4462 3062 4482 4943 4463 3063 4483 
4520 4943 4463 3063 4483 4944 4464 3064 4484 
4521 4944 4464 3064 4484 4945 4465 3065 4485 
4522 4945 4465 3065 4485 4946 4466 3066 4486 
4523 4946 4466 3066 4486 4947 4467 3067 4487 
4524 4947 4467 3067 4487 4948 4468 3068 4488 
4525 4948 4468 3068 4488 4949 4469 3069 4489 
4526 4949 4469 3069 4489 4950 4470 3070 4490 
4527 4950 4470 3070 4490 4951 4471 3071 4491 
4528 4951 4471 3071 4491 4952 4472 3072 4492 
4529 4952 4472 3072 4492 771 747 677 748 
4530 179 200 260 225 3293 3713 4913 4213 
4531 3293 3713 4913 4213 3294 3714 4914 4214 
4532 3294 3714 4914 4214 3295 3715 4915 4215 
4533 3295 3715 4915 4215 3296 3716 4916 4216 
4534 3296 3716 4916 4216 3297 3717 4917 4217 
4535 3297 3717 4917 4217 3298 3718 4918 4218 
4536 3298 3718 4918 4218 3299 3719 4919 4219 
4537 3299 3719 4919 4219 3300 3720 4920 4220 
4538 3300 3720 4920 4220 3301 3721 4921 4221 
4539 3301 3721 4921 4221 3302 3722 4922 4222 
4540 3302 3722 4922 4222 3303 3723 4923 4223 
4541 3303 3723 4923 4223 3304 3724 4924 4224 
4542 3304 3724 4924 4224 3305 3725 4925 4225 
4543 3305 3725 4925 4225 3306 3726 4926 4226 
4544 3306 3726 4926 4226 3307 3727 4927 4227 
4545 3307 3727 4927 4227 3308 3728 4928 4228 
4546 3308 3728 4928 4228 3309 3729 4929 4229 
4547 3309 3729 4929 4229 3310 3730 4930 4230 
4548 3310 3730 4930 4230 3311 3731 4931 4231 
4549 3311 3731 4931 4231 3312 3732 4932 4232 
4550 3312 3732 4932 4232 689 710 770 735 
4551 124 136 158 250 2193 2433 2873 4713 
4552 2193 2433 2873 4713 2194 2434 2874 4714 
4553 2194 2434 2874 4714 2195 2435 2875 4715 
4554 2195 2435 2875 4715 2196 2436 2876 4716 
4555 2196 2436 2876 4716 2197 2437 2877 4717 
4556 2197 2437 2877 4717 2198 2438 2878 4718 
4557 2198 2438 2878 4718 2199 2439 2879 4719 
4558 2199 2439 2879 4719 2200 2440 2880 4720 
4559 2200 2440 2880 4720 2201 2441 2881 4721 
4560 2201 2441 2881 4721 2202 2442 2882 4722 
4561 2202 2442 2882 4722 2203 2443 2883 4723 
4562 2203 2443 2883 4723 2204 2444 2884 4724 
4563 2204 2444 2884 4724 2205 2445 2885 4725 
4564 2205 2445 2885 4725 2206 2446 2886 4726 
4565 2206 2446 2886 4726 2207 2447 2887 4727 
4566 2207 2447 2887 4727 2208 2448 2888 4728 
4567 2208 2448 2888 4728 2209 2449 2889 4729 
4568 2209 2449 2889 4729 2210 2450 2890 4730 
4569 2210 2450 2890 4730 2211 2451 2891 4731 
4570 2211 2451 2891 4731 2212 2452 2892 4732 
4571 2212 2452 2892 4732 634 646 668 760 
4572 106 244 167 100 1833 4593 3053 1713 
4573 1833 4593 3053 1713 1834 4594 3054 1714 
4574 1834 4594 3054 1714 1835 4595 3055 1715 
4575 1835 4595 3055 1715 1836 4596 3056 1716 
4576 1836 4596 3056 1716 1837 4597 3057 1717 
4577 1837 4597 3057 1717 1838 4598 3058 1718 
4578 1838 4598 3058 1718 1839 4599 3059 1719 
4579 1839 4599 3059 1719 1840 4600 3060 1720 
4580 1840 4600 3060 1720 1841 4601 3061 1721 
4581 1841 4601 3061 1721 1842 4602 3062 1722 
4582 1842 4602 3062 1722 1843 4603 3063 1723 
4583 1843 4603 3063 1723 1844 4604 3064 1724 
4584 1844 4604 3064 1724 1845 4605 3065 1725 
4585 1845 4605 3065 1725 1846 4606 3066 1726 
4586 1846 4606 3066 1726 1847 4607 3067 1727 
4587 1847 4607 3067 1727 1848 4608 3068 1728 
4588 1848 4608 3068 1728 1849 4609 3069 1729 
4589 1849 4609 3069 1729 1850 4610 3070 1730 
4590 1850 4610 3070 1730 1851 4611 3071 1731 
4591 1851 4611 3071 1731 1852 4612 3072 1732 
4592 1852 4612 3072 1732 616 754 677 610 
4593 161 224 259 195 2933 4193 4893 3613 
4594 2933 4193 4893 3613 2934 4194 4894 3614 
4595 2934 4194 4894 3614 2935 4195 4895 3615 
4596 2935 4195 4895 3615 2936 4196 4896 3616 
4597 2936 4196 4896 3616 2937 4197 4897 3617 
4598 2937 4197 4897 3617 2938 4198 4898 3618 
4599 2938 4198 4898 3618 2939 4199 4899 3619 
4600 2939 4199 4899 3619 2940 4200 4900 3620 
4601 2940 4200 4900 3620 2941 4201 4901 3621 
4602 2941 4201 4901 3621 2942 4202 4902 3622 
4603 2942 4202 4902 3622 2943 4203 4903 3623 
4604 2943 4203 4903 3623 2944 4204 4904 3624 
4605 2944 4204 4904 3624 2945 4205 4905 3625 
4606 2945 4205 4905 3625 2946 4206 4906 3626 
4607 2946 4206 4906 3626 2947 4207 4907 3627 
4608 2947 4207 4907 3627 2948 4208 4908 3628 
4609 2948 4208 4908 3628 2949 4209 4909 3629 
4610 2949 4209 4909 3629 2950 4210 4910 3630 
4611 2950 4210 4910 3630 2951 4211 4911 3631 
4612 2951 4211 4911 3631 2952 4212 4912 3632 
4613 2952 4212 4912 3632 671 734 769 705 
4614 189 207 255 190 3493 3853 4813 3513 
4615 3493 3853 4813 3513 3494 3854 4814 3514 
4616 3494 3854 4814 3514 3495 3855 4815 3515 
4617 3495 3855 4815 3515 3496 3856 4816 3516 
4618 3496 3856 4816 3516 3497 3857 4817 3517 
4619 3497 3857 4817 3517 3498 3858 4818 3518 
4620 3498 3858 4818 3518 3499 3859 4819 3519 
4621 3499 3859 4819 3519 3500 3860 4820 3520 
4622 3500 3860 4820 3520 3501 3861 4821 3521 
4623 3501 3861 4821 3521 3502 3862 4822 3522 
4624 3502 3862 4822 3522 3503 3863 4823 3523 
4625 3503 3863 4823 3523 3504 3864 4824 3524 
4626 3504 3864 4824 3524 3505 3865 4825 3525 
4627 3505 3865 4825 3525 3506 3866 4826 3526 
4628 3506 3866 4826 3526 3507 3867 4827 3527 
4629 3507 3867 4827 3527 3508 3868 4828 3528 
4630 3508 3868 4828 3528 3509 3869 4829 3529 
4631 3509 3869 4829 3529 3510 3870 4830 3530 
4632 3510 3870 4830 3530 3511 3871 4831 3531 
4633 3511 3871 4831 3531 3512 3872 4832 3532 
4634 3512 3872 4832 3532 699 717 765 700 
4635 221 197 225 260 4133 3653 4213 4913 
4636 4133 3653 4213 4913 4134 3654 4214 4914 
4637 4134 3654 4214 4914 4135 3655 4215 4915 
4638 4135 3655 4215 4915 4136 3656 4216 4916 
4639 4136 3656 4216 4916 4137 3657 4217 4917 
4640 4137 3657 4217 4917 4138 3658 4218 4918 
4641 4138 3658 4218 4918 4139 3659 4219 4919 
4642 4139 3659 4219 4919 4140 3660 4220 4920 
4643 4140 3660 4220 4920 4141 3661 4221 4921 
4644 4141 3661 4221 4921 4142 3662 4222 4922 
4645 4142 3662 4222 4922 4143 3663 4223 4923 
4646 4143 3663 4223 4923 4144 3664 4224 4924 
4647 4144 3664 4224 4924 4145 3665 4225 4925 
4648 4145 3665 4225 4925 4146 3666 4226 4926 
4649 4146 3666 4226 4926 4147 3667 4227 4927 
4650 4147 3667 4227 4927 4148 3668 4228 4928 
4651 4148 3668 4228 4928 4149 3669 4229 4929 
4652 4149 3669 4229 4929 4150 3670 4230 4930 
4653 4150 3670 4230 4930 4151 3671 4231 4931 
4654 4151 3671 4231 4931 4152 3672 4232 4932 
4655 4152 3672 4232 4932 731 707 735 770 
4656 159 251 170 234 2893 4733 3113 4393 
4657 2893 4733 3113 4393 2894 4734 3114 4394 
4658 2894 4734 3114 4394 2895 4735 3115 4395 
4659 2895 4735 3115 4395 2896 4736 3116 4396 
4660 2896 4736 3116 4396 2897 4737 3117 4397 
4661 2897 4737 3117 4397 2898 4738 3118 4398 
4662 2898 4738 3118 4398 2899 4739 3119 4399 
4663 2899 4739 3119 4399 2900 4740 3120 4400 
4664 2900 4740 3120 4400 2901 4741 3121 4401 
4665 2901 4741 3121 4401 2902 4742 3122 4402 
4666 2902 4742 3122 4402 2903 4743 3123 4403 
4667 2903 4743 3123 4403 2904 4744 3124 4404 
4668 2904 4744 3124 4404 2905 4745 3125 4405 
4669 2905 4745 3125 4405 2906 4746 3126 4406 
4670 2906 4746 3126 4406 2907 4747 3127 4407 
4671 2907 4747 3127 4407 2908 4748 3128 4408 
4672 2908 4748 3128 4408 2909 4749 3129 4409 
4673 2909 4749 3129 4409 2910 4750 3130 4410 
4674 2910 4750 3130 4410 2911 4751 3131 4411 
4675 2911 4751 3131 4411 2912 4752 3132 4412 
4676 2912 4752 3132 4412 669 761 680 744 
4677 262 261 238 239 4953 4933 4473 4493 
4678 4953 4933 4473 4493 4954 4934 4474 4494 
4679 4954 4934 4474 4494 4955 4935 4475 4495 
4680 4955 4935 4475 4495 4956 4936 4476 4496 
4681 4956 4936 4476 4496 4957 4937 4477 4497 
4682 4957 4937 4477 4497 4958 4938 4478 4498 
4683 4958 4938 4478 4498 4959 4939 4479 4499 
4684 4959 4939 4479 4499 4960 4940 4480 4500 
4685 4960 4940 4480 4500 4961 4941 4481 4501 
4686 4961 4941 4481 4501 4962 4942 4482 4502 
4687 4962 4942 4482 4502 4963 4943 4483 4503 
4688 4963 4943 4483 4503 4964 4944 4484 4504 
4689 4964 4944 4484 4504 4965 4945 4485 4505 
4690 4965 4945 4485 4505 4966 4946 4486 4506 
4691 4966 4946 4486 4506 4967 4947 4487 4507 
4692 4967 4947 4487 4507 4968 4948 4488 4508 
4693 4968 4948 4488 4508 4969 4949 4489 4509 
4694 4969 4949 4489 4509 4970 4950 4490 4510 
4695 4970 4950 4490 4510 4971 4951 4491 4511 
4696 4971 4951 4491 4511 4972 4952 4492 4512 
4697 4972 4952 4492 4512 772 771 748 749 
4698 183 248 249 88 3373 4673 4693 1473 
4699 3373 4673 4693 1473 3374 4674 4694 1474 
4700 3374 4674 4694 1474 3375 4675 4695 1475 
4701 3375 4675 4695 1475 3376 4676 4696 1476 
4702 3376 4676 4696 1476 3377 4677 4697 1477 
4703 3377 4677 4697 1477 3378 4678 4698 1478 
4704 3378 4678 4698 1478 3379 4679 4699 1479 
4705 3379 4679 4699 1479 3380 4680 4700 1480 
4706 3380 4680 4700 1480 3381 4681 4701 1481 
4707 3381 4681 4701 1481 3382 4682 4702 1482 
4708 3382 4682 4702 1482 3383 4683 4703 1483 
4709 3383 4683 4703 1483 3384 4684 4704 1484 
4710 3384 4684 4704 1484 3385 4685 4705 1485 
4711 3385 4685 4705 1485 3386 4686 4706 1486 
4712 3386 4686 4706 1486 3387 4687 4707 1487 
4713 3387 4687 4707 1487 3388 4688 4708 1488 
4714 3388 4688 4708 1488 3389 4689 4709 1489 
4715 3389 4689 4709 1489 3390 4690 4710 1490 
4716 3390 4690 4710 1490 3391 4691 4711 1491 
4717 3391 4691 4711 1491 3392 4692 4712 1492 
4718 3392 4692 4712 1492 693 758 759 598 
4719 186 185 262 239 3433 3413 4953 4493 
4720 3433 3413 4953 4493 3434 3414 4954 4494 
4721 3434 3414 4954 4494 3435 3415 4955 4495 
4722 3435 3415 4955 4495 3436 3416 4956 4496 
4723 3436 3416 4956 4496 3437 3417 4957 4497 
4724 3437 3417 4957 4497 3438 3418 4958 4498 
4725 3438 3418 4958 4498 3439 3419 4959 4499 
4726 3439 3419 4959 4499 3440 3420 4960 4500 
4727 3440 3420 4960 4500 3441 3421 4961 4501 
4728 3441 3421 4961 4501 3442 3422 4962 4502 
4729 3442 3422 4962 4502 3443 3423 4963 4503 
4730 3443 3423 4963 4503 3444 3424 4964 4504 
4731 3444 3424 4964 4504 3445 3425 4965 4505 
4732 3445 3425 4965 4505 3446 3426 4966 4506 
4733 3446 3426 4966 4506 3447 3427 4967 4507 
4734 3447 3427 4967 4507 3448 3428 4968 4508 
4735 3448 3428 4968 4508 3449 3429 4969 4509 
4736 3449 3429 4969 4509 3450 3430 4970 4510 
4737 3450 3430 4970 4510 3451 3431 4971 4511 
4738 3451 3431 4971 4511 3452 3432 4972 4512 
4739 3452 3432 4972 4512 696 695 772 749 
4740 163 250 262 185 2973 4713 4953 3413 
4741 2973 4713 4953 3413 2974 4714 4954 3414 
4742 2974 4714 4954 3414 2975 4715 4955 3415 
4743 2975 4715 4955 3415 2976 4716 4956 3416 
4744 2976 4716 4956 3416 2977 4717 4957 3417 
4745 2977 4717 4957 3417 2978 4718 4958 3418 
4746 2978 4718 4958 3418 2979 4719 4959 3419 
4747 2979 4719 4959 3419 2980 4720 4960 3420 
4748 2980 4720 4960 3420 2981 4721 4961 3421 
4749 2981 4721 4961 3421 2982 4722 4962 3422 
4750 2982 4722 4962 3422 2983 4723 4963 3423 
4751 2983 4723 4963 3423 2984 4724 4964 3424 
4752 2984 4724 4964 3424 2985 4725 4965 3425 
4753 2985 4725 4965 3425 2986 4726 4966 3426 
4754 2986 4726 4966 3426 2987 4727 4967 3427 
4755 2987 4727 4967 3427 2988 4728 4968 3428 
4756 2988 4728 4968 3428 2989 4729 4969 3429 
4757 2989 4729 4969 3429 2990 4730 4970 3430 
4758 2990 4730 4970 3430 2991 4731 4971 3431 
4759 2991 4731 4971 3431 2992 4732 4972 3432 
4760 2992 4732 4972 3432 673 760 772 695 
4761 261 262 250 158 4933 4953 4713 2873 
4762 4933 4953 4713 2873 4934 4954 4714 2874 
4763 4934 4954 4714 2874 4935 4955 4715 2875 
4764 4935 4955 4715 2875 4936 4956 4716 2876 
4765 4936 4956 4716 2876 4937 4957 4717 2877 
4766 4937 4957 4717 2877 4938 4958 4718 2878 
4767 4938 4958 4718 2878 4939 4959 4719 2879 
4768 4939 4959 4719 2879 4940 4960 4720 2880 
4769 4940 4960 4720 2880 4941 4961 4721 2881 
4770 4941 4961 4721 2881 4942 4962 4722 2882 
4771 4942 4962 4722 2882 4943 4963 4723 2883 
4772 4943 4963 4723 2883 4944 4964 4724 2884 
4773 4944 4964 4724 2884 4945 4965 4725 2885 
4774 4945 4965 4725 2885 4946 4966 4726 2886 
4775 4946 4966 4726 2886 4947 4967 4727 2887 
4776 4947 4967 4727 2887 4948 4968 4728 2888 
4777 4948 4968 4728 2888 4949 4969 4729 2889 
4778 4949 4969 4729 2889 4950 4970 4730 2890 
4779 4950 4970 4730 2890 4951 4971 4731 2891 
4780 4951 4971 4731 2891 4952 4972 4732 2892 
4781 4952 4972 4732 2892 771 772 760 668 
4782 236 253 235 180 4433 4773 4413 3313 
4783 4433 4773 4413 3313 4434 4774 4414 3314 
4784 4434 4774 4414 3314 4435 4775 4415 3315 
4785 4435 4775 4415 3315 4436 4776 4416 3316 
4786 4436 4776 4416 3316 4437 4777 4417 3317 
4787 4437 4777 4417 3317 4438 4778 4418 3318 
4788 4438 4778 4418 3318 4439 4779 4419 3319 
4789 4439 4779 4419 3319 4440 4780 4420 3320 
4790 4440 4780 4420 3320 4441 4781 4421 3321 
4791 4441 4781 4421 3321 4442 4782 4422 3322 
4792 4442 4782 4422 3322 4443 4783 4423 3323 
4793 4443 4783 4423 3323 4444 4784 4424 3324 
4794 4444 4784 4424 3324 4445 4785 4425 3325 
4795 4445 4785 4425 3325 4446 4786 4426 3326 
4796 4446 4786 4426 3326 4447 4787 4427 3327 
4797 4447 4787 4427 3327 4448 4788 4428 3328 
4798 4448 4788 4428 3328 4449 4789 4429 3329 
4799 4449 4789 4429 3329 4450 4790 4430 3330 
4800 4450 4790 4430 3330 4451 4791 4431 3331 
4801 4451 4791 4431 3331 4452 4792 4432 3332 
4802 4452 4792 4432 3332 746 763 745 690 
4803 112 258 244 106 1953 4873 4593 1833 
4804 1953 4873 4593 1833 1954 4874 4594 1834 
4805 1954 4874 4594 1834 1955 4875 4595 1835 
4806 1955 4875 4595 1835 1956 4876 4596 1836 
4807 1956 4876 4596 1836 1957 4877 4597 1837 
4808 1957 4877 4597 1837 1958 4878 4598 1838 
4809 1958 4878 4598 1838 1959 4879 4599 1839 
4810 1959 4879 4599 1839 1960 4880 4600 1840 
4811 1960 4880 4600 1840 1961 4881 4601 1841 
4812 1961 4881 4601 1841 1962 4882 4602 1842 
4813 1962 4882 4602 1842 1963 4883 4603 1843 
4814 1963 4883 4603 1843 1964 4884 4604 1844 
4815 1964 4884 4604 1844 1965 4885 4605 1845 
4816 1965 4885 4605 1845 1966 4886 4606 1846 
4817 1966 4886 4606 1846 1967 4887 4607 1847 
4818 1967 4887 4607 1847 1968 4888 4608 1848 
4819 1968 4888 4608 1848 1969 4889 4609 1849 
4820 1969 4889 4609 1849 1970 4890 4610 1850 
4821 1970 4890 4610 1850 1971 4891 4611 1851 
4822 1971 4891 4611 1851 1972 4892 4612 1852 
4823 1972 4892 4612 1852 622 768 754 616 
4824 130 159 258 112 2313 2893 4873 1953 
4825 2313 2893 4873 1953 2314 2894 4874 1954 
4826 2314 2894 4874 1954 2315 2895 4875 1955 
4827 2315 2895 4875 1955 2316 2896 4876 1956 
4828 2316 2896 4876 1956 2317 2897 4877 1957 
4829 2317 2897 4877 1957 2318 2898 4878 1958 
4830 2318 2898 4878 1958 2319 2899 4879 1959 
4831 2319 2899 4879 1959 2320 2900 4880 1960 
4832 2320 2900 4880 1960 2321 2901 4881 1961 
4833 2321 2901 4881 1961 2322 2902 4882 1962 
4834 2322 2902 4882 1962 2323 2903 4883 1963 
4835 2323 2903 4883 1963 2324 2904 4884 1964 
4836 2324 2904 4884 1964 2325 2905 4885 1965 
4837 2325 2905 4885 1965 2326 2906 4886 1966 
4838 2326 2906 4886 1966 2327 2907 4887 1967 
4839 2327 2907 4887 1967 2328 2908 4888 1968 
4840 2328 2908 4888 1968 2329 2909 4889 1969 
4841 2329 2909 4889 1969 2330 2910 4890 1970 
4842 2330 2910 4890 1970 2331 2911 4891 1971 
4843 2331 2911 4891 1971 2332 2912 4892 1972 
4844 2332 2912 4892 1972 640 669 768 622 
4845 234 255 258 159 4393 4813 4873 2893 
4846 4393 4813 4873 2893 4394 4814 4874 2894 
4847 4394 4814 4874 2894 4395 4815 4875 2895 
4848 4395 4815 4875 2895 4396 4816 4876 2896 
4849 4396 4816 4876 2896 4397 4817 4877 2897 
4850 4397 4817 4877 2897 4398 4818 4878 2898 
4851 4398 4818 4878 2898 4399 4819 4879 2899 
4852 4399 4819 4879 2899 4400 4820 4880 2900 
4853 4400 4820 4880 2900 4401 4821 4881 2901 
4854 4401 4821 4881 2901 4402 4822 4882 2902 
4855 4402 4822 4882 2902 4403 4823 4883 2903 
4856 4403 4823 4883 2903 4404 4824 4884 2904 
4857 4404 4824 4884 2904 4405 4825 4885 2905 
4858 4405 4825 4885 2905 4406 4826 4886 2906 
4859 4406 4826 4886 2906 4407 4827 4887 2907 
4860 4407 4827 4887 2907 4408 4828 4888 2908 
4861 4408 4828 4888 2908 4409 4829 4889 2909 
4862 4409 4829 4889 2909 4410 4830 4890 2910 
4863 4410 4830 4890 2910 4411 4831 4891 2911 
4864 4411 4831 4891 2911 4412 4832 4892 2912 
4865 4412 4832 4892 2912 744 765 768 669 
4866 228 229 149 252 4273 4293 2693 4753 
4867 4273 4293 2693 4753 4274 4294 2694 4754 
4868 4274 4294 2694 4754 4275 4295 2695 4755 
4869 4275 4295 2695 4755 4276 4296 2696 4756 
4870 4276 4296 2696 4756 4277 4297 2697 4757 
4871 4277 4297 2697 4757 4278 4298 2698 4758 
4872 4278 4298 2698 4758 4279 4299 2699 4759 
4873 4279 4299 2699 4759 4280 4300 2700 4760 
4874 4280 4300 2700 4760 4281 4301 2701 4761 
4875 4281 4301 2701 4761 4282 4302 2702 4762 
4876 4282 4302 2702 4762 4283 4303 2703 4763 
4877 4283 4303 2703 4763 4284 4304 2704 4764 
4878 4284 4304 2704 4764 4285 4305 2705 4765 
4879 4285 4305 2705 4765 4286 4306 2706 4766 
4880 4286 4306 2706 4766 4287 4307 2707 4767 
4881 4287 4307 2707 4767 4288 4308 2708 4768 
4882 4288 4308 2708 4768 4289 4309 2709 4769 
4883 4289 4309 2709 4769 4290 4310 2710 4770 
4884 4290 4310 2710 4770 4291 4311 2711 4771 
4885 4291 4311 2711 4771 4292 4312 2712 4772 
4886 4292 4312 2712 4772 738 739 659 762 
4887 249 248 261 158 4693 4673 4933 2873 
4888 4693 4673 4933 2873 4694 4674 4934 2874 
4889 4694 4674 4934 2874 4695 4675 4935 2875 
4890 4695 4675 4935 2875 4696 4676 4936 2876 
4891 4696 4676 4936 2876 4697 4677 4937 2877 
4892 4697 4677 4937 2877 4698 4678 4938 2878 
4893 4698 4678 4938 2878 4699 4679 4939 2879 
4894 4699 4679 4939 2879 4700 4680 4940 2880 
4895 4700 4680 4940 2880 4701 4681 4941 2881 
4896 4701 4681 4941 2881 4702 4682 4942 2882 
4897 4702 4682 4942 2882 4703 4683 4943 2883 
4898 4703 4683 4943 2883 4704 4684 4944 2884 
4899 4704 4684 4944 2884 4705 4685 4945 2885 
4900 4705 4685 4945 2885 4706 4686 4946 2886 
4901 4706 4686 4946 2886 4707 4687 4947 2887 
4902 4707 4687 4947 2887 4708 4688 4948 2888 
4903 4708 4688 4948 2888 4709 4689 4949 2889 
4904 4709 4689 4949 2889 4710 4690 4950 2890 
4905 4710 4690 4950 2890 4711 4691 4951 2891 
4906 4711 4691 4951 2891 4712 4692 4952 2892 
4907 4712 4692 4952 2892 759 758 771 668 
4908 73 171 54 72 1173 3133 793 1153 
4909 1173 3133 793 1153 1174 3134 794 1154 
4910 1174 3134 794 1154 1175 3135 795 1155 
4911 1175 3135 795 1155 1176 3136 796 1156 
4912 1176 3136 796 1156 1177 3137 797 1157 
4913 1177 3137 797 1157 1178 3138 798 1158 
4914 1178 3138 798 1158 1179 3139 799 1159 
4915 1179 3139 799 1159 1180 3140 800 1160 
4916 1180 3140 800 1160 1181 3141 801 1161 
4917 1181 3141 801 1161 1182 3142 802 1162 
4918 1182 3142 802 1162 1183 3143 803 1163 
4919 1183 3143 803 1163 1184 3144 804 1164 
4920 1184 3144 804 1164 1185 3145 805 1165 
4921 1185 3145 805 1165 1186 3146 806 1166 
4922 1186 3146 806 1166 1187 3147 807 1167 
4923 1187 3147 807 1167 1188 3148 808 1168 
4924 1188 3148 808 1168 1189 3149 809 1169 
4925 1189 3149 809 1169 1190 3150 810 1170 
4926 1190 3150 810 1170 1191 3151 811 1171 
4927 1191 3151 811 1171 1192 3152 812 1172 
4928 1192 3152 812 1172 583 681 564 582 
4929 55 54 171 154 813 793 3133 2793 
4930 813 793 3133 2793 814 794 3134 2794 
4931 814 794 3134 2794 815 795 3135 2795 
4932 815 795 3135 2795 816 796 3136 2796 
4933 816 796 3136 2796 817 797 3137 2797 
4934 817 797 3137 2797 818 798 3138 2798 
4935 818 798 3138 2798 819 799 3139 2799 
4936 819 799 3139 2799 820 800 3140 2800 
4937 820 800 3140 2800 821 801 3141 2801 
4938 821 801 3141 2801 822 802 3142 2802 
4939 822 802 3142 2802 823 803 3143 2803 
4940 823 803 3143 2803 824 804 3144 2804 
4941 824 804 3144 2804 825 805 3145 2805 
4942 825 805 3145 2805 826 806 3146 2806 
4943 826 806 3146 2806 827 807 3147 2807 
4944 827 807 3147 2807 828 808 3148 2808 
4945 828 808 3148 2808 829 809 3149 2809 
4946 829 809 3149 2809 830 810 3150 2810 
4947 830 810 3150 2810 831 811 3151 2811 
4948 831 811 3151 2811 832 812 3152 2812 
4949 832 812 3152 2812 565 564 681 664 
4950 66 164 202 65 1033 2993 3753 1013 
4951 1033 2993 3753 1013 1034 2994 3754 1014 
4952 1034 2994 3754 1014 1035 2995 3755 1015 
4953 1035 2995 3755 1015 1036 2996 3756 1016 
4954 1036 2996 3756 1016 1037 2997 3757 1017 
4955 1037 2997 3757 1017 1038 2998 3758 1018 
4956 1038 2998 3758 1018 1039 2999 3759 1019 
4957 1039 2999 3759 1019 1040 3000 3760 1020 
4958 1040 3000 3760 1020 1041 3001 3761 1021 
4959 1041 3001 3761 1021 1042 3002 3762 1022 
4960 1042 3002 3762 1022 1043 3003 3763 1023 
4961 1043 3003 3763 1023 1044 3004 3764 1024 
4962 1044 3004 3764 1024 1045 3005 3765 1025 
4963 1045 3005 3765 1025 1046 3006 3766 1026 
4964 1046 3006 3766 1026 1047 3007 3767 1027 
4965 1047 3007 3767 1027 1048 3008 3768 1028 
4966 1048 3008 3768 1028 1049 3009 3769 1029 
4967 1049 3009 3769 1029 1050 3010 3770 1030 
4968 1050 3010 3770 1030 1051 3011 3771 1031 
4969 1051 3011 3771 1031 1052 3012 3772 1032 
4970 1052 3012 3772 1032 576 674 712 575 
4971 79 174 156 78 1293 3193 2833 1273 
4972 1293 3193 2833 1273 1294 3194 2834 1274 
4973 1294 3194 2834 1274 1295 3195 2835 1275 
4974 1295 3195 2835 1275 1296 3196 2836 1276 
4975 1296 3196 2836 1276 1297 3197 2837 1277 
4976 1297 3197 2837 1277 1298 3198 2838 1278 
4977 1298 3198 2838 1278 1299 3199 2839 1279 
4978 1299 3199 2839 1279 1300 3200 2840 1280 
4979 1300 3200 2840 1280 1301 3201 2841 1281 
4980 1301 3201 2841 1281 1302 3202 2842 1282 
4981 1302 3202 2842 1282 1303 3203 2843 1283 
4982 1303 3203 2843 1283 1304 3204 2844 1284 
4983 1304 3204 2844 1284 1305 3205 2845 1285 
4984 1305 3205 2845 1285 1306 3206 2846 1286 
4985 1306 3206 2846 1286 1307 3207 2847 1287 
4986 1307 3207 2847 1287 1308 3208 2848 1288 
4987 1308 3208 2848 1288 1309 3209 2849 1289 
4988 1309 3209 2849 1289 1310 3210 2850 1290 
4989 1310 3210 2850 1290 1311 3211 2851 1291 
4990 1311 3211 2851 1291 1312 3212 2852 1292 
4991 1312 3212 2852 1292 589 684 666 588 
4992 158 136 88 249 2873 2433 1473 4693 
4993 2873 2433 1473 4693 2874 2434 1474 4694 
4994 2874 2434 1474 4694 2875 2435 1475 4695 
4995 2875 2435 1475 4695 2876 2436 1476 4696 
4996 2876 2436 1476 4696 2877 2437 1477 4697 
4997 2877 2437 1477 4697 2878 2438 1478 4698 
4998 2878 2438 1478 4698 2879 2439 1479 4699 
4999 2879 2439 1479 4699 2880 2440 1480 4700 
5000 2880 2440 1480 4700 2881 2441 1481 4701 
5001 2881 2441 1481 4701 2882 2442 1482 4702 
5002 2882 2442 1482 4702 2883 2443 1483 4703 
5003 2883 2443 1483 4703 2884 2444 1484 4704 
5004 2884 2444 1484 4704 2885 2445 1485 4705 
5005 2885 2445 1485 4705 2886 2446 1486 4706 
5006 2886 2446 1486 4706 2887 2447 1487 4707 
5007 2887 2447 1487 4707 2888 2448 1488 4708 
5008 2888 2448 1488 4708 2889 2449 1489 4709 
5009 2889 2449 1489 4709 2890 2450 1490 4710 
5010 2890 2450 1490 4710 2891 2451 1491 4711 
5011 2891 2451 1491 4711 2892 2452 1492 4712 
5012 2892 2452 1492 4712 668 646 598 759 
5013 253 256 118 148 4773 4833 2073 2673 
5014 4773 4833 2073 2673 4774 4834 2074 2674 
5015 4774 4834 2074 2674 4775 4835 2075 2675 
5016 4775 4835 2075 2675 4776 4836 2076 2676 
5017 4776 4836 2076 2676 4777 4837 2077 2677 
5018 4777 4837 2077 2677 4778 4838 2078 2678 
5019 4778 4838 2078 2678 4779 4839 2079 2679 
5020 4779 4839 2079 2679 4780 4840 2080 2680 
5021 4780 4840 2080 2680 4781 4841 2081 2681 
5022 4781 4841 2081 2681 4782 4842 2082 2682 
5023 4782 4842 2082 2682 4783 4843 2083 2683 
5024 4783 4843 2083 2683 4784 4844 2084 2684 
5025 4784 4844 2084 2684 4785 4845 2085 2685 
5026 4785 4845 2085 2685 4786 4846 2086 2686 
5027 4786 4846 2086 2686 4787 4847 2087 2687 
5028 4787 4847 2087 2687 4788 4848 2088 2688 
5029 4788 4848 2088 2688 4789 4849 2089 2689 
5030 4789 4849 2089 2689 4790 4850 2090 2690 
5031 4790 4850 2090 2690 4791 4851 2091 2691 
5032 4791 4851 2091 2691 4792 4852 2092 2692 
5033 4792 4852 2092 2692 763 766 628 658 
5034 138 165 150 137 2473 3013 2713 2453 
5035 2473 3013 2713 2453 2474 3014 2714 2454 
5036 2474 3014 2714 2454 2475 3015 2715 2455 
5037 2475 3015 2715 2455 2476 3016 2716 2456 
5038 2476 3016 2716 2456 2477 3017 2717 2457 
5039 2477 3017 2717 2457 2478 3018 2718 2458 
5040 2478 3018 2718 2458 2479 3019 2719 2459 
5041 2479 3019 2719 2459 2480 3020 2720 2460 
5042 2480 3020 2720 2460 2481 3021 2721 2461 
5043 2481 3021 2721 2461 2482 3022 2722 2462 
5044 2482 3022 2722 2462 2483 3023 2723 2463 
5045 2483 3023 2723 2463 2484 3024 2724 2464 
5046 2484 3024 2724 2464 2485 3025 2725 2465 
5047 2485 3025 2725 2465 2486 3026 2726 2466 
5048 2486 3026 2726 2466 2487 3027 2727 2467 
5049 2487 3027 2727 2467 2488 3028 2728 2468 
5050 2488 3028 2728 2468 2489 3029 2729 2469 
5051 2489 3029 2729 2469 2490 3030 2730 2470 
5052 2490 3030 2730 2470 2491 3031 2731 2471 
5053 2491 3031 2731 2471 2492 3032 2732 2472 
5054 2492 3032 2732 2472 648 675 660 647 
5055 144 143 214 152 2593 2573 3993 2753 
5056 2593 2573 3993 2753 2594 2574 3994 2754 
5057 2594 2574 3994 2754 2595 2575 3995 2755 
5058 2595 2575 3995 2755 2596 2576 3996 2756 
5059 2596 2576 3996 2756 2597 2577 3997 2757 
5060 2597 2577 3997 2757 2598 2578 3998 2758 
5061 2598 2578 3998 2758 2599 2579 3999 2759 
5062 2599 2579 3999 2759 2600 2580 4000 2760 
5063 2600 2580 4000 2760 2601 2581 4001 2761 
5064 2601 2581 4001 2761 2602 2582 4002 2762 
5065 2602 2582 4002 2762 2603 2583 4003 2763 
5066 2603 2583 4003 2763 2604 2584 4004 2764 
5067 2604 2584 4004 2764 2605 2585 4005 2765 
5068 2605 2585 4005 2765 2606 2586 4006 2766 
5069 2606 2586 4006 2766 2607 2587 4007 2767 
5070 2607 2587 4007 2767 2608 2588 4008 2768 
5071 2608 2588 4008 2768 2609 2589 4009 2769 
5072 2609 2589 4009 2769 2610 2590 4010 2770 
5073 2610 2590 4010 2770 2611 2591 4011 2771 
5074 2611 2591 4011 2771 2612 2592 4012 2772 
5075 2612 2592 4012 2772 654 653 724 662 
5076 219 166 150 220 4093 3033 2713 4113 
5077 4093 3033 2713 4113 4094 3034 2714 4114 
5078 4094 3034 2714 4114 4095 3035 2715 4115 
5079 4095 3035 2715 4115 4096 3036 2716 4116 
5080 4096 3036 2716 4116 4097 3037 2717 4117 
5081 4097 3037 2717 4117 4098 3038 2718 4118 
5082 4098 3038 2718 4118 4099 3039 2719 4119 
5083 4099 3039 2719 4119 4100 3040 2720 4120 
5084 4100 3040 2720 4120 4101 3041 2721 4121 
5085 4101 3041 2721 4121 4102 3042 2722 4122 
5086 4102 3042 2722 4122 4103 3043 2723 4123 
5087 4103 3043 2723 4123 4104 3044 2724 4124 
5088 4104 3044 2724 4124 4105 3045 2725 4125 
5089 4105 3045 2725 4125 4106 3046 2726 4126 
5090 4106 3046 2726 4126 4107 3047 2727 4127 
5091 4107 3047 2727 4127 4108 3048 2728 4128 
5092 4108 3048 2728 4128 4109 3049 2729 4129 
5093 4109 3049 2729 4129 4110 3050 2730 4130 
5094 4110 3050 2730 4130 4111 3051 2731 4131 
5095 4111 3051 2731 4131 4112 3052 2732 4132 
5096 4112 3052 2732 4132 729 676 660 730 
5097 151 150 165 247 2733 2713 3013 4653 
5098 2733 2713 3013 4653 2734 2714 3014 4654 
5099 2734 2714 3014 4654 2735 2715 3015 4655 
5100 2735 2715 3015 4655 2736 2716 3016 4656 
5101 2736 2716 3016 4656 2737 2717 3017 4657 
5102 2737 2717 3017 4657 2738 2718 3018 4658 
5103 2738 2718 3018 4658 2739 2719 3019 4659 
5104 2739 2719 3019 4659 2740 2720 3020 4660 
5105 2740 2720 3020 4660 2741 2721 3021 4661 
5106 2741 2721 3021 4661 2742 2722 3022 4662 
5107 2742 2722 3022 4662 2743 2723 3023 4663 
5108 2743 2723 3023 4663 2744 2724 3024 4664 
5109 2744 2724 3024 4664 2745 2725 3025 4665 
5110 2745 2725 3025 4665 2746 2726 3026 4666 
5111 2746 2726 3026 4666 2747 2727 3027 4667 
5112 2747 2727 3027 4667 2748 2728 3028 4668 
5113 2748 2728 3028 4668 2749 2729 3029 4669 
5114 2749 2729 3029 4669 2750 2730 3030 4670 
5115 2750 2730 3030 4670 2751 2731 3031 4671 
5116 2751 2731 3031 4671 2752 2732 3032 4672 
5117 2752 2732 3032 4672 661 660 675 757 
5118 151 246 220 150 2733 4633 4113 2713 
5119 2733 4633 4113 2713 2734 4634 4114 2714 
5120 2734 4634 4114 2714 2735 4635 4115 2715 
5121 2735 4635 4115 2715 2736 4636 4116 2716 
5122 2736 4636 4116 2716 2737 4637 4117 2717 
5123 2737 4637 4117 2717 2738 4638 4118 2718 
5124 2738 4638 4118 2718 2739 4639 4119 2719 
5125 2739 4639 4119 2719 2740 4640 4120 2720 
5126 2740 4640 4120 2720 2741 4641 4121 2721 
5127 2741 4641 4121 2721 2742 4642 4122 2722 
5128 2742 4642 4122 2722 2743 4643 4123 2723 
5129 2743 4643 4123 2723 2744 4644 4124 2724 
5130 2744 4644 4124 2724 2745 4645 4125 2725 
5131 2745 4645 4125 2725 2746 4646 4126 2726 
5132 2746 4646 4126 2726 2747 4647 4127 2727 
5133 2747 4647 4127 2727 2748 4648 4128 2728 
5134 2748 4648 4128 2728 2749 4649 4129 2729 
5135 2749 4649 4129 2729 2750 4650 4130 2730 
5136 2750 4650 4130 2730 2751 4651 4131 2731 
5137 2751 4651 4131 2731 2752 4652 4132 2732 
5138 2752 4652 4132 2732 661 756 730 660 
5139 240 242 245 153 4513 4553 4613 2773 
5140 4513 4553 4613 2773 4514 4554 4614 2774 
5141 4514 4554 4614 2774 4515 4555 4615 2775 
5142 4515 4555 4615 2775 4516 4556 4616 2776 
5143 4516 4556 4616 2776 4517 4557 4617 2777 
5144 4517 4557 4617 2777 4518 4558 4618 2778 
5145 4518 4558 4618 2778 4519 4559 4619 2779 
5146 4519 4559 4619 2779 4520 4560 4620 2780 
5147 4520 4560 4620 2780 4521 4561 4621 2781 
5148 4521 4561 4621 2781 4522 4562 4622 2782 
5149 4522 4562 4622 2782 4523 4563 4623 2783 
5150 4523 4563 4623 2783 4524 4564 4624 2784 
5151 4524 4564 4624 2784 4525 4565 4625 2785 
5152 4525 4565 4625 2785 4526 4566 4626 2786 
5153 4526 4566 4626 2786 4527 4567 4627 2787 
5154 4527 4567 4627 2787 4528 4568 4628 2788 
5155 4528 4568 4628 2788 4529 4569 4629 2789 
5156 4529 4569 4629 2789 4530 4570 4630 2790 
5157 4530 4570 4630 2790 4531 4571 4631 2791 
5158 4531 4571 4631 2791 4532 4572 4632 2792 
5159 4532 4572 4632 2792 750 752 755 663 
5160 222 231 154 171 4153 4333 2793 3133 
5161 4153 4333 2793 3133 4154 4334 2794 3134 
5162 4154 4334 2794 3134 4155 4335 2795 3135 
5163 4155 4335 2795 3135 4156 4336 2796 3136 
5164 4156 4336 2796 3136 4157 4337 2797 3137 
5165 4157 4337 2797 3137 4158 4338 2798 3138 
5166 4158 4338 2798 3138 4159 4339 2799 3139 
5167 4159 4339 2799 3139 4160 4340 2800 3140 
5168 4160 4340 2800 3140 4161 4341 2801 3141 
5169 4161 4341 2801 3141 4162 4342 2802 3142 
5170 4162 4342 2802 3142 4163 4343 2803 3143 
5171 4163 4343 2803 3143 4164 4344 2804 3144 
5172 4164 4344 2804 3144 4165 4345 2805 3145 
5173 4165 4345 2805 3145 4166 4346 2806 3146 
5174 4166 4346 2806 3146 4167 4347 2807 3147 
5175 4167 4347 2807 3147 4168 4348 2808 3148 
5176 4168 4348 2808 3148 4169 4349 2809 3149 
5177 4169 4349 2809 3149 4170 4350 2810 3150 
5178 4170 4350 2810 3150 4171 4351 2811 3151 
5179 4171 4351 2811 3151 4172 4352 2812 3152 
5180 4172 4352 2812 3152 732 741 664 681 
5181 212 154 231 155 3953 2793 4333 2813 
5182 3953 2793 4333 2813 3954 2794 4334 2814 
5183 3954 2794 4334 2814 3955 2795 4335 2815 
5184 3955 2795 4335 2815 3956 2796 4336 2816 
5185 3956 2796 4336 2816 3957 2797 4337 2817 
5186 3957 2797 4337 2817 3958 2798 4338 2818 
5187 3958 2798 4338 2818 3959 2799 4339 2819 
5188 3959 2799 4339 2819 3960 2800 4340 2820 
5189 3960 2800 4340 2820 3961 2801 4341 2821 
5190 3961 2801 4341 2821 3962 2802 4342 2822 
5191 3962 2802 4342 2822 3963 2803 4343 2823 
5192 3963 2803 4343 2823 3964 2804 4344 2824 
5193 3964 2804 4344 2824 3965 2805 4345 2825 
5194 3965 2805 4345 2825 3966 2806 4346 2826 
5195 3966 2806 4346 2826 3967 2807 4347 2827 
5196 3967 2807 4347 2827 3968 2808 4348 2828 
5197 3968 2808 4348 2828 3969 2809 4349 2829 
5198 3969 2809 4349 2829 3970 2810 4350 2830 
5199 3970 2810 4350 2830 3971 2811 4351 2831 
5200 3971 2811 4351 2831 3972 2812 4352 2832 
5201 3972 2812 4352 2832 722 664 741 665 
5202 217 175 156 157 4053 3213 2833 2853 
5203 4053 3213 2833 2853 4054 3214 2834 2854 
5204 4054 3214 2834 2854 4055 3215 2835 2855 
5205 4055 3215 2835 2855 4056 3216 2836 2856 
5206 4056 3216 2836 2856 4057 3217 2837 2857 
5207 4057 3217 2837 2857 4058 3218 2838 2858 
5208 4058 3218 2838 2858 4059 3219 2839 2859 
5209 4059 3219 2839 2859 4060 3220 2840 2860 
5210 4060 3220 2840 2860 4061 3221 2841 2861 
5211 4061 3221 2841 2861 4062 3222 2842 2862 
5212 4062 3222 2842 2862 4063 3223 2843 2863 
5213 4063 3223 2843 2863 4064 3224 2844 2864 
5214 4064 3224 2844 2864 4065 3225 2845 2865 
5215 4065 3225 2845 2865 4066 3226 2846 2866 
5216 4066 3226 2846 2866 4067 3227 2847 2867 
5217 4067 3227 2847 2867 4068 3228 2848 2868 
5218 4068 3228 2848 2868 4069 3229 2849 2869 
5219 4069 3229 2849 2869 4070 3230 2850 2870 
5220 4070 3230 2850 2870 4071 3231 2851 2871 
5221 4071 3231 2851 2871 4072 3232 2852 2872 
5222 4072 3232 2852 2872 727 685 666 667 
5223 202 245 242 214 3753 4613 4553 3993 
5224 3753 4613 4553 3993 3754 4614 4554 3994 
5225 3754 4614 4554 3994 3755 4615 4555 3995 
5226 3755 4615 4555 3995 3756 4616 4556 3996 
5227 3756 4616 4556 3996 3757 4617 4557 3997 
5228 3757 4617 4557 3997 3758 4618 4558 3998 
5229 3758 4618 4558 3998 3759 4619 4559 3999 
5230 3759 4619 4559 3999 3760 4620 4560 4000 
5231 3760 4620 4560 4000 3761 4621 4561 4001 
5232 3761 4621 4561 4001 3762 4622 4562 4002 
5233 3762 4622 4562 4002 3763 4623 4563 4003 
5234 3763 4623 4563 4003 3764 4624 4564 4004 
5235 3764 4624 4564 4004 3765 4625 4565 4005 
5236 3765 4625 4565 4005 3766 4626 4566 4006 
5237 3766 4626 4566 4006 3767 4627 4567 4007 
5238 3767 4627 4567 4007 3768 4628 4568 4008 
5239 3768 4628 4568 4008 3769 4629 4569 4009 
5240 3769 4629 4569 4009 3770 4630 4570 4010 
5241 3770 4630 4570 4010 3771 4631 4571 4011 
5242 3771 4631 4571 4011 3772 4632 4572 4012 
5243 3772 4632 4572 4012 712 755 752 724 
5244 214 143 65 202 3993 2573 1013 3753 
5245 3993 2573 1013 3753 3994 2574 1014 3754 
5246 3994 2574 1014 3754 3995 2575 1015 3755 
5247 3995 2575 1015 3755 3996 2576 1016 3756 
5248 3996 2576 1016 3756 3997 2577 1017 3757 
5249 3997 2577 1017 3757 3998 2578 1018 3758 
5250 3998 2578 1018 3758 3999 2579 1019 3759 
5251 3999 2579 1019 3759 4000 2580 1020 3760 
5252 4000 2580 1020 3760 4001 2581 1021 3761 
5253 4001 2581 1021 3761 4002 2582 1022 3762 
5254 4002 2582 1022 3762 4003 2583 1023 3763 
5255 4003 2583 1023 3763 4004 2584 1024 3764 
5256 4004 2584 1024 3764 4005 2585 1025 3765 
5257 4005 2585 1025 3765 4006 2586 1026 3766 
5258 4006 2586 1026 3766 4007 2587 1027 3767 
5259 4007 2587 1027 3767 4008 2588 1028 3768 
5260 4008 2588 1028 3768 4009 2589 1029 3769 
5261 4009 2589 1029 3769 4010 2590 1030 3770 
5262 4010 2590 1030 3770 4011 2591 1031 3771 
5263 4011 2591 1031 3771 4012 2592 1032 3772 
5264 4012 2592 1032 3772 724 653 575 712 
5265 175 84 78 156 3213 1393 1273 2833 
5266 3213 1393 1273 2833 3214 1394 1274 2834 
5267 3214 1394 1274 2834 3215 1395 1275 2835 
5268 3215 1395 1275 2835 3216 1396 1276 2836 
5269 3216 1396 1276 2836 3217 1397 1277 2837 
5270 3217 1397 1277 2837 3218 1398 1278 2838 
5271 3218 1398 1278 2838 3219 1399 1279 2839 
5272 3219 1399 1279 2839 3220 1400 1280 2840 
5273 3220 1400 1280 2840 3221 1401 1281 2841 
5274 3221 1401 1281 2841 3222 1402 1282 2842 
5275 3222 1402 1282 2842 3223 1403 1283 2843 
5276 3223 1403 1283 2843 3224 1404 1284 2844 
5277 3224 1404 1284 2844 3225 1405 1285 2845 
5278 3225 1405 1285 2845 3226 1406 1286 2846 
5279 3226 1406 1286 2846 3227 1407 1287 2847 
5280 3227 1407 1287 2847 3228 1408 1288 2848 
5281 3228 1408 1288 2848 3229 1409 1289 2849 
5282 3229 1409 1289 2849 3230 1410 1290 2850 
5283 3230 1410 1290 2850 3231 1411 1291 2851 
5284 3231 1411 1291 2851 3232 1412 1292 2852 
5285 3232 1412 1292 2852 685 594 588 666 
5286 166 125 137 150 3033 2213 2453 2713 
5287 3033 2213 2453 2713 3034 2214 2454 2714 
5288 3034 2214 2454 2714 3035 2215 2455 2715 
5289 3035 2215 2455 2715 3036 2216 2456 2716 
5290 3036 2216 2456 2716 3037 2217 2457 2717 
5291 3037 2217 2457 2717 3038 2218 2458 2718 
5292 3038 2218 2458 2718 3039 2219 2459 2719 
5293 3039 2219 2459 2719 3040 2220 2460 2720 
5294 3040 2220 2460 2720 3041 2221 2461 2721 
5295 3041 2221 2461 2721 3042 2222 2462 2722 
5296 3042 2222 2462 2722 3043 2223 2463 2723 
5297 3043 2223 2463 2723 3044 2224 2464 2724 
5298 3044 2224 2464 2724 3045 2225 2465 2725 
5299 3045 2225 2465 2725 3046 2226 2466 2726 
5300 3046 2226 2466 2726 3047 2227 2467 2727 
5301 3047 2227 2467 2727 3048 2228 2468 2728 
5302 3048 2228 2468 2728 3049 2229 2469 2729 
5303 3049 2229 2469 2729 3050 2230 2470 2730 
5304 3050 2230 2470 2730 3051 2231 2471 2731 
5305 3051 2231 2471 2731 3052 2232 2472 2732 
5306 3052 2232 2472 2732 676 635 647 660 
5307 210 76 118 198 3913 1233 2073 3673 
5308 3913 1233 2073 3673 3914 1234 2074 3674 
5309 3914 1234 2074 3674 3915 1235 2075 3675 
5310 3915 1235 2075 3675 3916 1236 2076 3676 
5311 3916 1236 2076 3676 3917 1237 2077 3677 
5312 3917 1237 2077 3677 3918 1238 2078 3678 
5313 3918 1238 2078 3678 3919 1239 2079 3679 
5314 3919 1239 2079 3679 3920 1240 2080 3680 
5315 3920 1240 2080 3680 3921 1241 2081 3681 
5316 3921 1241 2081 3681 3922 1242 2082 3682 
5317 3922 1242 2082 3682 3923 1243 2083 3683 
5318 3923 1243 2083 3683 3924 1244 2084 3684 
5319 3924 1244 2084 3684 3925 1245 2085 3685 
5320 3925 1245 2085 3685 3926 1246 2086 3686 
5321 3926 1246 2086 3686 3927 1247 2087 3687 
5322 3927 1247 2087 3687 3928 1248 2088 3688 
5323 3928 1248 2088 3688 3929 1249 2089 3689 
5324 3929 1249 2089 3689 3930 1250 2090 3690 
5325 3930 1250 2090 3690 3931 1251 2091 3691 
5326 3931 1251 2091 3691 3932 1252 2092 3692 
5327 3932 1252 2092 3692 720 586 628 708 
$EndElements
